scenario,pi1,rep,scheme,d1,r1,ok,n_with_fail_b,n_cross_c,a0,a1,lam,q,log_xi,se,lo,hi,log_xi_true
S1-connector,0.5,16,a,0,10,1,9,8,1.7413139874692742,0.9523743686731378,5235.435349050537,0.10315833841839632,15.911810773300106,,,,11.692740998710773
S1-connector,0.5,16,b,0,10,1,9,8,-1.2291529284798857,1.4988161748139432,3.2084016601126555,0.3921984075452981,11.708714394817436,15.438980906020536,-18.551132138984386,41.96856092861926,11.692740998710773
S1-connector,0.5,16,c,0,10,1,9,8,-2.132055875353127,1.6646311405250627,0.38936504785161735,0.4779065262006262,11.485065947762607,2.057246589580374,7.45293672486722,15.517195170657994,11.692740998710773
S1-connector,0.5,17,a,0,10,1,9,10,-9.02937720820617,10.424551162559801,8.398788268267891,0.5022659966293489,24.748967674742097,23.071661876871513,-20.470658667411854,69.96859401689605,11.692740998710773
S1-connector,0.5,17,b,0,10,1,9,10,-7.564704859355467,3.760529616981552,0.0001234098040921298,0.9246722289799005,11.84742306104294,882.452148253838,-1717.7270055964798,1741.4218517185657,11.692740998710773
S1-connector,0.5,17,c,0,10,1,9,10,-2.1844218871235523,1.7989078962563254,0.32377406587922614,0.48383172231514376,11.448909633091134,1.9401801650425794,7.6462263860887,15.251592880093568,11.692740998710773
S1-connector,0.5,18,a,0,10,1,9,9,-2.135587019167107,1.28667723610906,0.6390019316585991,0.39642810314770094,13.879430013080745,,,,11.692740998710773
S1-connector,0.5,18,b,0,10,1,9,9,-11.999580099134342,8.452396532957103,0.00012341274751352037,0.9103036491132077,16.918143779044158,,,,11.692740998710773
S1-connector,0.5,18,c,0,10,1,9,9,-1.3346432388195666,1.888083148872599,3.240537674004407,0.3638492791271098,12.921904237614818,3.061315293265321,6.921836517493116,18.92197195773652,11.692740998710773
S1-connector,0.5,19,a,0,10,1,7,10,-1.458031548193068,3.5309388637317705,508.4809146664489,0.24276003066425506,20.006647882459944,,,,11.692740998710773
S1-connector,0.5,19,b,0,10,1,7,10,-2.3247887841311634,2.4970422511806785,0.5769329280413854,0.4147093831788465,13.734580328479089,16.13157885473383,-17.882733240567113,45.351893897525294,11.692740998710773
S1-connector,0.5,19,c,0,10,1,7,10,-2.1427047187366015,2.0457183135504233,0.6147714842647874,0.44395935519288404,12.408543381167446,2.607731763750985,7.297483042874402,17.51960371946049,11.692740998710773
S1-connector,0.5,24,a,0,10,1,9,8,-6.112825323589547,10.594336160208265,2720.5672107544938,0.14233394665828833,66.84289303883276,,,,11.692740998710773
S1-connector,0.5,24,b,0,10,1,9,8,-7.63550703401707,3.979297329923962,0.0001234098046471517,0.9040011591026921,12.197475094198522,410.4986240767772,-792.3650437995316,816.7599939879285,11.692740998710773
S1-connector,0.5,24,c,0,10,1,9,8,-1.434681915282932,1.3515581318233556,0.8812215432504192,0.4317209763704577,11.063903417180793,2.2096073622707118,6.73315256715565,15.394654267205937,11.692740998710773
S1-connector,0.5,25,a,0,10,1,9,9,-4.1810272542968026,6.9164320558898105,497.5637121800839,0.25272455869873794,30.001296144008105,426.70964567638583,-806.3342412375557,866.3368335255718,11.692740998710773
S1-connector,0.5,25,b,0,10,1,9,9,-9.609727988303248,6.8277909512635,0.0001234098041571526,0.8636385276427279,15.063608509168555,55.45149993501098,-93.6193342521781,123.74655127051523,11.692740998710773
S1-connector,0.5,25,c,0,10,1,9,9,-2.0329560039027363,1.9870516838516887,0.61320179114315,0.4425073732210036,12.191953403414216,2.3005153892822117,7.6830260945409385,16.700880712287493,11.692740998710773
S1-connector,0.5,26,a,0,10,1,8,10,1.3080335956495208,1.518300082074334,6417.410022420595,0.1040722037224609,20.00880343561577,,,,11.692740998710773
S1-connector,0.5,26,b,0,10,1,8,10,-3.4866098721360865,2.8889238584313297,0.07901724727483667,0.5239219835222899,13.098007040570009,10.956742307580845,-8.37681327017473,34.57282735131475,11.692740998710773
S1-connector,0.5,26,c,0,10,1,8,10,-1.8672613208970381,1.699875595563363,0.613031261305455,0.4499274023896315,11.606936227007562,2.298222152066506,7.102503580485075,16.11136887353005,11.692740998710773
S1-connector,0.5,27,a,0,10,1,10,7,-2.0528745335971865,1.2737824997119565,0.645735531730829,0.36784309478676985,14.725566119798863,,,,11.692740998710773
S1-connector,0.5,27,b,0,10,1,10,7,-9.20168207202859,11.355681799602927,2019.4192548005187,0.1643328879663061,76.6911546706189,,,,11.692740998710773
S1-connector,0.5,27,c,0,10,1,10,7,-1.4282380975948141,1.8121782560970707,2.707267255824811,0.3746500780271652,12.799534456785894,2.9732016930357092,6.972166219662391,18.626902693909397,11.692740998710773
S1-connector,0.5,4,a,0,10,1,8,9,-4.786512561871584,9.545383341420337,8103.0832455626405,0.08445431050122736,96.94813933346411,1804.0217377623355,-3438.8694940080754,3632.7657726750035,11.692740998710773
S1-connector,0.5,4,b,0,10,1,8,9,-2.1890411455286145,1.6973776507438487,0.247058494111184,0.48640233004711253,11.384631066787607,7.732195653696486,-3.770193935874646,26.539456069449862,11.692740998710773
S1-connector,0.5,4,c,0,10,1,8,9,-1.2037610510577785,1.3112459919342565,1.4972218704784368,0.40656315241695024,11.185441299221546,2.295043730912739,6.687238243688142,15.68364435475495,11.692740998710773
S1-connector,0.5,5,a,0,10,1,10,9,-2.4500267793923385,6.258150064533962,7055.743575334981,0.11485732160138948,50.941321934303325,,,,11.692740998710773
S1-connector,0.5,5,b,0,10,1,10,9,-6.666169860156532,2.9131790014519443,0.00012340980418885572,0.9242192421395706,10.86381887734636,987.0543255638215,-1923.727110012217,1945.4547477669098,11.692740998710773
S1-connector,0.5,5,c,0,10,1,10,9,-1.7106095067725566,1.2319117139319367,0.32534827807875594,0.48593934523619375,10.36688431111699,2.095852690414117,6.259088521003946,14.474680101230035,11.692740998710773
S1-connector,0.5,6,a,0,10,1,8,7,1.5242501721128585,0.6552097775488317,1012.2522268864425,0.15603274217396262,11.812782696833313,68.97236178686347,-123.37056233408579,146.99612772775242,11.692740998710773
S1-connector,0.5,6,b,0,10,1,8,7,-2.0817686716656674,1.7756950186374025,0.4391068166775355,0.46693962417586055,11.648048629787494,8.657865425103825,-5.321055786410566,28.617153045985553,11.692740998710773
S1-connector,0.5,6,c,0,10,1,8,7,-1.749415359479765,1.6563017911666487,0.7991708250748447,0.43574868411555207,11.71571636676,2.209087687639739,7.385984060295243,16.045448673224758,11.692740998710773
S1-connector,0.5,7,a,0,10,1,9,7,1.109148775857909,1.914993750882184,8102.99915638337,0.08965732815154338,25.476648102460775,,,,11.692740998710773
S1-connector,0.5,7,b,0,10,1,9,7,-6.9789541673593085,3.165744913716325,0.00012340980411015362,0.9019672899013634,11.48659977426367,843.3661933315874,-1641.480764934292,1664.4539644828192,11.692740998710773
S1-connector,0.5,7,c,0,10,1,9,7,-1.7470279071164498,1.445890548433011,0.4435688222570964,0.45755986965030804,11.117679511890218,1.9696906205249902,7.257156834974887,14.97820218880555,11.692740998710773
S1-connector,0.5,40,a,0,10,1,9,10,0.6232799841281247,0.9195247590192557,237.54771239431975,0.23749748105741283,11.577408116581521,62.16761197840652,-110.26887236595611,133.42368859911915,11.692740998710773
S1-connector,0.5,40,b,0,10,1,9,10,-6.0876067857260505,2.565267578430661,0.00043902640694843255,0.8651325115495095,10.93872517326962,214.15741448623322,-408.8020942419639,430.6795445885032,11.692740998710773
S1-connector,0.5,40,c,0,10,1,9,10,-2.4147029203013064,1.8983654772429999,0.28069303749230273,0.49351512798556324,11.704653851340074,2.0419233681696376,7.7025575905368635,15.706750112143286,11.692740998710773
S1-connector,0.5,41,a,0,10,1,9,7,1.3632123328838044,1.5726760884721522,5178.202061863419,0.09194978580140527,22.025889662317255,2084.597192153893,-4063.7095292326358,4107.76130855727,11.692740998710773
S1-connector,0.5,41,b,0,10,1,9,7,0.23565080445095246,1.208035449557201,44.723720834245626,0.25194049344310143,12.388901838470414,27.94658527949448,-42.38539880021601,67.16320247715684,11.692740998710773
S1-connector,0.5,41,c,0,10,1,9,7,-1.1603989810563229,1.9466989309913418,5.4953872661975725,0.33046863430125084,13.708777265395636,2.8805118308912148,8.063077819807324,19.354476710983946,11.692740998710773
S1-connector,0.5,42,a,0,10,1,7,8,-5.340274396019865,9.82575224713841,3855.9611911393044,0.12651271839857342,69.09545397904424,679.2032807731574,-1262.1185145177906,1400.3094224758788,11.692740998710773
S1-connector,0.5,42,b,0,10,1,7,8,-1.1245153836409698,0.5186032483135792,0.6313352853585038,0.48398003552040597,9.153479786380423,5.651889290579925,-1.9240196677638668,20.23097924052471,11.692740998710773
S1-connector,0.5,42,c,0,10,1,7,8,-1.936715848897045,1.9769288984114761,0.7098867789653479,0.43755896009986023,12.107802746209773,2.226729052757137,7.743493999476794,16.47211149294275,11.692740998710773
S1-connector,0.5,43,a,0,10,1,8,8,-2.1721770183996023,1.281883922941668,0.6139045562123837,0.3954045032523303,14.009334594207319,,,,11.692740998710773
S1-connector,0.5,43,b,0,10,1,8,8,-8.10569148987374,10.709134711329888,8103.083900142308,0.10312047859635826,111.586837490122,,,,11.692740998710773
S1-connector,0.5,43,c,0,10,1,8,8,-1.5064935523460439,2.1070403064482006,2.504852110337644,0.36069583250956877,13.515318115326265,3.704932241443873,6.253784356935018,20.77685187371751,11.692740998710773
S1-connector,0.5,8,a,0,10,1,9,9,0.8890258946474674,1.1642311045540306,738.7132923960658,0.18437593588126733,13.511681832033165,54.151241370196196,-92.62280097168679,119.64616463575311,11.692740998710773
S1-connector,0.5,8,b,0,10,1,9,9,-2.3335284838411416,2.0279499187277743,0.47968000099744645,0.4745210065232902,12.01627218845258,8.299743963944373,-4.250927061782095,28.283471438687258,11.692740998710773
S1-connector,0.5,8,c,0,10,1,9,9,-1.7785247265473898,1.732524140764495,0.6912087777069928,0.4387709267329955,11.696756366303891,2.4952453833792885,6.806165282290646,16.587347450317136,11.692740998710773
S1-connector,0.5,9,a,0,10,1,6,7,-3.910636248363488,-0.5790731749247959,0.00012340980455346283,0.9067516910633939,7.601942825293322,25779.07057655945,-50518.44794214744,50533.65182779802,11.692740998710773
S1-connector,0.5,9,b,0,10,1,6,7,-3.8847720551145954,0.9405585161036826,0.0017689602536279702,0.7642358865192407,9.384139349629923,317.1508725376696,-612.2201484896558,630.9884271889156,11.692740998710773
S1-connector,0.5,9,c,0,10,1,6,7,-1.8593012615967677,1.4320866481428143,0.4860880782236092,0.4776427919232123,10.904016369555732,1.662771379321241,7.645044351562111,14.162988387549353,11.692740998710773
S1-connector,0.5,10,a,0,10,1,9,9,-2.2239386423480516,1.325716062796442,0.6114784930842538,0.4149946180202012,13.476723195571571,,,,11.692740998710773
S1-connector,0.5,10,b,0,10,1,9,9,-11.996492164985188,7.669390802243113,0.00012340980409930312,0.9743651478995692,15.80265849552482,28.600928327057428,-40.25413094991916,71.85944794096879,11.692740998710773
S1-connector,0.5,10,c,0,10,1,9,9,-1.917940580875385,2.542635447540736,3.2640757181905973,0.35795219318783683,14.80676047997386,3.533221568325812,7.881773456655143,21.731747503292578,11.692740998710773
S1-connector,0.5,11,a,0,10,1,8,7,-4.803937227951787,9.807597060907222,8103.083331679012,0.06167913495549775,133.02899446157625,,,,11.692740998710773
S1-connector,0.5,11,b,0,10,1,8,7,2.2120419790661954,0.45339741871156947,2265.51648694674,0.09253829043066197,12.365225004384941,81.86573473523207,-148.0886666445796,172.81911665334948,11.692740998710773
S1-connector,0.5,11,c,0,10,1,8,7,-1.391901140287601,1.5985597979414843,1.4631891301262898,0.40110443699289633,11.829876294549925,2.441933591430788,7.043774402707033,16.615978186392816,11.692740998710773
S1-connector,0.5,44,a,0,10,1,9,10,-0.3524247076231595,4.20235332866546,7949.898029092316,0.050000000140400146,75.0355464906754,,,,11.692740998710773
S1-connector,0.5,44,b,0,10,1,9,10,1.6613654092339796,0.8745289524354736,624.8820250505398,0.11240350391169512,15.039944710155297,105.0267683084986,-190.8087385871347,220.88862800744528,11.692740998710773
S1-connector,0.5,44,c,0,10,1,9,10,-1.6218820485327006,1.744072909913954,1.193564391049817,0.4165976036035766,11.955851077655417,2.512693563174077,7.0310621896486065,16.880639965662226,11.692740998710773
S1-connector,0.5,45,a,0,10,1,8,7,-0.7238106056206703,4.29726953803949,8102.1604064997755,0.08659108910654965,47.623232052639665,,,,11.692740998710773
S1-connector,0.5,45,b,0,10,1,8,7,-3.1733430991713094,2.3620021605421746,0.09965195720858414,0.5320067514047115,12.299679944948862,15.348398162251986,-17.78262767344578,42.38198756334351,11.692740998710773
S1-connector,0.5,45,c,0,10,1,8,7,-2.1332534121325617,1.4103543072536602,0.24026613415549763,0.5037409767941289,10.874470924954437,1.9740072262501727,7.005487856282288,14.743453993626586,11.692740998710773
S1-connector,0.5,46,a,0,10,1,8,8,3.0444974178803275,-0.2473289264965039,8103.083860430472,0.06350495632849622,4.757480189753724,,,,11.692740998710773
S1-connector,0.5,46,b,0,10,1,8,8,1.0777910785035085,0.5594806391984629,51.19708314464857,0.2189586460890469,10.172530641289384,20.17366503014152,-29.367126253963143,49.71218753654191,11.692740998710773
S1-connector,0.5,46,c,0,10,1,8,8,-1.849820054175409,1.329032146074413,0.293478427420229,0.493608611805744,10.50043852120765,1.8516987104768916,6.871175738453681,14.12970130396162,11.692740998710773
S1-connector,0.5,47,a,0,10,1,9,10,-2.6581231000171037,1.8136791021192105,2.9500630930657343,0.542270612446306,11.156374171220214,11.849888862558036,-12.068981220195841,34.38172956263627,11.692740998710773
S1-connector,0.5,47,b,0,10,1,9,10,-6.763794694349421,2.5582734323668133,0.00012340983440185135,0.9433133485048124,10.750053974351525,1005.7435361867126,-1960.4710546355618,1981.9711625842647,11.692740998710773
S1-connector,0.5,47,c,0,10,1,9,10,-2.1250770203884,2.006372738923761,0.7258252561574742,0.44959937549965284,12.21860606843856,2.339532788900756,7.633206061542528,16.80400607533459,11.692740998710773
S1-connector,0.5,52,a,0,10,1,9,10,-3.6415669964487623,5.2991225004707285,160.72484373896944,0.3381027270297281,20.82881936327897,158.96895092441275,-290.74459910868535,332.4022378352433,11.692740998710773
S1-connector,0.5,52,b,0,10,1,9,10,-7.425518747301106,3.6188345101789485,0.00012340980412820768,0.9121250259506601,11.856013206215419,654.3795355017917,-1270.704308597346,1294.416335009777,11.692740998710773
S1-connector,0.5,52,c,0,10,1,9,10,-1.9359608219298545,2.015789224346419,0.8124607671762873,0.4265812145741119,12.423675262438021,2.335851800452053,7.845489860328956,17.001860664547085,11.692740998710773
S1-connector,0.5,53,a,0,10,1,8,10,-11.993187648007162,9.824142204968298,0.00012340980520354945,0.9035271486696417,17.037954817448995,46.4084797507567,-73.92099407129052,107.9969037061885,11.692740998710773
S1-connector,0.5,53,b,0,10,1,8,10,-7.033942499942276,3.7714594887615456,0.00012340980443461478,0.8718453431297168,11.947732577787601,463.1915081836064,-895.8909414068706,919.7864065624459,11.692740998710773
S1-connector,0.5,53,c,0,10,1,8,10,-2.121732274143156,1.6192129325516862,0.305556024126028,0.4994475365095418,10.956537717230367,1.9204505419694915,7.192523820879735,14.720551613580998,11.692740998710773
S1-connector,0.5,54,a,0,10,1,9,10,3.918135097229083,-1.3522131284060177,8103.083734387169,0.05777489559077694,-11.2091018341469,,,,11.692740998710773
S1-connector,0.5,54,b,0,10,1,9,10,1.186707130389342,0.9553476117623645,239.55641753270945,0.15998210569165927,13.5325583756979,61.068481370296304,-106.1594657006381,133.2245824520339,11.692740998710773
S1-connector,0.5,54,c,0,10,1,9,10,-2.289608568013459,1.878752357994765,0.3122007492490725,0.4793084680533555,11.784450339090444,2.018265610310057,7.82872243164698,15.740178246533908,11.692740998710773
S1-connector,0.5,55,a,0,10,1,10,9,2.710779775047474,-0.14956124405607069,7948.220683812344,0.09069551660218801,7.177263470270552,,,,11.692740998710773
S1-connector,0.5,55,b,0,10,1,10,9,-6.0651347930632,3.9666141135532698,0.0032485722158659244,0.7234549300779882,13.071717157745871,20.590513161312703,-27.284947061624997,53.42838137711674,11.692740998710773
S1-connector,0.5,55,c,0,10,1,10,9,-1.791663971794387,1.7604585190183215,0.8213062205781647,0.4354260076650919,11.827108264245455,2.327015672341561,7.266241354995736,16.387975173495175,11.692740998710773
S1-connector,0.5,32,a,0,10,1,9,9,-7.269572771627733,11.559551317743606,396.18806836657245,0.18902945838559132,56.450259436229665,,,,11.692740998710773
S1-connector,0.5,32,b,0,10,1,9,9,-2.0945269302550806,1.8376204502487292,0.5140688435869262,0.46342684474476264,11.772183327251332,10.297734800130657,-8.411006003349529,31.955372657852195,11.692740998710773
S1-connector,0.5,32,c,0,10,1,9,9,-2.107741929963179,1.7618728028276989,0.36979183904049895,0.4759657375642999,11.4760148151518,1.965402694648175,7.623896318523403,15.328133311780196,11.692740998710773
S1-connector,0.5,33,a,0,10,1,9,9,-4.141223758947817,8.83951676373971,8103.083634359483,0.07128187868199863,105.81062035681988,,,,11.692740998710773
S1-connector,0.5,33,b,0,10,1,9,9,1.3046033282282705,0.900201595502126,415.22178164137426,0.1530926275932463,13.418479069296222,77.79391527458093,-139.05479308524278,165.8917512238352,11.692740998710773
S1-connector,0.5,33,c,0,10,1,9,9,-1.263124661227412,1.7763717774162606,3.1022202878860687,0.3645858581512369,12.69045469931126,2.721102389418324,7.357192017805461,18.02371738081706,11.692740998710773
S1-connector,0.5,34,a,0,10,1,8,9,3.9758840638086443,-1.6621261309902753,8103.082673265082,0.08311183054033992,-8.580122064521012,107.62318351920511,-219.51768566370774,202.3574415346657,11.692740998710773
S1-connector,0.5,34,b,0,10,1,8,9,-0.14507057352024572,0.7967077285331994,6.994106168522072,0.3377150096711083,10.274228410034771,11.14793677003692,-11.57532616116737,32.123782981236914,11.692740998710773
S1-connector,0.5,34,c,0,10,1,8,9,-2.288400127727077,1.9527468859281507,0.3880514762369851,0.47836307753278684,11.814253728554913,2.147806619495289,7.604630108587423,16.023877348522404,11.692740998710773
S1-connector,0.5,35,a,0,10,1,9,10,-7.16065169153762,11.999701633322871,3920.10176940055,0.13869528112447424,76.1514457131037,668.1063461457737,-1233.3129305752636,1385.6158220014709,11.692740998710773
S1-connector,0.5,35,b,0,10,1,9,10,-7.039911297431846,3.314523340618255,0.00012340980457581846,0.904177333849798,11.5272235799173,802.8075851149048,-1561.94672976087,1585.0011769207047,11.692740998710773
S1-connector,0.5,35,c,0,10,1,9,10,-1.6611028420254978,1.9546704113233209,1.4591268015590027,0.3998715795953518,12.567817486532054,2.6153630164847805,7.441800167723848,17.69383480534026,11.692740998710773
S1-connector,0.5,28,a,0,10,1,8,10,-0.7669180319442619,3.5676984182085842,2297.2077876540206,0.15992355447940867,26.04899658325314,125.85943376112581,-220.630960703158,272.7289538696643,11.692740998710773
S1-connector,0.5,28,b,0,10,1,8,10,-6.949508542370939,3.1884075471191324,0.00012340981014749734,0.904553804081857,11.420553951626545,961.2475813075971,-1872.590085637501,1895.431193540754,11.692740998710773
S1-connector,0.5,28,c,0,10,1,8,10,-2.0672584135322545,1.6302186553487394,0.41294771442707534,0.48131681399151194,11.265737174355593,2.0571364387772353,7.233823843067226,15.29765050564396,11.692740998710773
S1-connector,0.5,29,a,0,10,1,8,10,-1.2344620069987524,4.906690026913111,8102.905447743581,0.09239277164735431,50.16521243762588,,,,11.692740998710773
S1-connector,0.5,29,b,0,10,1,8,10,-1.274083171710505,1.780219429685213,2.2839824847926726,0.3715025853490811,12.468237729046505,13.674255053542634,-14.332809691311885,39.269285149404894,11.692740998710773
S1-connector,0.5,29,c,0,10,1,8,10,-1.8643283025737565,1.4900904045666148,0.40446507986956304,0.47321853966797234,11.00655973642887,2.163676709765302,6.765831311100754,15.247288161756984,11.692740998710773
S1-connector,0.5,30,a,0,10,1,8,8,3.911986329281296,-1.6562975485471596,8103.083854294222,0.09127739912858464,-7.018780955322046,67.84455209628514,-139.99165961129236,125.95409770064826,11.692740998710773
S1-connector,0.5,30,b,0,10,1,8,8,2.3020666464318893,0.13722214568517355,2491.697753183214,0.11590505321985953,9.078860169837228,29.154236969209045,-48.06239428655868,66.22011462623314,11.692740998710773
S1-connector,0.5,30,c,0,10,1,8,8,-1.566634833591229,1.0828361864658391,0.4216062956908929,0.47534414407878467,10.292813452472945,1.7690786681450017,6.8254829770906555,13.760143927855236,11.692740998710773
S1-connector,0.5,31,a,0,10,1,10,10,1.3386352780116315,0.22956884762095398,836.7226381868868,0.21843020744250433,9.301432976319628,95.61803799640121,-178.1064777690092,196.70934372164845,11.692740998710773
S1-connector,0.5,31,b,0,10,1,10,10,-6.966118923607562,2.733563713951149,0.0001234098041049649,0.9542786636192874,10.84321493387545,604.8441991270463,-1174.6296316131081,1196.3160614808592,11.692740998710773
S1-connector,0.5,31,c,0,10,1,10,10,-1.844246928707418,1.6374927130261785,0.6138467194985957,0.45119077433680177,11.52111485891107,2.0568679753098165,7.489727706350008,15.55250201147213,11.692740998710773
S1-connector,0.5,12,a,1,9,1,8,7,-4.257914998667182,0.5593696855322533,0.0001234098127649152,0.8267769433486711,8.904625959447596,15615.752815765336,-30597.40848442055,30615.217736339444,11.692740998710773
S1-connector,0.5,12,b,1,9,1,8,7,0.7970429888426814,1.040629662971455,64.81068567113235,0.20205525611087938,12.569204869114,41.20311791038452,-68.1874222859969,93.32583202422491,11.692740998710773
S1-connector,0.5,12,c,1,9,1,8,7,-1.1102341130574063,1.6183953012741596,2.5175158293977677,0.37044669387379625,12.047210208322296,2.9035753768850934,6.356307043230199,17.738113373414393,11.692740998710773
S1-connector,0.5,13,a,0,10,1,6,10,-2.6971915674846088,4.43757830660164,245.74656186995233,0.30898813446620105,19.73338897373729,48.85945527518889,-76.0293836698785,115.49616161735308,11.692740998710773
S1-connector,0.5,13,b,0,10,1,6,10,-5.549475700027202,1.4856566443901975,0.00012340980412785583,0.9059652574180932,9.789310509100565,3881.101778267632,-7597.030395229817,7616.609016248019,11.692740998710773
S1-connector,0.5,13,c,0,10,1,6,10,-1.824060044802995,1.8050517623729894,0.7761623799625041,0.43484841973235905,11.91772500391177,2.2049508824368793,7.596100686655675,16.239349321167865,11.692740998710773
S1-connector,0.5,14,a,0,10,1,7,8,-5.873304882375814,11.0621160202545,8103.083390160277,0.07109268465533324,130.45638937141834,,,,11.692740998710773
S1-connector,0.5,14,b,0,10,1,7,8,1.62440338378262,0.5924939880451783,657.3578456847083,0.14551133461715987,11.892412123267427,75.42295516965711,-135.9338636168396,159.71868786337447,11.692740998710773
S1-connector,0.5,14,c,0,10,1,7,8,-1.8055152892131348,2.2423137144043297,2.0664016170745767,0.38242136776712926,13.545153530259388,2.709796582955002,8.234049822237878,18.856257238280897,11.692740998710773
S1-connector,0.5,15,a,0,10,1,10,9,-6.402645038991455,11.444093814956698,2830.0589491650994,0.09873693957934025,99.29247527641388,,,,11.692740998710773
S1-connector,0.5,15,b,0,10,1,10,9,2.499557463667587,0.3294783449420109,8101.401548051378,0.0727779207065535,11.953988850527066,104.98633500676394,-193.81544663158695,217.72342433264106,11.692740998710773
S1-connector,0.5,15,c,0,10,1,10,9,-2.3806785038930114,2.183301162425712,0.4753513032482511,0.4640670402333913,12.391506991746322,2.305624376028525,7.872566252852778,16.910447730639866,11.692740998710773
S1-connector,0.5,48,a,0,10,1,8,10,-2.0215862841020615,5.799336624797242,8103.0364035628545,0.10424079033437487,52.018402655971826,339.74450415708714,-613.8685894373376,717.9053947492813,11.692740998710773
S1-connector,0.5,48,b,0,10,1,8,10,-6.207962877437852,2.313632263673571,0.000123409870494115,0.9067809380017225,10.550242171223319,1583.966083135173,-3093.966233506693,3115.06671784914,11.692740998710773
S1-connector,0.5,48,c,0,10,1,8,10,-2.425925598021392,1.6349676177328885,0.20034712676827163,0.5252518518351592,11.00599455818733,1.7731379191783803,7.530708096975411,14.48128101939925,11.692740998710773
S1-connector,0.5,49,a,0,10,1,9,9,-4.011926306410782,8.291404326998492,3295.0653100172963,0.10889999136539213,68.07208911657331,618.4798856596351,-1144.126211938762,1280.2703901719087,11.692740998710773
S1-connector,0.5,49,b,0,10,1,9,9,0.6529085322787922,0.7659756658986164,66.37354963068837,0.24791018550474905,10.863297483831579,30.24738600256478,-48.420489707676346,70.1470846753395,11.692740998710773
S1-connector,0.5,49,c,0,10,1,9,9,-1.8018568632982443,1.0946713235853602,0.2911070736648596,0.5038312690737804,10.184995112512054,1.7340474840716256,6.7863244962493745,13.583665728774733,11.692740998710773
S1-connector,0.5,50,a,0,10,1,10,9,-1.167792805362014,2.7019540084184577,270.6166707962766,0.2847860709340214,16.02805222010254,,,,11.692740998710773
S1-connector,0.5,50,b,0,10,1,10,9,-7.8317434648475714,3.872118856072306,0.00012340980413240354,0.9428724007192116,11.904665618863831,490.6285291046772,-949.7095812141652,973.5189124518929,11.692740998710773
S1-connector,0.5,50,c,0,10,1,10,9,-1.4308283765664442,1.7371633785676388,1.9058516390929796,0.39330041677490185,12.182806504579625,2.678419838976446,6.93320008470822,17.43241292445103,11.692740998710773
S1-connector,0.5,51,a,0,10,1,9,9,-2.4702577925846914,5.998860060935584,3506.0547466605394,0.13583022966315736,43.22396446443811,,,,11.692740998710773
S1-connector,0.5,51,b,0,10,1,9,9,-6.727686724907414,2.566183566730019,0.000158895607369992,0.9354833477443276,10.803677676384956,605.2538419633108,-1175.4720540762019,1197.0794094289718,11.692740998710773
S1-connector,0.5,51,c,0,10,1,9,9,-1.8268339388809491,1.6601504380493175,0.6973225544066141,0.45025207373167897,11.511208978242546,2.0408703950709994,7.511176506789356,15.511241449695737,11.692740998710773
S1-connector,0.5,20,a,0,10,1,8,9,2.0806551450642705,0.7886435930366125,8103.083368633451,0.07997820489289262,16.25096806539173,156.60536055096787,-290.689898400415,323.19183453119854,11.692740998710773
S1-connector,0.5,20,b,0,10,1,8,9,0.6207124580835157,0.8462634597457416,60.14540694928475,0.24036008709766538,11.334529910786795,25.494065188264873,-38.63291967772871,61.301979499302305,11.692740998710773
S1-connector,0.5,20,c,0,10,1,8,9,-1.8065079440773077,1.840161773432931,0.9172591155044041,0.42816932380340056,12.069026463601734,2.27268964521583,7.614636610941594,16.523416316261873,11.692740998710773
S1-connector,0.5,21,a,0,10,1,8,8,-5.912170174984278,8.390928584336349,49.23865023859867,0.3221065709889373,28.913652049896577,,,,11.692740998710773
S1-connector,0.5,21,b,0,10,1,8,8,-7.528376644773907,4.1498929657190295,0.00012340980415419443,0.8877873106894629,12.298273225103873,382.71225716580375,-737.8039672619027,762.4005137121105,11.692740998710773
S1-connector,0.5,21,c,0,10,1,8,8,-1.973387962142335,1.5582567460422725,0.4200953180534852,0.4776090758917181,11.14806622754045,1.7966607477542913,7.626675869505236,14.669456585575665,11.692740998710773
S1-connector,0.5,22,a,0,10,1,9,7,0.8770497875564749,2.349260219440793,8103.0837674901,0.07964498329876334,31.614037658487458,,,,11.692740998710773
S1-connector,0.5,22,b,0,10,1,9,7,1.4076342961953818,0.6069776507786184,356.2922722246956,0.1749473712515534,11.105717568987554,32.134132162753346,-51.876024144459194,74.08745928243431,11.692740998710773
S1-connector,0.5,22,c,0,10,1,9,7,-1.5514218061706346,1.357389045326574,0.7314763705311376,0.44777769475643553,10.93096925479102,2.1599541643707743,6.697536884366994,15.164401625215046,11.692740998710773
S1-connector,0.5,23,a,0,10,1,9,8,-11.251513283400989,8.596220761812003,0.00012340980519153204,0.9291654099248435,15.769460380763617,48.68493725644669,-79.65126323146416,111.1901839929914,11.692740998710773
S1-connector,0.5,23,b,0,10,1,9,8,-0.8356019019743472,0.9241919019764688,3.7683779593474265,0.410166279462022,10.202061079527027,8.503060982553295,-6.4636322046251955,26.86775436367925,11.692740998710773
S1-connector,0.5,23,c,0,10,1,9,8,-0.949733422734349,1.19560340069619,1.7607253600841233,0.3951896293644006,10.837154969256403,2.5429144724075208,5.85313418757199,15.821175750940817,11.692740998710773
S1-connector,0.5,0,a,0,10,1,9,7,-0.03492329575270711,3.5022353941062265,8103.083584766535,0.07821766404491783,43.8981483865154,,,,11.692740998710773
S1-connector,0.5,0,b,0,10,1,9,7,1.019303477001532,0.9864562537998884,263.01296413679006,0.17852822325502685,13.117895324225099,54.81182767026145,-94.31131283630332,120.54710348475352,11.692740998710773
S1-connector,0.5,0,c,0,10,1,9,7,-1.7938804099051073,1.8951852027456928,1.030620927657441,0.41722699631506793,12.359576147723793,2.343935411182182,7.765547159718633,16.953605135728953,11.692740998710773
S1-connector,0.5,1,a,0,10,1,9,8,2.1631589699906266,0.9057654058012786,8103.083849829631,0.05891046815261527,20.631800244588756,,,,11.692740998710773
S1-connector,0.5,1,b,0,10,1,9,8,2.4759136826611075,0.34535031804575866,5030.545145748004,0.07286243418149338,12.160641370774954,85.4818741749532,-155.38075334311787,179.70203608466778,11.692740998710773
S1-connector,0.5,1,c,0,10,1,9,8,-2.574686793470052,1.576580973249826,0.09680289756486488,0.5474537397722674,10.811150219779131,2.10717783844053,6.681157547414732,14.941142892143532,11.692740998710773
S1-connector,0.5,2,a,0,10,1,10,6,3.4513056759528347,-1.042998136500325,8103.0833250197875,0.08541094679331106,-1.5462906209132694,,,,11.692740998710773
S1-connector,0.5,2,b,0,10,1,10,6,-4.888533176722265,2.972511936685212,0.009062239195011264,0.6796051451628561,12.170621599963088,18.685346203485487,-24.4519839975307,48.79322719745687,11.692740998710773
S1-connector,0.5,2,c,0,10,1,10,6,-1.9179152466459064,1.9218390562886367,0.9078919020053332,0.427470024365791,12.358851576019697,2.281618808813214,7.886960884296618,16.830742267742778,11.692740998710773
S1-connector,0.5,3,a,0,10,1,9,9,3.8322028729873163,-1.519357918354646,8103.078974667792,0.08427475311423646,-6.537264649399133,,,,11.692740998710773
S1-connector,0.5,3,b,0,10,1,9,9,-6.856306368931625,2.918516314139091,0.00012340980737881915,0.9130249664125327,11.210350815163787,796.0853619985785,-1549.0882873215814,1571.508988951909,11.692740998710773
S1-connector,0.5,3,c,0,10,1,9,9,-2.9164225483451744,2.5184633808084422,0.29355696865224284,0.49289578890803604,12.769932438967476,2.1865323362901132,8.484407808806633,17.05545706912832,11.692740998710773
S1-connector,0.5,36,a,0,10,1,8,7,-3.359575773062712,7.523972538333574,6720.017115415017,0.10066950393245085,67.15712013916372,,,,11.692740998710773
S1-connector,0.5,36,b,0,10,1,8,7,-6.76949864522631,2.8824353945929464,0.00012340980434854512,0.9033532876587652,11.232052654601716,3013.6265242746254,-5895.367397778286,5917.83150308749,11.692740998710773
S1-connector,0.5,36,c,0,10,1,8,7,-1.4416948567394487,1.7196857624445188,1.7683449687202297,0.38829933277170997,12.364888974263048,2.7588101313323423,6.95772047666744,17.772057471858655,11.692740998710773
S1-connector,0.5,37,a,0,10,1,9,10,-2.0805415112643697,1.1857741090150729,0.5899280985506187,0.41680363190213543,13.06059639849784,,,,11.692740998710773
S1-connector,0.5,37,b,0,10,1,9,10,-9.3937592610671,6.8264359913923265,0.0008256687691982876,0.8009706178149275,15.973468361569614,26.12664152380222,-35.23380806207141,67.18074478521063,11.692740998710773
S1-connector,0.5,37,c,0,10,1,9,10,-1.7793158109999396,2.040932629121693,1.344899092113107,0.40143320960182444,12.820233463311881,3.2489882967282546,6.452333415532368,19.188133511091394,11.692740998710773
S1-connector,0.5,38,a,0,10,1,9,7,-7.531970785064818,11.77074437264098,505.57952001144906,0.2031547652531803,53.8169143058971,,,,11.692740998710773
S1-connector,0.5,38,b,0,10,1,9,7,1.78534266112637,0.2818308659699822,1991.6830858936635,0.16204849318213707,9.778555912703302,29.596837817872007,-48.23018026659887,67.78729209200547,11.692740998710773
S1-connector,0.5,38,c,0,10,1,9,7,-1.9107301743795322,1.4299910893489376,0.5298352657595892,0.4786220533539978,10.99900689020459,1.803135780213111,7.464925701751362,14.53308807865782,11.692740998710773
S1-connector,0.5,39,a,0,10,1,10,9,2.7904437735996845,-0.3239606623086477,8103.083478781331,0.10000802170206471,5.68373732249245,51.771514049993314,-95.78656564060384,107.15404028558874,11.692740998710773
S1-connector,0.5,39,b,0,10,1,10,9,0.6402839214860616,0.667142977702631,88.75515490180685,0.2599548130233989,10.439521142172513,24.338805745561583,-37.26366154584473,58.14270383018976,11.692740998710773
S1-connector,0.5,39,c,0,10,1,10,9,-1.4628784621301252,1.8006024068927595,1.4679483981343582,0.3970314454163295,12.138483759371502,2.4540908565251467,7.328554065793161,16.948413452949843,11.692740998710773
S1-connector,0.5,56,a,0,10,1,10,6,-1.9951197896732071,2.6571070145752564,72.56322306593599,0.386809684094747,13.941175478633319,,,,11.692740998710773
S1-connector,0.5,56,b,0,10,1,10,6,-7.765383134977535,3.5896413884579337,0.0001234098041330121,0.9636505922021382,11.57851902832146,385.81323947687474,-744.6015351050801,767.758573161723,11.692740998710773
S1-connector,0.5,56,c,0,10,1,10,6,-1.6448181347080675,1.3938363938662812,0.7681835277146325,0.44851992549842246,11.135482086033251,1.866765629718264,7.47668868420822,14.794275487858283,11.692740998710773
S1-connector,0.5,57,a,0,10,1,10,9,-3.7295898185359277,7.843678496975986,2207.185331139501,0.11469933717631209,62.16834233785728,,,,11.692740998710773
S1-connector,0.5,57,b,0,10,1,10,9,-5.061436153161442,3.4015204975273123,0.011887293399496271,0.669241575608414,12.624791684555776,9.397892061022134,-5.794738285642508,31.044321654754057,11.692740998710773
S1-connector,0.5,57,c,0,10,1,10,9,-1.7974748130582463,1.2568858030559125,0.376435999525158,0.48699447628554726,10.54526478766864,1.7277470241294115,7.158942845978737,13.931586729358541,11.692740998710773
S1-connector,0.5,58,a,0,10,1,10,9,-0.8454191656515282,3.5041217390696087,1416.8560465778755,0.172939945347967,24.540007343347593,,,,11.692740998710773
S1-connector,0.5,58,b,0,10,1,10,9,-5.87639443318357,3.485684288707077,0.005836607024231732,0.7552057175568149,12.273479002546381,11.535540788465056,-10.335765485037907,34.88272349013067,11.692740998710773
S1-connector,0.5,58,c,0,10,1,10,9,-0.985090175977861,1.9747099799952261,5.794045372647617,0.3163136371787942,13.752151326148422,4.530943127697798,4.87166597986147,22.632636672435375,11.692740998710773
S1-connector,0.5,59,a,0,10,1,9,10,-2.1027105761909373,6.226990876399849,8103.083274596006,0.07287748895741904,75.51838848544021,,,,11.692740998710773
S1-connector,0.5,59,b,0,10,1,9,10,2.4601538895534443,0.32083473573656696,8064.66384740141,0.07795176744354616,11.680860344767067,64.42694749692481,-114.59363638305854,137.95535707259268,11.692740998710773
S1-connector,0.5,59,c,0,10,1,9,10,-2.411103929408731,1.992681333258197,0.3540395440565018,0.4870512545295521,11.861223531674089,1.8952450826225713,8.14661142785721,15.575835635490968,11.692740998710773
S1-connector,0.5,76,a,0,10,1,9,8,-3.9122058157655784,8.660583172718564,8103.083814240198,0.062072603279299504,117.81930892692412,,,,11.692740998710773
S1-connector,0.5,76,b,0,10,1,9,8,0.05795928875699901,1.2114537871595195,16.439888078390908,0.27053433321353587,12.131907404117129,41.5073614388555,-69.22102610932629,93.48484091756055,11.692740998710773
S1-connector,0.5,76,c,0,10,1,9,8,-1.4472125499752413,1.1676715911764053,0.5387100104838691,0.45344528371516524,10.527050190966209,1.887266349160044,6.828076117378128,14.22602426455429,11.692740998710773
S1-connector,0.5,77,a,0,10,1,7,9,-0.9193330860669426,4.004430346387577,3072.35313715019,0.1361055803072724,31.731594633858716,,,,11.692740998710773
S1-connector,0.5,77,b,0,10,1,7,9,-3.2251971176455463,2.0680548597696213,0.060705789449559365,0.5650036372521952,11.661253033098028,10.447327886818496,-8.815133359747172,32.13763942594323,11.692740998710773
S1-connector,0.5,77,c,0,10,1,7,9,-1.8757965218805706,1.9955562257923898,0.9150787966451059,0.42117930913808954,12.440108306103495,2.4885449129191195,7.562649902871656,17.317566709335335,11.692740998710773
S1-connector,0.5,78,a,0,10,1,10,8,-9.287017537981125,6.537622526183949,0.0001234098106758238,0.8861881274285947,14.315542923565312,66.59784070656539,-116.21382630943839,144.84491215656902,11.692740998710773
S1-connector,0.5,78,b,0,10,1,10,8,2.2163024592517058,0.26712718018766557,3076.1419784027357,0.11342642221933512,10.105214233484052,53.86523136046844,-95.46869925195156,115.67912771891966,11.692740998710773
S1-connector,0.5,78,c,0,10,1,10,8,-1.6047644178086107,1.5688948918052064,0.8512978438559524,0.43558775250362786,11.375460847694981,2.2897380206596374,6.887656793170062,15.8632649022199,11.692740998710773
S1-connector,0.5,79,a,0,10,1,10,9,-7.030408914472332,10.960492105997837,850.7711824387753,0.2167549189641274,48.12623976511638,,,,11.692740998710773
S1-connector,0.5,79,b,0,10,1,10,9,-7.958300115428274,4.029305921644596,0.00012340980411528466,0.9438523639735262,12.027443650588019,315.7727008564251,-606.8756773289455,630.9305646301215,11.692740998710773
S1-connector,0.5,79,c,0,10,1,10,9,-1.7019560133691713,1.9560635384341212,1.292292167024143,0.4028859734407288,12.573355319604902,2.7648136749963848,7.154420092648158,17.992290546561648,11.692740998710773
S1-connector,0.5,60,a,0,10,1,10,9,-2.081993394214434,2.8986614557764265,8.197912747915646,0.378535286719391,14.458366637277809,35.19671888070796,-54.525934742890726,83.44266801744634,11.692740998710773
S1-connector,0.5,60,b,0,10,1,10,9,-1.9914558407000809,1.5177072153902658,0.6804713135731856,0.49436366797561704,10.829961479420302,4.916324337987361,1.1941428406473502,20.46578011819325,11.692740998710773
S1-connector,0.5,60,c,0,10,1,10,9,-2.3360361185063128,1.556491354580687,0.1686992434217437,0.5296208900461631,10.72870844453158,1.838989397325842,7.124355457821911,14.333061431241251,11.692740998710773
S1-connector,0.5,61,a,0,10,1,10,10,1.4962711260165698,-1.5152501119413992,17.29246685948702,0.35882255119662976,4.610506158424452,,,,11.692740998710773
S1-connector,0.5,61,b,0,10,1,10,10,-5.86724532556871,2.454096184021476,0.000821758571176028,0.8569243581858793,10.788979127162698,133.52072227031476,-250.9068277124294,272.48478596675477,11.692740998710773
S1-connector,0.5,61,c,0,10,1,10,10,-1.0745068114280538,1.221162286195434,1.4524395340462757,0.4078007441531313,10.812688345694058,2.3733631576932575,6.160982034381016,15.4643946570071,11.692740998710773
S1-connector,0.5,62,a,0,10,1,10,8,-7.239777037715097,10.481344063012,81.15258865936774,0.28636196024073046,37.15911071235422,106.42034679097306,-171.42093622021568,245.73915764492412,11.692740998710773
S1-connector,0.5,62,b,0,10,1,10,8,-3.4835830132351546,2.2002248203727683,0.09589176419130481,0.6010728892733918,11.415564726861192,4.445720828132907,2.7021120184011114,20.129017435321273,11.692740998710773
S1-connector,0.5,62,c,0,10,1,10,8,-1.970179052587612,1.4406305919466673,0.3544013279266615,0.4908566857934134,10.831230916950423,1.8007086798219367,7.301906757850759,14.360555076050087,11.692740998710773
S1-connector,0.5,63,a,0,10,1,9,9,-1.815713168172751,3.4913409342424195,117.89053980539607,0.2886651922232694,18.06038319852213,,,,11.692740998710773
S1-connector,0.5,63,b,0,10,1,9,9,-7.471081858367249,3.7223374453761915,0.00012340980705267065,0.9180184511354724,11.830141779932344,369.4089087410628,-712.1980149207943,735.858298480659,11.692740998710773
S1-connector,0.5,63,c,0,10,1,9,9,-1.5073620541378694,1.2963355028882373,0.8309689693283479,0.4484073909043531,10.819882571596844,1.8784378202565122,7.138212096696156,14.501553046497532,11.692740998710773
S1-connector,0.5,64,a,0,10,1,9,9,-0.1454245852174636,3.9301722877552754,6567.363525475589,0.0500000024704188,70.8825068526559,,,,11.692740998710773
S1-connector,0.5,64,b,0,10,1,9,9,2.558045804723221,0.34858936964082476,8103.083922295043,0.06208379557443891,13.040362471811907,119.79775426405585,-221.75892131451727,247.83964625814107,11.692740998710773
S1-connector,0.5,64,c,0,10,1,9,9,-1.591040199157488,1.5866154220389261,0.9263401768177427,0.4270361043427737,11.574476292626157,2.220385385671892,7.222600904910171,15.926351680342144,11.692740998710773
S1-connector,0.5,65,a,0,10,1,9,7,-5.13136047138586,7.551576595156906,210.2928270258735,0.3076848961328487,27.73117116775332,64.70824450806866,-99.094657570873,154.55699990637964,11.692740998710773
S1-connector,0.5,65,b,0,10,1,9,7,-6.921089767544702,2.7862312068962205,0.00012340980415163045,0.9416836529352827,10.939453423859899,1011.4152158980734,-1971.397943152167,1993.276849999887,11.692740998710773
S1-connector,0.5,65,c,0,10,1,9,7,-1.492077972400388,1.4922251854187154,1.0196216626978067,0.42556451801194617,11.375871365078572,2.155555767649178,7.151059693818594,15.60068303633855,11.692740998710773
S1-connector,0.5,66,a,0,10,1,9,8,-6.240880447250206,11.567166293201538,8103.083592432301,0.06969315558727956,138.35035426268416,,,,11.692740998710773
S1-connector,0.5,66,b,0,10,1,9,8,1.8745116604545302,0.5569986276544349,1184.5505397295772,0.12260727000274468,12.090479407992634,63.56654905844729,-112.49766736806255,136.67862618404783,11.692740998710773
S1-connector,0.5,66,c,0,10,1,9,8,-1.6837208297817199,1.7999813778069247,1.03942561510501,0.41972963690304144,12.01322805317142,2.4120662428902913,7.285665088781608,16.740791017561236,11.692740998710773
S1-connector,0.5,67,a,0,10,1,8,8,-7.25064420251865,9.074374674042524,28.121004630632996,0.41675974576710817,25.558635107835304,45.18203545293787,-62.99652712813479,114.11379734380539,11.692740998710773
S1-connector,0.5,67,b,0,10,1,8,8,-6.981436311046497,3.1683373890962114,0.0001234098046030964,0.9084240293649699,11.407743191339694,689.0883665251977,-1339.1806373635839,1361.9961237462633,11.692740998710773
S1-connector,0.5,67,c,0,10,1,8,8,-1.6121396274710402,1.7067794650757127,1.0937900565228442,0.41314568149189607,12.026549663754425,2.23423117835343,7.647537021045216,16.405562306463633,11.692740998710773
S1-connector,0.5,92,a,0,10,1,7,10,1.166951515121636,0.10285398405269158,315.7517297139802,0.2494266834080498,8.787963699035032,196.79987811661601,-376.93270957140464,394.50863696947476,11.692740998710773
S1-connector,0.5,92,b,0,10,1,7,10,-6.976250372164621,3.4894284161988045,0.00012340980422564915,0.8737075501140256,11.854974091719011,693.2061411744857,-1346.804096472261,1370.514044655699,11.692740998710773
S1-connector,0.5,92,c,0,10,1,7,10,-2.041715106485518,1.8516652213512539,0.6003523922408879,0.4566940697175881,11.832246356561688,2.24857279480939,7.42512466211871,16.239368051004668,11.692740998710773
S1-connector,0.5,93,a,0,10,1,8,8,-6.701161154678715,10.590528910215237,779.7731692913511,0.21159996194410924,47.742675101180666,,,,11.692740998710773
S1-connector,0.5,93,b,0,10,1,8,8,-5.589809691833256,2.6827671956413646,0.0014298428697949192,0.786747395149912,11.398692774335949,96.58011445901994,-177.89485318809926,200.69223873677117,11.692740998710773
S1-connector,0.5,93,c,0,10,1,8,8,-1.587194217032213,1.4508671604416936,0.9823211016511162,0.43629939906069054,11.322773844083565,2.107997999809202,7.191173684975057,15.454374003192074,11.692740998710773
S1-connector,0.5,94,a,0,10,1,9,9,-4.939599686165002,7.958942132122484,504.2993999759932,0.24611687759259138,33.889274782425524,,,,11.692740998710773
S1-connector,0.5,94,b,0,10,1,9,9,-3.896781009039397,2.881493611834534,0.07132187485391808,0.5713656366134788,12.741730717959996,12.19791764746439,-11.165748557455753,36.64920999337575,11.692740998710773
S1-connector,0.5,94,c,0,10,1,9,9,-2.24537746057946,2.0787212423559236,0.5782301940437778,0.45159842606636796,12.431387128911144,2.281269547018074,7.960180977727716,16.90259328009457,11.692740998710773
S1-connector,0.5,95,a,0,10,1,10,9,3.23250728830131,-1.0828241602101798,2935.9647706189185,0.11678541621038074,0.5078429764398782,28.938655156052167,-56.21087889044671,57.22656484332646,11.692740998710773
S1-connector,0.5,95,b,0,10,1,10,9,-0.1410200711283534,1.0547824270406843,16.78972589663343,0.31415798670856526,11.117434325902972,16.593719308903218,-21.40565788911421,43.64052654092015,11.692740998710773
S1-connector,0.5,95,c,0,10,1,10,9,-2.050834739823962,2.1926071103282427,0.8526630621221682,0.42687344351864903,12.695661752797038,2.530364512686539,7.736238440173177,17.6550850654209,11.692740998710773
S1-connector,0.5,80,a,0,10,1,7,10,-4.604679263384973,6.012952555320229,72.85256307777904,0.38708477042042344,20.681780825346838,33.37340470845551,-44.72889044470543,86.0924520953991,11.692740998710773
S1-connector,0.5,80,b,0,10,1,7,10,-7.057488508436246,3.419974531658619,0.00012340980411997533,0.8914564172692453,11.7117930003422,947.780340312805,-1845.9035392678716,1869.3271252685558,11.692740998710773
S1-connector,0.5,80,c,0,10,1,7,10,-2.1235663750807565,1.9445372306313051,0.5742209319517558,0.45729742498788684,12.000582682293434,2.1456332586566833,7.79521877129502,16.20594659329185,11.692740998710773
S1-connector,0.5,81,a,0,10,1,8,8,-2.8576593960677883,5.378733220392576,552.688473422893,0.23788058368614762,26.308517381946885,,,,11.692740998710773
S1-connector,0.5,81,b,0,10,1,8,8,-1.5661839283947647,1.7396772980441404,1.9115821566544267,0.4059910737108746,12.148151128322995,18.351318383471185,-23.819771972108335,48.11607422875432,11.692740998710773
S1-connector,0.5,81,c,0,10,1,8,8,-2.2507117041197295,1.903999360374221,0.5577195357237831,0.4671934434407339,12.026949512557081,2.0530582074984536,8.003029367695751,16.05086965741841,11.692740998710773
S1-connector,0.5,82,a,0,10,1,10,10,1.9130651130659322,-0.4946833404635753,244.28437184347464,0.21680049182691885,6.3965271415790195,32.71468782334424,-57.72308275764674,70.51613704080478,11.692740998710773
S1-connector,0.5,82,b,0,10,1,10,10,-6.444409991605578,3.1879802368743797,0.0004892431648111054,0.8564728055630036,11.475898190783848,116.49824172486235,-216.85645985218775,239.80825623375546,11.692740998710773
S1-connector,0.5,82,c,0,10,1,10,10,-0.45770920167925033,1.233265086951308,6.518550009204491,0.33177276233883485,11.456423309162407,3.278695025475292,5.0302991429401995,17.882547475384612,11.692740998710773
S1-connector,0.5,83,a,0,10,1,9,9,-6.885675817735947,11.526656272561965,1943.6588910649632,0.14888657441983286,69.0919769885225,943.9153283268321,-1780.9480709873687,1919.1320249644136,11.692740998710773
S1-connector,0.5,83,b,0,10,1,9,9,-7.040288391012899,3.3049455262942358,0.0001234098141280412,0.9054382014990673,11.511595510045215,678.6097241032026,-1318.5390232908944,1341.562214310985,11.692740998710773
S1-connector,0.5,83,c,0,10,1,9,9,-2.0549040207426645,1.6451015246170182,0.3887597677457733,0.4799400854545763,11.26814196857136,1.8777949215872751,7.587731551908085,14.948552385234635,11.692740998710773
S1-connector,0.5,104,a,0,10,1,8,8,-2.127749805970969,1.271907425177976,0.6028897124062303,0.4075383987302404,13.47862692518833,,,,11.692740998710773
S1-connector,0.5,104,b,0,10,1,8,8,-9.274886110265959,11.932680578200495,8103.0838966473375,0.09696487208160028,130.7286131165257,,,,11.692740998710773
S1-connector,0.5,104,c,0,10,1,8,8,-1.2645868933995774,1.7999212994630742,3.324554846557724,0.35819296102753695,12.924746300860821,3.2736012395952296,6.508605771508495,19.340886830213147,11.692740998710773
S1-connector,0.5,105,a,0,10,1,10,9,-6.299770792024434,11.563414550244813,8103.08381921615,0.07713136525020234,125.77196537471103,,,,11.692740998710773
S1-connector,0.5,105,b,0,10,1,10,9,1.8807403979908988,0.532223511746452,1442.6168295828602,0.1256897459084925,11.775490824590712,61.583463514719895,-108.92587970749673,132.47686135667817,11.692740998710773
S1-connector,0.5,105,c,0,10,1,10,9,-1.971208228243999,2.1485518419068197,0.871853975733406,0.41780830914044714,12.77500658780127,2.623939476822843,7.632179715615626,17.917833459986916,11.692740998710773
S1-connector,0.5,106,a,0,10,1,8,9,-2.8185875810691483,5.5219499435470265,709.0542915919418,0.22003548419170363,28.264806896084057,,,,11.692740998710773
S1-connector,0.5,106,b,0,10,1,8,9,-2.684819523754312,2.249194481561156,0.28441387455677375,0.4860738684986592,12.459179849578154,9.142786940082322,-5.460353271306362,30.378712970462672,11.692740998710773
S1-connector,0.5,106,c,0,10,1,8,9,-2.2083081293243865,2.1649022991276485,0.518253587167847,0.44174371207903934,12.617706722208519,2.301598360545713,8.106656828662487,17.12875661575455,11.692740998710773
S1-connector,0.5,107,a,0,10,1,8,9,-3.7598442406284827,4.175182421962747,33.69699012619316,0.4566103793854364,15.68099040868285,12.134344597013545,-8.101887977461894,39.4638687948276,11.692740998710773
S1-connector,0.5,107,b,0,10,1,8,9,-7.968257822553301,4.543169791168092,0.00012340980412192418,0.8958730985615524,12.682780446709309,265.1074917043097,-506.91835532548885,532.2839162189075,11.692740998710773
S1-connector,0.5,107,c,0,10,1,8,9,-2.5563949603035945,2.1688267799983585,0.25340454890887937,0.4919290706570793,12.037371769278431,2.1041195236972388,7.913373283664271,16.161370254892592,11.692740998710773
S1-connector,0.5,72,a,0,10,1,9,10,-1.1129833137822256,4.952194967573878,8103.083592384471,0.07175549564198391,62.89868944895222,,,,11.692740998710773
S1-connector,0.5,72,b,0,10,1,9,10,1.1366027711701827,1.0365181633784515,298.7782779033169,0.15883287258371417,13.99216846402981,88.13143978574567,-158.7422794216921,186.72661634975174,11.692740998710773
S1-connector,0.5,72,c,0,10,1,9,10,-1.8779822159955157,2.0687271679807946,0.8376434490719252,0.41562027575128807,12.607887373894153,2.624397372123801,7.464163043409941,17.751611704378366,11.692740998710773
S1-connector,0.5,73,a,0,10,1,7,8,-6.6170402679846845,9.810529034140103,349.0509497313344,0.2751719721382833,36.40712687005076,150.63624119487736,-258.8344806383977,331.6487343784992,11.692740998710773
S1-connector,0.5,73,b,0,10,1,7,8,-6.940682891961613,3.2748770881093447,0.00012340980424807162,0.8919195967663939,11.572232344288402,794.6279037650808,-1545.86984014583,1569.0143048344066,11.692740998710773
S1-connector,0.5,73,c,0,10,1,7,8,-1.3065846537180048,1.7849186091984652,2.482926249838225,0.37095873461077716,12.582484232096416,2.8786169394053416,6.940498705575028,18.224469758617804,11.692740998710773
S1-connector,0.5,74,a,0,10,1,10,9,-3.655570698167833,-0.6813909827081241,0.00012341010296256993,0.8858637829073586,7.358795918702158,,,,11.692740998710773
S1-connector,0.5,74,b,0,10,1,10,9,1.7528207581263322,0.4079524722160228,628.5343740464663,0.1547363334830299,10.304787235533402,,,,11.692740998710773
S1-connector,0.5,74,c,0,10,1,10,9,-1.9648375110046516,1.5901547390416209,0.33758682453207284,0.4754123067586851,11.168394720665962,2.1974201899743138,6.8615302894151435,15.47525915191678,11.692740998710773
S1-connector,0.5,75,a,0,10,1,9,9,1.4034374610793021,1.6765264655047583,7613.44596782812,0.07792745696838285,25.496126956285146,,,,11.692740998710773
S1-connector,0.5,75,b,0,10,1,9,9,-7.437300556712723,4.063327620533984,0.000123409804444787,0.8805780020464137,12.294305702861596,376.6622196154225,-725.9500790802828,750.538690486006,11.692740998710773
S1-connector,0.5,75,c,0,10,1,9,9,-1.8687533667539156,1.788455452584488,0.738261540723271,0.441914539588743,11.8301864982075,2.0623915781172637,7.787973283078937,15.872399713336062,11.692740998710773
S1-connector,0.5,108,a,0,10,1,10,9,-5.564973059652683,10.253925729243267,7869.414255752176,0.11320525976125018,79.20268333078816,669.9631026617009,-1233.9008688568563,1392.3062355184327,11.692740998710773
S1-connector,0.5,108,b,0,10,1,10,9,-1.9445353792228786,1.4851912158103082,0.7492040898118479,0.49018472660670553,10.826663625451333,5.8872933326553625,-0.7122192729759647,22.36554652387863,11.692740998710773
S1-connector,0.5,108,c,0,10,1,10,9,-3.0049610600164995,1.452851367432593,0.032666308207008096,0.6124708828878066,10.354836023375595,2.775549208174555,4.914859538034802,15.794812508716388,11.692740998710773
S1-connector,0.5,109,a,0,10,1,8,9,-5.785814065444285,8.722920376622046,459.93446631643707,0.27853492792882667,32.983216908119864,,,,11.692740998710773
S1-connector,0.5,109,b,0,10,1,8,9,-6.486624788024331,2.3375084946060136,0.0001234098045915317,0.936126958618585,10.52819979966288,1363.707294185502,-2662.288982258489,2683.345381857815,11.692740998710773
S1-connector,0.5,109,c,0,10,1,8,9,-1.4545413398784326,1.5144589667873538,1.1689855323585212,0.4187663556603218,11.474683759296004,2.2915115118000897,6.9834037260088975,15.96596379258311,11.692740998710773
S1-connector,0.5,110,a,0,10,1,8,7,-2.171109820333617,1.2360430813951377,0.6488724673939914,0.4072380561435552,13.601824945458743,,,,11.692740998710773
S1-connector,0.5,110,b,0,10,1,8,7,-11.867107803464677,8.292887437893462,0.00012340980429608272,0.9011996741988035,16.942036065871044,36.442118738026835,-54.4832041809938,88.3672763127359,11.692740998710773
S1-connector,0.5,110,c,0,10,1,8,7,-1.9421543012120424,1.6950073157148495,0.6362798822374458,0.4499527253728617,11.781889545307646,2.1544084109281725,7.5593266518982585,16.00445243871703,11.692740998710773
S1-connector,0.5,111,a,0,10,1,7,8,2.3743941764690524,0.5066303167740056,8103.079425395684,0.07097540665635081,14.07355535531345,,,,11.692740998710773
S1-connector,0.5,111,b,0,10,1,7,8,0.28574068614041026,0.8919489396911414,19.449683921906445,0.27346779263046506,11.13429000791479,28.925618709531715,-45.55888089330532,67.8274609091349,11.692740998710773
S1-connector,0.5,111,c,0,10,1,7,8,-1.3776860575938052,1.585956492464578,1.84739378210557,0.3983520867519345,11.887670619290086,2.481372553887669,7.02426978144408,16.751071457136092,11.692740998710773
S1-connector,0.5,96,a,0,10,1,9,7,-3.3022416620839623,5.903852202608263,417.91970352429865,0.24320584900773012,27.561088171260945,154.22106567144948,-274.7066462021665,329.8288225446884,11.692740998710773
S1-connector,0.5,96,b,0,10,1,9,7,-4.371051091699806,1.7068268643025877,0.0069595480603117975,0.7459773361163557,10.37136708624453,39.308091492745284,-66.67107654054152,87.41381071303059,11.692740998710773
S1-connector,0.5,96,c,0,10,1,9,7,-3.0338292154131983,2.515262313971624,0.21755078626992,0.499399723550909,12.8371768961486,2.4118994284336206,8.109940882085962,17.56441291021124,11.692740998710773
S1-connector,0.5,97,a,0,10,1,8,10,-2.2427152093717533,1.3226291592586108,0.6168877787466563,0.39439087469795797,14.230262761598631,,,,11.692740998710773
S1-connector,0.5,97,b,0,10,1,8,10,-9.221311210461081,11.948751775104714,8103.083927353659,0.08826840591345679,143.00143074305348,,,,11.692740998710773
S1-connector,0.5,97,c,0,10,1,8,10,-2.235513324974013,2.3512712486941116,1.2290026590919678,0.41970331972238273,13.376452149942185,2.564603004330851,8.349922626810496,18.402981673073874,11.692740998710773
S1-connector,0.5,98,a,0,10,1,10,10,0.6264474615172488,2.1390493484672337,3548.9694237332033,0.12537932753070208,22.072232233479397,,,,11.692740998710773
S1-connector,0.5,98,b,0,10,1,10,10,-2.8638881789153485,2.256129759719025,0.3456501591270516,0.5135603905930438,12.155109712276294,10.218756914793904,-7.873285807489394,32.18350523204198,11.692740998710773
S1-connector,0.5,98,c,0,10,1,10,10,-1.8629002681348932,2.0046993582303667,1.102399376682273,0.42301001851936565,12.3626119930933,2.3724092594231787,7.7127752880345275,17.01244869815207,11.692740998710773
S1-connector,0.5,99,a,0,10,1,8,10,-5.7254936010322055,11.09057771339111,7874.329424874149,0.0500000255728235,182.5335542880226,,,,11.692740998710773
S1-connector,0.5,99,b,0,10,1,8,10,2.3416213298311455,0.5788338330406804,3020.3085879742566,0.06200065028746006,16.375801283555017,175.20338156813418,-327.0165165596167,359.76811912672673,11.692740998710773
S1-connector,0.5,99,c,0,10,1,8,10,-2.57095329277923,1.9485233129620885,0.18923172144695788,0.5111477043856155,11.603351559564736,1.9718987975282671,7.738500935251492,15.46820218387798,11.692740998710773
S1-connector,0.5,100,a,0,10,1,7,10,-1.5303797297235684,5.67190678851536,8103.083694946458,0.05401389079456384,91.29159961076199,,,,11.692740998710773
S1-connector,0.5,100,b,0,10,1,7,10,2.039244907557801,0.7278274515190027,1312.072499952963,0.08136902854119978,16.127977308504022,198.1035363298347,-372.14781910799417,404.40377372500217,11.692740998710773
S1-connector,0.5,100,c,0,10,1,7,10,-1.977604687846826,2.3013022112948294,1.378465992672727,0.40250454072874026,13.294810639120856,2.8868353121762547,7.636717397956953,18.952903880284758,11.692740998710773
S1-connector,0.5,101,a,1,9,1,7,8,-6.445566645787032,3.081626602207953,0.00012340980773419975,0.8809685269917685,11.139249972095387,948.6729068758448,-1848.225480613481,1870.5039805576716,11.692740998710773
S1-connector,0.5,101,b,1,9,1,7,8,-0.36921980775731467,0.5106615883309019,1.841670893010916,0.39772460447573404,9.180481175559882,8.356875879932375,-7.198694572379045,25.559656923498807,11.692740998710773
S1-connector,0.5,101,c,1,9,1,7,8,-1.9220066183003457,1.5481711514526648,0.25921087917620794,0.4827254533431554,10.888126911421214,2.250532246882901,6.4771647614847225,15.299089061357705,11.692740998710773
S1-connector,0.5,102,a,0,10,1,10,8,-4.884389999704629,9.161254909998643,2075.341477670014,0.1315604469539322,62.97902390383703,425.9247040751516,-771.8180562093405,897.7761040170146,11.692740998710773
S1-connector,0.5,102,b,0,10,1,10,8,-0.0569883950287049,1.1609006141501967,30.78228943695245,0.29529945141670744,11.57588487517545,15.325137620703238,-18.46083291952275,41.61260266987365,11.692740998710773
S1-connector,0.5,102,c,0,10,1,10,8,-2.0658861180835113,1.4993248308521632,0.2723155367531808,0.49457530028518354,10.93924348289792,1.8769183231581459,7.260551167584644,14.617935798211196,11.692740998710773
S1-connector,0.5,103,a,0,10,1,9,6,-3.8635749073388106,8.376663241344,8103.083393867027,0.0841756907169235,86.30422466703658,981.2304743787687,-1836.8721656485022,2009.4806149825754,11.692740998710773
S1-connector,0.5,103,b,0,10,1,9,6,-2.575705497879145,2.116936069223632,0.2014373785037395,0.4995641847457724,11.884824923085112,6.467326196374044,-0.7909014980804319,24.560551344250655,11.692740998710773
S1-connector,0.5,103,c,0,10,1,9,6,-1.8554618964778204,1.5160506334810668,0.42500144849022087,0.46662699394754553,11.144963322950769,1.9687843474606248,7.2862169086017525,15.003709737299786,11.692740998710773
S1-connector,0.5,68,a,0,10,1,8,8,-1.752436441355478,5.687824633670883,8103.077518147266,0.07977283968478664,64.5982173646955,,,,11.692740998710773
S1-connector,0.5,68,b,0,10,1,8,8,0.9689336914037587,0.8608834900080633,184.15907261251516,0.1962632819655742,12.161386088146752,50.273550431626916,-86.37296213280008,110.6957343090936,11.692740998710773
S1-connector,0.5,68,c,0,10,1,8,8,-2.140011303341577,1.8585719839107073,0.663879192275414,0.46431042140077955,11.861513572929816,1.9461140250194975,8.047200174083319,15.675826971776313,11.692740998710773
S1-connector,0.5,69,a,0,10,1,10,9,-7.09034634275956,8.646111104272435,39.154343269409644,0.43807363389716486,23.949198857272748,25.43128615419344,-25.895206085478534,73.79360380002403,11.692740998710773
S1-connector,0.5,69,b,0,10,1,10,9,-7.478940990293869,3.1423105011714427,0.00012340980414058352,0.9777611946442973,11.11543543732239,385.79652221999027,-745.0318534746652,767.26272434931,11.692740998710773
S1-connector,0.5,69,c,0,10,1,10,9,-2.8057105775514826,1.9772476924320477,0.1364724675950627,0.5345822914864055,11.539130358199028,1.9175782070118184,7.780746134916972,15.297514581481083,11.692740998710773
S1-connector,0.5,70,a,0,10,1,9,8,-6.4940906643723935,11.1949520706169,4243.023166718417,0.13411752013206246,73.78068580385664,,,,11.692740998710773
S1-connector,0.5,70,b,0,10,1,9,8,-5.969039301740947,2.3482836655022927,0.00041282884393135835,0.8723293153684372,10.707877662798568,536.8473031655142,-1041.4935017390649,1062.9092570646621,11.692740998710773
S1-connector,0.5,70,c,0,10,1,9,8,-1.900318492092774,1.4579169034886106,0.4107385091221268,0.4751604525264734,11.042448727762814,1.9429225705825834,7.23439046467097,14.850506990854658,11.692740998710773
S1-connector,0.5,71,a,0,10,1,8,8,-5.044116055732351,9.002882514886618,738.0858232000827,0.16414683002528002,51.44941215665148,,,,11.692740998710773
S1-connector,0.5,71,b,0,10,1,8,8,-5.12517384837718,2.683961302299337,0.0017755080654388233,0.7433327905998682,11.426053391541918,81.79433322124129,-148.88789386155906,171.74000064464292,11.692740998710773
S1-connector,0.5,71,c,0,10,1,8,8,-2.45907111792664,1.4689974136529838,0.1151945742217415,0.5464097060999161,10.61717056561323,1.878256327234037,6.9358558105000405,14.29848532072642,11.692740998710773
S1-connector,0.5,88,a,0,10,1,9,8,-1.832722526865611,5.181889976953023,4404.108093239895,0.13762097964564202,38.027311592525685,328.84878437970127,-606.5044621514667,682.5590853365181,11.692740998710773
S1-connector,0.5,88,b,0,10,1,9,8,-7.756020989133871,4.434025117730677,0.00015367415487350483,0.8842242778357464,12.608947111893853,274.6516978187933,-525.6984889057192,550.9163831295068,11.692740998710773
S1-connector,0.5,88,c,0,10,1,9,8,-2.3320018352655216,1.7956032675157034,0.33837355118731793,0.4959814869724771,11.480558433972785,1.6723920654432136,8.202730217673533,14.758386650272037,11.692740998710773
S1-connector,0.5,89,a,0,10,1,8,8,-1.8541982650391304,0.7468625880612167,15.652748180878387,0.5467162202738811,9.595719793642104,,,,11.692740998710773
S1-connector,0.5,89,b,0,10,1,8,8,-7.139073162645944,3.033855105664869,0.00012340980411629088,0.9359925731987121,11.243207022967798,828.1858210060328,-1611.9711746555922,1634.457588701528,11.692740998710773
S1-connector,0.5,89,c,0,10,1,8,8,-1.9041777753066857,2.1790020006489,1.4609563807319306,0.3986419114668084,13.23629919942248,2.5010690911244104,8.334293857972309,18.13830454087265,11.692740998710773
S1-connector,0.5,90,a,0,10,1,9,8,-2.796376929801937,4.227016614696684,128.79902159080015,0.33661017088424905,18.407988213452793,,,,11.692740998710773
S1-connector,0.5,90,b,0,10,1,9,8,-8.14537186821016,4.565959418293401,0.00012340980418607163,0.9095415756646803,12.68821568929516,428.0380528094167,-826.2509518298152,851.6273832084055,11.692740998710773
S1-connector,0.5,90,c,0,10,1,9,8,-1.4423129999210547,1.7554111231971556,1.9450190211554206,0.3907536072587779,12.293822565339887,2.3531841360463654,7.681666409698009,16.905978720981764,11.692740998710773
S1-connector,0.5,91,a,0,10,1,9,10,-5.480996705779626,10.512289703282418,8103.083836834396,0.0784169674421944,113.26864007587835,,,,11.692740998710773
S1-connector,0.5,91,b,0,10,1,9,10,2.406796930460491,0.2762195229077403,3659.714864990379,0.08925111269401864,10.660693205337187,68.76382459010127,-124.11392643049105,145.43531284116543,11.692740998710773
S1-connector,0.5,91,c,0,10,1,9,10,-2.5962145545687703,1.7093806084299408,0.14088763997307482,0.5392764107103796,11.03504848001267,1.9902569104110612,7.134216615625029,14.93588034440031,11.692740998710773
S1-connector,0.5,84,a,0,10,1,10,7,-2.8521075340679545,4.919510765603592,385.65722678821453,0.28317992186081026,22.080015917768225,64.36062222445028,-104.0644856647425,148.22451750027895,11.692740998710773
S1-connector,0.5,84,b,0,10,1,10,7,-7.963514761687294,3.8402631279811343,0.00012340980424642417,0.9792297902555004,11.598282848759766,226.43565341354255,-432.2074426575778,455.40400835509735,11.692740998710773
S1-connector,0.5,84,c,0,10,1,10,7,-1.24186031239182,1.0662386024469204,0.7985564565793404,0.4427845413371581,10.315279939175081,1.958292070392003,6.477098009996379,14.153461868353784,11.692740998710773
S1-connector,0.5,85,a,0,10,1,9,8,1.4036406315467849,1.1988700104762682,5700.237180110692,0.12241926404238883,16.214308537637592,98.98396557906004,-177.79069904427246,210.21931611954767,11.692740998710773
S1-connector,0.5,85,b,0,10,1,9,8,-5.295180437129268,2.6118940579084864,0.002096388235168957,0.7676262975528513,11.295531653789665,48.861724829091,-84.47168923373523,107.06275254131457,11.692740998710773
S1-connector,0.5,85,c,0,10,1,9,8,-1.2805058583378877,1.6405638483391707,1.987238041242572,0.3850717160351471,12.038231840375,2.691132344919312,6.763709366702326,17.312754314047673,11.692740998710773
S1-connector,0.5,86,a,0,10,1,8,9,-11.995378057446825,9.754270734997467,0.00012340980520730117,0.903250551744806,17.045597592114166,67.43816951349676,-115.13078583764654,149.22198102187488,11.692740998710773
S1-connector,0.5,86,b,0,10,1,8,9,-6.131349985783714,2.2020317265395586,0.00012340980552514848,0.9069193267235589,10.460434214666712,1503.3574318327787,-2936.0659880682088,2956.9868564975422,11.692740998710773
S1-connector,0.5,86,c,0,10,1,8,9,-1.543506392661778,1.3994974908051319,0.6671772216210458,0.4435947416838677,11.008962670413323,2.221232985146022,6.655426018254727,15.36249932257192,11.692740998710773
S1-connector,0.5,87,a,1,9,1,8,6,-0.8884454111335114,4.8916873419776445,4925.356337864182,0.050000002259779866,85.76542742072306,,,,11.692740998710773
S1-connector,0.5,87,b,1,9,1,8,6,2.634489550692826,0.37781666032925754,5909.2893546006935,0.05000000003433685,14.485856454926296,167.69949091634845,-314.1991059668186,343.1708188766712,11.692740998710773
S1-connector,0.5,87,c,1,9,1,8,6,-1.2542932276583523,1.436248805409365,1.3799258843835596,0.4007712575752659,11.47456652317269,2.393860848654181,6.782685475810007,16.166447570535375,11.692740998710773
S1-connector,0.5,116,a,0,10,1,10,10,-2.16398029147783,1.3987075566864058,0.6446557315758437,0.38900599386408785,14.220102987954268,,,,11.692740998710773
S1-connector,0.5,116,b,0,10,1,10,10,-11.999999998092772,8.421261504309427,0.0001234098043121671,0.9432687595525742,16.327338114490463,15.873385034358222,-14.783924865588741,47.43860109456966,11.692740998710773
S1-connector,0.5,116,c,0,10,1,10,10,-2.0081860281730415,2.106116625414977,1.2015560865791834,0.42029506199404776,12.802272944318398,2.4280872405006604,8.04330940161586,17.561236487020935,11.692740998710773
S1-connector,0.5,117,a,0,10,1,6,9,-4.089653771622373,6.353820489549559,163.72789232599456,0.294326406162521,25.449789077933765,65.16267841989033,-102.26671376121666,153.1662919170842,11.692740998710773
S1-connector,0.5,117,b,0,10,1,6,9,-6.0915557478221345,2.4555342091245187,0.0001234098042375372,0.8624587768463167,10.951384467363823,1774.8582931971662,-3467.7069478613134,3489.609716796041,11.692740998710773
S1-connector,0.5,117,c,0,10,1,6,9,-1.6527962283466677,1.6175313743074518,0.8755716526752121,0.43292824508913996,11.563370954512315,2.047860614177214,7.5496379053669,15.57710400365773,11.692740998710773
S1-connector,0.5,118,a,0,10,1,9,9,3.9999317750152685,-1.3963222907148944,4899.498298393567,0.05000000008193591,-15.619516542395772,,,,11.692740998710773
S1-connector,0.5,118,b,0,10,1,9,9,2.661531325832719,0.34895359843929524,8103.083818148664,0.0500000000503796,14.049028683316246,137.22598994042318,-254.90896934276896,283.00702670940143,11.692740998710773
S1-connector,0.5,118,c,0,10,1,9,9,-1.5281467697337456,1.6956659046600748,1.3176041679352035,0.40733660127861704,11.992852809493543,2.421697968625435,7.246412009553881,16.739293609433204,11.692740998710773
S1-connector,0.5,119,a,0,10,1,10,9,-1.1032102041591845,4.706471827527972,7163.812257824541,0.09365363264497632,48.08665946925867,,,,11.692740998710773
S1-connector,0.5,119,b,0,10,1,10,9,-7.026785857550072,3.4346473994131266,0.00025798728386068224,0.8889202450219276,11.71651889201815,184.84145877631033,-350.5660831593952,373.9991209434315,11.692740998710773
S1-connector,0.5,119,c,0,10,1,10,9,-1.5961494555097542,1.7735774906557558,1.1820393904415023,0.4077938717589321,12.147639177162567,2.461831019782261,7.322539042365823,16.972739311959312,11.692740998710773
S1-connector,0.5,112,a,0,10,1,7,9,-1.90448612083205,4.973994071211866,1719.4650626465034,0.16563282592862189,32.02772937931738,,,,11.692740998710773
S1-connector,0.5,112,b,0,10,1,7,9,-5.9781992286812216,2.1146880455499115,0.00012340980411172016,0.8949041640846299,10.421277549759536,2062.7286719214085,-4032.4526292943383,4053.295184393857,11.692740998710773
S1-connector,0.5,112,c,0,10,1,7,9,-2.0066560684121066,1.651697796096224,0.42617587224965914,0.473799067705239,11.312124990137452,1.877638053105005,7.632022030049736,14.992227950225168,11.692740998710773
S1-connector,0.5,113,a,0,10,1,7,9,1.855435592273726,0.7003396432733182,5815.420697931265,0.11484774904952923,13.288397104542678,,,,11.692740998710773
S1-connector,0.5,113,b,0,10,1,7,9,-5.496128234987344,2.561799618108708,0.0007292753452305057,0.7900549484776022,11.216664663717758,203.10254592831168,-386.85701052416533,409.2903398516009,11.692740998710773
S1-connector,0.5,113,c,0,10,1,7,9,-1.8374996399850896,1.6258821045833385,0.5009982450101815,0.4544172330140615,11.412578010212037,2.1281363708099033,7.241507369234849,15.583648651189225,11.692740998710773
S1-connector,0.5,114,a,0,10,1,7,9,-1.8746923511116451,-1.0957867828799754,9.737966584215522,0.7192263051627713,7.319515115021626,,,,11.692740998710773
S1-connector,0.5,114,b,0,10,1,7,9,-6.9430948744130205,2.8758389156466855,0.00012340982868055576,0.9253205440375954,11.157173534278634,1354.295469463343,-2643.213171039638,2665.527518108195,11.692740998710773
S1-connector,0.5,114,c,0,10,1,7,9,-1.7654555427852932,2.054803181749418,1.9387902132565031,0.3978844367583539,12.913048331493174,2.614061917079077,7.789581120660454,18.036515542325894,11.692740998710773
S1-connector,0.5,115,a,0,10,1,9,9,-2.275998110185091,5.769794958248385,3282.039998144449,0.1337804006061542,42.43354067707062,,,,11.692740998710773
S1-connector,0.5,115,b,0,10,1,9,9,-2.4233362649616113,2.0431617605490002,0.4848172621292721,0.47888936406002786,12.100401052065399,11.383168261174676,-10.210198769796397,34.41100087392719,11.692740998710773
S1-connector,0.5,115,c,0,10,1,9,9,-1.512192086875664,1.7085460063221105,1.3085936739294652,0.4057618442298852,11.997943890877785,2.6655596785253253,6.773542922325983,17.222344859429587,11.692740998710773
S1-connector,0.5,144,a,0,10,1,10,7,-1.929170057768434,5.949650242308735,8103.083586294281,0.07812678613318126,68.22231031866002,832.6077173381278,-1563.658828914176,1700.103449551496,11.692740998710773
S1-connector,0.5,144,b,0,10,1,10,7,2.4510147249136756,0.2867985273695597,8103.083901293696,0.08298960597754024,11.086111837005628,96.60250505693409,-178.25131889093362,200.42354256494488,11.692740998710773
S1-connector,0.5,144,c,0,10,1,10,7,-1.6016793976683839,1.3579978069903809,0.6057606712440079,0.4511295201261296,10.955374351916097,2.118003594074061,6.8041635884045455,15.106585115427649,11.692740998710773
S1-connector,0.5,145,a,0,10,1,7,9,-2.3401718766697552,5.379961470019804,1677.1546419613123,0.17715922467461656,32.404855081048865,,,,11.692740998710773
S1-connector,0.5,145,b,0,10,1,7,9,-0.29439126980385,2.069836390098173,21.092504879559854,0.2165225178596092,16.892639388288277,124.15386439773023,-226.44446337273263,260.2297421493092,11.692740998710773
S1-connector,0.5,145,c,0,10,1,7,9,-1.6166867292040112,1.5962095443220905,0.9018743867516205,0.4309920514231219,11.529143547897641,2.286278694349965,7.048119648350452,16.01016744744483,11.692740998710773
S1-connector,0.5,146,a,0,10,1,8,10,-0.4226626716361813,3.9155838378718686,8103.083861644704,0.08773577860246375,43.56440232251346,1048.0075572735939,-2010.4926654595286,2097.6214701045556,11.692740998710773
S1-connector,0.5,146,b,0,10,1,8,10,-1.7142172008794265,1.9854326116414551,1.000728028065769,0.40248688797027693,12.604863938294502,13.43845450057066,-13.73402289070419,38.943750767293196,11.692740998710773
S1-connector,0.5,146,c,0,10,1,8,10,-2.241336517847827,1.8247582236429265,0.40687972764327407,0.48686698586513616,11.50938250413011,2.0048875581609775,7.579875097082142,15.43888991117808,11.692740998710773
S1-connector,0.5,147,a,0,10,1,8,9,0.44289466548324863,1.9578963562521268,2123.6369309347406,0.16538535968884524,17.83952511364255,,,,11.692740998710773
S1-connector,0.5,147,b,0,10,1,8,9,-5.110730534293065,2.679448738875199,0.0029583009585999504,0.7377038957510336,11.50323509252852,40.449136577721916,-67.77561580554817,90.78208599060522,11.692740998710773
S1-connector,0.5,147,c,0,10,1,8,9,-2.154449420740587,1.9813935922305042,0.5233929306961769,0.45813806409114494,12.044717171035948,1.9856129890133951,8.152987225334769,15.936447116737128,11.692740998710773
S1-connector,0.5,128,a,0,10,1,9,10,-2.158440097386061,1.088306305208385,0.6095797743408673,0.4154464146843059,13.299006160378791,,,,11.692740998710773
S1-connector,0.5,128,b,0,10,1,9,10,-9.10078017117733,11.654736309774275,8103.031202190524,0.11166174663986284,111.96293841917112,,,,11.692740998710773
S1-connector,0.5,128,c,0,10,1,9,10,-2.4898546711173752,2.106078348437821,0.5718821559134809,0.47561102197722777,12.332339459315468,1.991831207498652,8.428422029335184,16.236256889295753,11.692740998710773
S1-connector,0.5,129,a,0,10,1,8,9,-6.853817760588946,11.282165033797604,1864.2446764326664,0.17015877478024918,60.26729703547351,212.92275169314613,-357.0536277722577,477.58822184320474,11.692740998710773
S1-connector,0.5,129,b,0,10,1,8,9,-6.305257697891635,2.3105171330947183,0.0001234098052179136,0.9237541733308038,10.465970497689423,1410.6588845767637,-2754.3746377442126,2775.3065787395913,11.692740998710773
S1-connector,0.5,129,c,0,10,1,8,9,-1.2719219251588836,1.3142066831291035,1.4123378395715396,0.41620963853577364,11.095230219330064,2.110214140402003,6.959286504474989,15.23117393418514,11.692740998710773
S1-connector,0.5,130,a,0,10,1,10,10,-2.173478489842111,1.3045146798893472,0.6005544634666413,0.4105820744492832,13.493828687953233,,,,11.692740998710773
S1-connector,0.5,130,b,0,10,1,10,10,-9.02967582456289,11.731654814929229,8102.513085027774,0.09444337913269306,131.62249179324144,284.7165080684839,-426.4116098249947,689.6565934114776,11.692740998710773
S1-connector,0.5,130,c,0,10,1,10,10,-2.0073256268036435,2.2421785274994877,1.1820957073889584,0.4111398595887065,13.084627658048916,2.74891443942523,7.6968543601933535,18.47240095590448,11.692740998710773
S1-connector,0.5,131,a,0,10,1,8,7,-6.24962132248171,11.056399353302428,3761.7540104352315,0.11749206416098848,82.14011223507495,1141.658969269147,-2155.4703501595736,2319.7505746297234,11.692740998710773
S1-connector,0.5,131,b,0,10,1,8,7,-5.6065244835555195,2.4622090380958017,0.0006618424529791511,0.8160902429863609,10.996713285152035,181.56353409986977,-344.86127445640267,366.8547010267068,11.692740998710773
S1-connector,0.5,131,c,0,10,1,8,7,-1.6653251898314259,1.919935881069763,1.255787051782137,0.40018567728132937,12.561759308460429,2.8205078432530155,7.033665517571775,18.089853099349085,11.692740998710773
S1-connector,0.5,140,a,0,10,1,9,10,-2.3706745941247247,1.3767397371813024,0.5923904009391963,0.44301884596071217,12.96440127826651,,,,11.692740998710773
S1-connector,0.5,140,b,0,10,1,9,10,-11.999999743700915,10.970347596973067,0.05038746811618753,0.5947622560963101,25.894700887741994,,,,11.692740998710773
S1-connector,0.5,140,c,0,10,1,9,10,-1.809647024559827,1.885678173689675,1.0698888428701663,0.4217009006366765,12.268917913133174,2.621574756091959,7.130725808413558,17.40711001785279,11.692740998710773
S1-connector,0.5,141,a,0,10,1,9,9,-8.260013143998957,5.043818290151188,0.00012340980429473191,0.906560012302273,12.857133071601035,135.86825629548423,-253.4397559098055,279.15402205300757,11.692740998710773
S1-connector,0.5,141,b,0,10,1,9,9,-0.1462784908649045,0.6338863624299302,8.29703342250156,0.35738038247011233,9.730009929699508,9.625054885193052,-9.134750994500179,28.594770853899192,11.692740998710773
S1-connector,0.5,141,c,0,10,1,9,9,-1.5999287820468469,1.5556389807970727,0.7640328753964336,0.4377708174784437,11.300627169677988,1.9569522868733538,7.465071167942918,15.136183171413057,11.692740998710773
S1-connector,0.5,142,a,0,10,1,7,8,-5.246472149764573,10.311494661862616,8103.083637775071,0.06779259306201887,127.56048194865681,,,,11.692740998710773
S1-connector,0.5,142,b,0,10,1,7,8,0.8905236840281618,0.806273831133207,74.48305948524686,0.21115821405607546,11.57725334667869,29.60741392896825,-46.45221162946862,69.606718322826,11.692740998710773
S1-connector,0.5,142,c,0,10,1,7,8,-1.2275920616796308,1.4557050122190174,1.8942925573807046,0.39394190796539946,11.623502402285146,2.4664616178919667,6.789326461966499,16.457678342603792,11.692740998710773
S1-connector,0.5,143,a,0,10,1,9,9,-4.400758568385653,7.890320963935261,1312.1138425048543,0.18910994227407696,41.25577223792147,,,,11.692740998710773
S1-connector,0.5,143,b,0,10,1,9,9,-7.020714141275965,2.939432300862504,0.00012340980412797815,0.9318679152698799,11.163706006697094,678.234113122682,-1318.1507288002244,1340.4781408136187,11.692740998710773
S1-connector,0.5,143,c,0,10,1,9,9,-2.2425835856150966,2.008768763102048,0.539352999024435,0.4580905254507844,12.24638502597129,2.1392302897103876,8.053570703501745,16.439199348440834,11.692740998710773
S1-connector,0.5,120,a,0,10,1,8,8,-2.1523133881960197,4.931130145668698,1456.5439411018517,0.19899412177769063,27.90433322898531,117.435133681894,-202.26429930717356,258.0729657651442,11.692740998710773
S1-connector,0.5,120,b,0,10,1,8,8,-6.2516412298617166,2.0859214914232993,0.00012340980424939286,0.9324646029485152,10.308432860411804,2765.642126231566,-5410.250528680236,5430.86739440106,11.692740998710773
S1-connector,0.5,120,c,0,10,1,8,8,-1.8131666387514196,1.2398182558372097,0.36857812741321955,0.48665217182526144,10.585592597814578,1.7065320747623496,7.240851192817958,13.930334002811199,11.692740998710773
S1-connector,0.5,121,a,0,10,1,10,9,-6.146990387087303,11.621362178515696,6053.93968206728,0.05000000117935883,190.9636221695536,,,,11.692740998710773
S1-connector,0.5,121,b,0,10,1,10,9,2.5397970657024524,0.3974194233323536,8103.083922923369,0.05964806730318086,13.888977916945997,129.73278904431086,-240.38261622383578,268.1605720577278,11.692740998710773
S1-connector,0.5,121,c,0,10,1,10,9,-1.9927967172047403,1.4108601647183867,0.33454308623662254,0.49642283067120413,10.754659039704102,1.7721695155040176,7.28127061481643,14.228047464591773,11.692740998710773
S1-connector,0.5,122,a,0,10,1,8,9,-1.071397954970101,4.4079130196256955,4104.340329956211,0.11695494107189361,38.23134202204713,,,,11.692740998710773
S1-connector,0.5,122,b,0,10,1,8,9,0.2439013225631009,1.3782508167195326,50.07021317826866,0.2279414353008338,13.66622681932798,67.68318466083713,-118.99037747488664,146.3228311135426,11.692740998710773
S1-connector,0.5,122,c,0,10,1,8,9,-2.3743423932546834,1.9539217068097645,0.3619424521839875,0.480395154522359,11.947129538616325,2.2086805122447624,7.618195281261113,16.276063795971538,11.692740998710773
S1-connector,0.5,123,a,0,10,1,10,7,-0.833915783780621,0.9122544234940526,42.07024108800951,0.4099990441011431,10.291353231954512,,,,11.692740998710773
S1-connector,0.5,123,b,0,10,1,10,7,-7.626466771395248,3.0264439492477218,0.00012340980418882396,1.0042278196254752,10.97101550512146,447.2326070759817,-865.588787075756,887.530818085999,11.692740998710773
S1-connector,0.5,123,c,0,10,1,10,7,-2.153162378596953,2.008678483618943,0.6394036631173451,0.44957853688092,12.279021858795133,2.343133774015143,7.686564050766039,16.87147966682423,11.692740998710773
S1-connector,0.5,132,a,0,10,1,9,10,-6.297072485480438,10.089366783333215,913.568927395104,0.2130997484060403,45.51040385040422,227.8819776383169,-401.13006504645887,492.1508727472673,11.692740998710773
S1-connector,0.5,132,b,0,10,1,9,10,-6.708091331848037,2.5569242387330466,0.00012340980425805994,0.9444133138088966,10.677076099059466,1178.1853622924468,-2298.523801106412,2319.877953304531,11.692740998710773
S1-connector,0.5,132,c,0,10,1,9,10,-2.340575600914171,1.8486781811226025,0.26625089431664534,0.4960165150277206,11.487766215936634,1.9754155607509225,7.616022862364831,15.359509569508438,11.692740998710773
S1-connector,0.5,133,a,0,10,1,10,7,-1.555236403185496,3.6515185198605353,488.62191045009416,0.2430612241191874,20.38251433025348,,,,11.692740998710773
S1-connector,0.5,133,b,0,10,1,10,7,-7.719999166570192,3.6998616640974853,0.0001234098042231711,0.9464494945507016,11.740560932736791,458.7459049304842,-887.3848907862479,910.8660126517215,11.692740998710773
S1-connector,0.5,133,c,0,10,1,10,7,-1.122419377558583,1.989137938227684,6.57499673144475,0.32289820671682884,13.917442171605341,3.8376456847340266,6.395794844101094,21.43908949910959,11.692740998710773
S1-connector,0.5,134,a,0,10,1,7,8,-2.0584873676113213,1.2211033338928639,0.6328577722040309,0.40169728980831615,13.498083680745564,,,,11.692740998710773
S1-connector,0.5,134,b,0,10,1,7,8,-9.122199257275911,11.943094901691076,8103.0839269735725,0.07580858250316996,165.19760614885345,,,,11.692740998710773
S1-connector,0.5,134,c,0,10,1,7,8,-2.046052511072973,2.723162204239628,2.5359360001078697,0.36016759591278535,15.071485019702777,3.8472182998606095,7.531075711312565,22.61189432809299,11.692740998710773
S1-connector,0.5,135,a,0,10,1,10,9,1.2433667199404057,1.9785023688287087,8103.083129467982,0.06723871484297986,31.958052086900462,,,,11.692740998710773
S1-connector,0.5,135,b,0,10,1,10,9,2.215686314303868,0.5185101729293415,4752.9046815218435,0.08568889902846086,13.471970194642932,91.96587581150295,-166.77783420258618,193.72177459187202,11.692740998710773
S1-connector,0.5,135,c,0,10,1,10,9,-2.754971474060511,1.908017874949607,0.1612573706268352,0.5295411134923333,11.555490768221084,1.7646003085483986,8.096937716357957,15.014043820084211,11.692740998710773
S1-connector,0.5,124,a,0,10,1,8,9,-4.713668841198519,8.602064153647468,2435.0160961112915,0.16351550642830406,49.627242452162946,234.47673768290034,-409.93871861876744,509.1932035230933,11.692740998710773
S1-connector,0.5,124,b,0,10,1,8,9,-6.854914300426534,3.121910151534584,0.0001234098080210496,0.9065166135749286,11.289266040388863,1091.07363742412,-2127.1757677919995,2149.7542998727777,11.692740998710773
S1-connector,0.5,124,c,0,10,1,8,9,-1.7664909072687975,1.6698761105543491,0.6573703606645603,0.4449312279989647,11.503722390607882,2.6209958196577006,6.36666498044875,16.640779800767014,11.692740998710773
S1-connector,0.5,125,a,0,10,1,10,9,3.882688001471193,-1.357392431144056,8103.083752903627,0.0644334469308622,-9.430088209266867,,,,11.692740998710773
S1-connector,0.5,125,b,0,10,1,10,9,2.565025394688117,0.25076991948004457,8103.082193170327,0.07268096539210807,11.039762519477188,103.0950395010618,-191.02280188733818,213.10232692629256,11.692740998710773
S1-connector,0.5,125,c,0,10,1,10,9,-2.226057936401631,2.055354313098916,0.4482780282529363,0.4584514039562208,12.192201460520955,2.429841408061854,7.429799812575629,16.95460310846628,11.692740998710773
S1-connector,0.5,126,a,0,10,1,8,8,-0.566656459278833,4.338047845579934,8103.080851488477,0.06523224112122243,60.80396595288244,,,,11.692740998710773
S1-connector,0.5,126,b,0,10,1,8,8,0.16110358254281792,1.3245936504700746,23.86957519049187,0.24611812907743477,12.936221587703907,29.11249288494119,-44.12321596695941,69.99565914236722,11.692740998710773
S1-connector,0.5,126,c,0,10,1,8,8,-1.2942159341092683,1.5123912401626245,1.5715359519019034,0.39888183801918237,11.643191157476055,2.3049119102674736,7.12564682581439,16.16073548913772,11.692740998710773
S1-connector,0.5,127,a,0,10,1,8,10,-1.9957694606178684,2.3973853256904736,39.334967181317644,0.41161733943413914,13.099293986167991,20.005253688668688,-26.1102827452097,52.30887071754569,11.692740998710773
S1-connector,0.5,127,b,0,10,1,8,10,-6.623441798979924,2.5401864237525134,0.00012340980430456414,0.9265551299677682,10.7890523492858,1211.0978183934735,-2362.9190534569534,2384.4971581555246,11.692740998710773
S1-connector,0.5,127,c,0,10,1,8,10,-1.563619202700811,1.9436126326722079,1.7494838950274436,0.39131316588399406,12.59293318044492,3.096114182969669,6.524660889800714,18.661205471089126,11.692740998710773
S1-connector,0.5,156,a,0,10,1,8,8,-4.560405233135006,7.1765978690495515,185.25519337889787,0.27382920635788066,29.07441081543244,,,,11.692740998710773
S1-connector,0.5,156,b,0,10,1,8,8,-5.8135109950487545,3.0333939383759088,0.0010594091224083262,0.7849049323131861,11.712548412044526,112.47219557435197,-208.7289041758306,232.15400099991965,11.692740998710773
S1-connector,0.5,156,c,0,10,1,8,8,-2.5201554005340965,1.869750103075087,0.2103318474247703,0.5125725110269403,11.472158725645052,1.9338155854573662,7.681949825406376,15.262367625883728,11.692740998710773
S1-connector,0.5,157,a,0,10,1,8,9,-4.250632649059444,8.75364705480251,8103.082917966083,0.09425351141318893,81.18310780086875,,,,11.692740998710773
S1-connector,0.5,157,b,0,10,1,8,9,-7.241117539691489,3.880581286851736,0.0001234098043089926,0.8716751421891332,12.191725298700286,626.3090642198968,-1215.3514837632813,1239.7349343606818,11.692740998710773
S1-connector,0.5,157,c,0,10,1,8,9,-1.6600292616884935,1.4495959263027922,0.5278297907491009,0.4543274261731723,11.005285432923747,2.2444905908917683,6.606164711136857,15.404406154710639,11.692740998710773
S1-connector,0.5,158,a,0,10,1,9,10,1.1491340239260137,-0.7632739132507027,145.4547713573301,0.3318308437580035,6.602326675418243,,,,11.692740998710773
S1-connector,0.5,158,b,0,10,1,9,10,-5.846100151626919,3.0754987598938666,0.0022652560730284962,0.7909039935086816,11.674090234455424,36.964202665467404,-60.77441570710016,84.122596176011,11.692740998710773
S1-connector,0.5,158,c,0,10,1,9,10,-2.372907445577061,1.6913725316582808,0.2191985300554447,0.5108557485908705,11.211633183917858,1.8722222168366354,7.542145067862313,14.881121299973403,11.692740998710773
S1-connector,0.5,159,a,0,10,1,7,7,-4.3215977289443455,9.012685740472968,8103.083650487176,0.0785155621121159,98.35961671989445,1134.155224129191,-2124.543775451273,2321.263008891062,11.692740998710773
S1-connector,0.5,159,b,0,10,1,7,7,-3.6291685554663067,2.3407961392693686,0.01923441916802276,0.5907796614024294,11.82437035776241,16.86408392215843,-21.228626761929085,44.87736747745391,11.692740998710773
S1-connector,0.5,159,c,0,10,1,7,7,-1.7862021946978683,1.9652167382518142,1.282633553045843,0.41038260460423426,12.556030682880525,2.452369133236643,7.749475504938996,17.362585860822055,11.692740998710773
S1-connector,0.5,136,a,0,10,1,10,10,-7.81538504118418,11.999851086597907,940.6460821842775,0.2182937922882491,51.382951513014554,153.1535763540157,-248.7925422443615,351.5584452703906,11.692740998710773
S1-connector,0.5,136,b,0,10,1,10,10,-7.186816910919058,3.2025376148705726,0.00012340980688620452,0.9503398570825831,11.124526750863266,396.2129109445456,-765.4385089102219,787.6875624119485,11.692740998710773
S1-connector,0.5,136,c,0,10,1,10,10,-2.0764278527857143,1.1936130921205974,0.17438998970229633,0.5347556563270214,10.111892558367094,1.8483255136262502,6.489241119953147,13.734543996781042,11.692740998710773
S1-connector,0.5,137,a,0,10,1,9,9,-2.768224655053934,6.308220670217526,3406.5506407056114,0.14515090092692992,42.50177125600262,301.59479701714616,-548.613168822272,633.6167113342772,11.692740998710773
S1-connector,0.5,137,b,0,10,1,9,9,-5.922752475238981,1.8363813361961219,0.00019585625246885428,0.9196309647082457,10.090116422444083,1018.1935583011442,-1985.5325871384825,2005.7128199833705,11.692740998710773
S1-connector,0.5,137,c,0,10,1,9,9,-2.1609848780176684,1.5831452236288743,0.2293872683760562,0.4995821493811726,11.021021124721312,2.0505326306055975,7.002051019610166,15.039991229832458,11.692740998710773
S1-connector,0.5,138,a,0,10,1,10,7,-0.6553723727582603,4.1581895195215495,8102.0504526892855,0.09294100822438409,43.63219295611463,527.3813092577614,-990.0161793086778,1077.280565220907,11.692740998710773
S1-connector,0.5,138,b,0,10,1,10,7,-0.15955627188667487,1.1658184373481855,23.340781997639027,0.3039735665842844,11.57820619889461,16.865629014922288,-21.477819246966824,44.63423164475605,11.692740998710773
S1-connector,0.5,138,c,0,10,1,10,7,-1.6642019109221367,1.4211321738767335,0.7808482081475039,0.45007770456523466,11.143119928494903,2.0172101919161562,7.189460603092106,15.096779253897699,11.692740998710773
S1-connector,0.5,139,a,0,10,1,10,9,-1.660395780381843,5.564144271098474,8029.46144791673,0.08296705507804177,61.00128384525153,1187.680797624142,-2266.8103046278716,2388.812872318375,11.692740998710773
S1-connector,0.5,139,b,0,10,1,10,9,-7.874200110914328,4.777897883653696,0.00012340980426452122,0.8735822244890172,12.89790988938145,237.90319480209368,-453.38378372973875,479.1796035085016,11.692740998710773
S1-connector,0.5,139,c,0,10,1,10,9,-1.4452375066180296,1.4707463239363399,1.0857011085308408,0.4246542084664299,11.288045362704596,2.229173338334956,6.918945904271161,15.65714482113803,11.692740998710773
S1-connector,0.5,148,a,0,10,1,8,7,-2.179939570083493,1.1560607233404103,0.6708572834701612,0.4154028731046396,13.35774137441686,,,,11.692740998710773
S1-connector,0.5,148,b,0,10,1,8,7,-8.862781058168354,11.667483847740902,8103.083926867503,0.0790380414780637,155.16551071524702,,,,11.692740998710773
S1-connector,0.5,148,c,0,10,1,8,7,-1.536470647861936,1.7085252722387687,1.5388091494548164,0.40809196427665073,11.999970955392362,2.7281940909040956,6.65280879438534,17.347133116399384,11.692740998710773
S1-connector,0.5,149,a,0,10,1,8,9,3.7789673288560612,-1.196339202098085,8103.083838705166,0.061862862681598185,-7.944678567970097,,,,11.692740998710773
S1-connector,0.5,149,b,0,10,1,8,9,1.672166852538651,0.6705339531213257,496.49563889770405,0.13396315696878244,12.489518967716148,59.943376386568005,-104.99733986168586,129.97637779711815,11.692740998710773
S1-connector,0.5,149,c,0,10,1,8,9,-1.5440694607543075,1.92134468406522,1.953590522451382,0.38924701030201364,12.612882559678823,2.74090879513548,7.2408000363042095,17.98496508305344,11.692740998710773
S1-connector,0.5,150,a,0,10,1,9,10,-3.1982280918364765,1.8889116416998664,6.157448448927182,0.5999068282599664,10.99433244805685,,,,11.692740998710773
S1-connector,0.5,150,b,0,10,1,9,10,-7.288955351298579,3.2199893155800345,0.00012340980423467487,0.9365394720099524,11.399163546458823,602.8705219796014,-1170.2053468744232,1193.0036739673408,11.692740998710773
S1-connector,0.5,150,c,0,10,1,9,10,-1.6760146422985198,1.790941414440748,1.014025401629194,0.4183069230022276,12.033598809740784,2.9606810935913512,6.230770496593075,17.836427122888495,11.692740998710773
S1-connector,0.5,151,a,0,10,1,10,7,-2.980397055140764,7.035698372210246,8103.074237845309,0.10513072066273182,60.70026368080668,,,,11.692740998710773
S1-connector,0.5,151,b,0,10,1,10,7,2.4182017992227385,0.21996533912165045,8103.030241863606,0.09545047507085043,9.992806065845423,123.91143625611977,-232.86914626877999,252.85475840047084,11.692740998710773
S1-connector,0.5,151,c,0,10,1,10,7,-0.9135810249450464,0.7200258624557387,0.9046500624525906,0.4374139651302991,9.63881292124133,1.6992981911122342,6.308249667667289,12.969376174815372,11.692740998710773
S1-connector,0.5,152,a,0,10,1,10,8,-8.873574651118307,11.612710678089677,75.50124726725808,0.3739386889527179,32.825617205272586,,,,11.692740998710773
S1-connector,0.5,152,b,0,10,1,10,8,-7.208951190277136,2.6252752879654606,0.00012340980413471414,0.9904437335558095,10.696785561454616,574.6202875954071,-1115.5382829115913,1136.9318540345005,11.692740998710773
S1-connector,0.5,152,c,0,10,1,10,8,-2.1658666174997236,1.555354449183427,0.3073478449660037,0.49846206707954904,11.071415899005688,1.7228668436468104,7.6946589352997385,14.448172862711637,11.692740998710773
S1-connector,0.5,153,a,0,10,1,9,8,0.7658036788396061,2.4514575651266455,8102.750193605125,0.08051950576756421,32.66045011719841,,,,11.692740998710773
S1-connector,0.5,153,b,0,10,1,9,8,-4.2959494606978055,3.6297280618002987,0.05694762485563989,0.5437593429907123,14.130863914370085,10.307066372332438,-6.070614961665399,34.33234279040557,11.692740998710773
S1-connector,0.5,153,c,0,10,1,9,8,-1.502214872362377,1.743565740145924,1.3813750565643388,0.4033472364726551,12.046925777596,2.3594990029758316,7.422392710205204,16.671458844986795,11.692740998710773
S1-connector,0.5,154,a,0,10,1,10,9,-2.7564821127677543,6.874218424528328,8103.083608824915,0.09194837109626912,66.9670852162241,1197.8568110284177,-2280.789123035476,2414.723293467924,11.692740998710773
S1-connector,0.5,154,b,0,10,1,10,9,2.3665067334781824,0.2245317802948718,7927.965191231519,0.09966480501554102,10.100645214918913,28.93676982494365,-46.61438147089604,66.81567190073386,11.692740998710773
S1-connector,0.5,154,c,0,10,1,10,9,-1.642447166301232,1.4464608999031037,0.6920319161564868,0.4493869936894664,11.102291128896171,1.8191357935886157,7.536850490474794,14.667731767317548,11.692740998710773
S1-connector,0.5,155,a,0,10,1,10,8,3.9854525059247914,-1.3655471689498697,6616.001242962613,0.050000001805046795,-14.777782663455408,,,,11.692740998710773
S1-connector,0.5,155,b,0,10,1,10,8,2.5821582157690344,0.3959036114033746,8103.08387115025,0.05453297446970894,14.388797145263037,147.18637174143487,-274.09119048307326,302.8687847735993,11.692740998710773
S1-connector,0.5,155,c,0,10,1,10,8,-2.0319264844067257,1.8709756399072455,0.5869087575196877,0.4515659695290088,11.943087574725052,2.380162974794782,7.278053866791562,16.60812128265854,11.692740998710773
S1-connector,0.5,160,a,0,10,1,9,9,0.7876885437057919,2.3010611762534,8103.049754527609,0.09458295104508559,27.57151072268784,373.29359958201064,-704.0705001173692,759.213521562745,11.692740998710773
S1-connector,0.5,160,b,0,10,1,9,9,0.07700689328232167,0.8339298063099021,20.380317779606468,0.30927951603079,10.567205732220932,14.212807011788538,-17.289384130102952,38.42379559454481,11.692740998710773
S1-connector,0.5,160,c,0,10,1,9,9,-1.746047554327688,1.2189405737850996,0.36615590014944516,0.48397090214120925,10.496081727531337,1.84224935972426,6.885339331929813,14.10682412313286,11.692740998710773
S1-connector,0.5,161,a,0,10,1,9,10,-6.6305510714280995,8.416434286090361,36.48735832930708,0.40429790077902483,24.81263772415026,38.62056405896105,-50.88227689403544,100.50755234233597,11.692740998710773
S1-connector,0.5,161,b,0,10,1,9,10,-7.05140203254604,2.9373892661859946,0.00012340980416034443,0.9426722851857169,11.068911240159508,910.1124358903734,-1772.7186849869913,1794.8565074673102,11.692740998710773
S1-connector,0.5,161,c,0,10,1,9,10,-1.8574362991178415,1.5852764455217003,0.7702119071260705,0.46314794859075503,11.264277130850447,1.8382784424324006,7.661317590126554,14.86723667157434,11.692740998710773
S1-connector,0.5,162,a,0,10,1,7,8,-4.767846044163539,9.614820263063308,8103.055517182212,0.07687201759099054,106.26781488915229,,,,11.692740998710773
S1-connector,0.5,162,b,0,10,1,7,8,-2.3673981933729484,1.3711586185243776,0.06147542279555448,0.5411622935529791,10.496257306768257,14.87780411096421,-18.66370291976355,39.656217533300065,11.692740998710773
S1-connector,0.5,162,c,0,10,1,7,8,-1.0656116352279579,1.5611278535585393,2.585823882322361,0.36967066387041947,11.94762247060138,2.8447108425482983,6.372091672776122,17.523153268426636,11.692740998710773
S1-connector,0.5,163,a,0,10,1,9,9,-1.707794354758145,5.060851275193553,6621.0566763649,0.13730222103072287,37.206029676675804,222.5842362880254,-399.05105697420737,473.463116327559,11.692740998710773
S1-connector,0.5,163,b,0,10,1,9,9,-5.711196649990478,1.386927265481106,0.000123409805625661,0.9495184237785061,9.523480186477912,2753.646261370594,-5387.524018263254,5406.57097863621,11.692740998710773
S1-connector,0.5,163,c,0,10,1,9,9,-1.727061007623386,1.133251529750613,0.2464806378421733,0.4979104829950183,10.13130989271441,1.9440301267765592,6.32108085937152,13.941538926057301,11.692740998710773
S1-connector,0.5,164,a,0,10,1,8,9,-0.4130328000229612,3.82732679395354,8103.083746221746,0.09593056132551196,39.74239649035176,472.35153765847303,-886.0496053623705,965.534398343074,11.692740998710773
S1-connector,0.5,164,b,0,10,1,8,9,1.2507783292543952,0.43751004134326044,290.7577579031314,0.20953342712527168,10.034163665976218,21.730569312855668,-32.5569695507722,52.62529688272463,11.692740998710773
S1-connector,0.5,164,c,0,10,1,8,9,-2.3955557838960333,1.7440854556146554,0.1975443600199829,0.5114863762797279,11.239376819485607,2.0335906149060805,7.253612454971027,15.225141184000186,11.692740998710773
S1-connector,0.5,165,a,0,10,1,8,9,-4.353187265253139,8.018315610503265,1318.8764852052072,0.1728969156750164,44.84927753330354,238.7550710579595,-423.1020628665985,512.8006179332056,11.692740998710773
S1-connector,0.5,165,b,0,10,1,8,9,-6.647662882458337,2.6749865693606667,0.0001234098043655785,0.9185176635069751,10.910560550092686,879.4487320999283,-1712.7772806151813,1734.5984017153667,11.692740998710773
S1-connector,0.5,165,c,0,10,1,8,9,-2.4845674665901267,1.9167882171110355,0.2273357330402912,0.5047137465661605,11.580544010748438,2.310255715111134,7.052526014052788,16.10856200744409,11.692740998710773
S1-connector,0.5,166,a,0,10,1,9,8,-3.136266759117059,6.643431253448947,2505.5421691574616,0.1549664916266543,42.18499751087483,,,,11.692740998710773
S1-connector,0.5,166,b,0,10,1,9,8,-4.5360263015290645,2.3368025342213095,0.009738041472689104,0.6990573109140654,11.317836694532184,20.767782726710745,-29.386269488573916,52.02194287763828,11.692740998710773
S1-connector,0.5,166,c,0,10,1,9,8,-1.808487483605222,2.001796243623338,1.3120668171651217,0.40775606663289066,12.694370895962281,2.8199807936605894,7.167310103292849,18.221431688631714,11.692740998710773
S1-connector,0.5,167,a,0,10,1,8,9,-5.463286844407218,10.145747083377728,8058.017589978732,0.11118644733461056,79.72620214033795,796.684861362949,-1481.7474331593282,1641.1998374400043,11.692740998710773
S1-connector,0.5,167,b,0,10,1,8,9,-5.75269053631804,1.6967747939133422,0.00012340980653789642,0.9166038081855188,9.913819379787189,2099.2205339365278,-4104.48282274275,4124.310461502324,11.692740998710773
S1-connector,0.5,167,c,0,10,1,8,9,-1.7846460043852503,1.1657267162719993,0.2726409722142063,0.4966464545012106,10.290305542956512,1.7199697158642693,6.919226845362954,13.66138424055007,11.692740998710773
S3-severe,0.5,4,a,0,15,1,0,0,-2.0712456852290733,1.7167339249209068,0.6606655577717723,0.4580690846511449,11.867568327735134,,,,11.692740998710773
S3-severe,0.5,4,b,0,15,1,0,0,-2.4018754250881056,1.5286730753616706,0.6222347795070086,0.47614278414643396,12.131267333563988,,,,11.692740998710773
S3-severe,0.5,4,c,0,15,1,0,0,-1.9964275168487573,1.6054793138097037,0.3957673733482605,0.47398899411108447,11.281096412165013,1.2954622233157622,8.742037111133934,13.820155713196092,11.692740998710773
S3-severe,0.5,5,a,0,15,1,0,0,-1.9906317710304138,1.5787769205246227,0.6238345440022877,0.45480053455371333,11.766395825270227,,,,11.692740998710773
S3-severe,0.5,5,b,0,15,1,0,0,-9.594596761969097,3.847891959101248,8100.820768992522,0.7197100937608237,18.056984443137072,,,,11.692740998710773
S3-severe,0.5,5,c,0,15,1,0,0,-1.823998783733651,1.6057671510968103,0.6951647762608556,0.44653611557876627,11.600209453913964,1.3862499131731458,8.883209550522821,14.317209357305106,11.692740998710773
S3-severe,0.5,6,a,0,15,1,0,0,-1.9420661796117145,1.7314050738565094,0.5806808247866955,0.413186484222061,12.82528431816101,,,,11.692740998710773
S3-severe,0.5,6,b,0,15,1,0,0,-2.32396204504213,1.3334874908237175,0.6097736050512114,0.48434413422325395,11.759883933956761,34786.56856719539,-68168.66165350212,68192.18142137004,11.692740998710773
S3-severe,0.5,6,c,0,15,1,0,0,-1.7754613484295458,1.8133233173870982,1.05276699913735,0.4234031121951311,12.13507873766154,1.4553832218553975,9.282580039121095,14.987577436201986,11.692740998710773
S3-severe,0.5,7,a,0,15,1,0,1,-1.9416086911370298,1.6848719912759655,0.6160300887439123,0.4283099597861715,12.374306710911299,,,,11.692740998710773
S3-severe,0.5,7,b,0,15,1,0,1,-2.2623315712338306,1.2565411364426136,0.6283818417727951,0.47988152221279773,11.737900098772766,38783.27983984392,-76002.09378833366,76025.5695885312,11.692740998710773
S3-severe,0.5,7,c,0,15,1,0,1,-2.0641581545089585,1.7340397665145602,0.4493060306724348,0.47072550876479585,11.51638088478459,1.3001335578995017,8.968165936209646,14.064595833359535,11.692740998710773
S3-severe,0.5,20,a,0,15,1,0,0,-2.010218722731089,1.6939269109606725,0.6450951506754261,0.4401433347377689,12.20601044484335,,,,11.692740998710773
S3-severe,0.5,20,b,0,15,1,0,0,-2.3043644960728775,1.305305619307673,0.5795691717274468,0.48285378063888884,11.752799054709516,34679.996680597826,-67959.79167888565,67983.29727699507,11.692740998710773
S3-severe,0.5,20,c,0,15,1,0,0,-1.854129640897062,1.8365342348589744,0.6903886435944366,0.43954908123034925,11.855867099142527,1.3461145785610111,9.217531006098632,14.494203192186422,11.692740998710773
S3-severe,0.5,21,a,0,15,1,0,0,-2.0335891801574846,1.7030958833172782,0.5942605876098059,0.4387916031974137,12.29528784014929,,,,11.692740998710773
S3-severe,0.5,21,b,0,15,1,0,0,-2.21983974929794,1.2425024948000085,0.5866632817437213,0.47333664822684157,11.805245974883961,44314.57069390252,-86843.1573044282,86866.76779637797,11.692740998710773
S3-severe,0.5,21,c,0,15,1,0,0,-1.9467785866280738,1.7376683370544246,0.5700475658012469,0.4548528206748997,11.660358040612063,1.2662097841742659,9.178632466758268,14.142083614465859,11.692740998710773
S3-severe,0.5,22,a,0,15,1,0,0,-2.062114210964485,1.5932188611885356,0.6044191763750042,0.44078843410794816,12.307574767509777,,,,11.692740998710773
S3-severe,0.5,22,b,0,15,1,0,0,-2.0932876245018326,1.1932777600098128,0.6047387934639996,0.4616538267434429,11.821399781535488,38876.944108460324,-76185.58888177734,76209.2316813404,11.692740998710773
S3-severe,0.5,22,c,0,15,1,0,0,-1.7437526362584688,1.78460446545269,0.9077100359021826,0.4266389714263671,11.958611216731766,1.4349884363142145,9.146085563324457,14.771136870139076,11.692740998710773
S3-severe,0.5,23,a,0,15,1,0,0,-1.8737089475666855,1.67562146945102,0.6201381988861696,0.4099050521299999,12.757312055865574,,,,11.692740998710773
S3-severe,0.5,23,b,0,15,1,0,0,-2.412119152030565,1.4342200405476173,0.5779506689093387,0.49036540823381924,11.798820091514534,44232.28315434702,-86681.88311640637,86705.4807565894,11.692740998710773
S3-severe,0.5,23,c,0,15,1,0,0,-1.9117965353135127,1.8608080994484064,0.6533452764388765,0.4428489078240099,11.900693770714305,1.402169665999278,9.152491725141164,14.648895816287446,11.692740998710773
S3-severe,0.5,12,a,0,15,1,0,0,-2.0195929744753034,1.7234944054458443,0.641751973174417,0.4360932587948802,12.341470043923692,,,,11.692740998710773
S3-severe,0.5,12,b,0,15,1,0,0,-2.2997275533179495,1.3696879443575123,0.6200858435123143,0.4804635218488925,11.803451339950472,48112.01426146833,-94286.01172481543,94309.61862749532,11.692740998710773
S3-severe,0.5,12,c,0,15,1,0,0,-2.0373049182405865,1.658861085860333,0.4345381865294027,0.4725439725156275,11.411062466969934,1.285403873667208,8.891717168993933,13.930407764945935,11.692740998710773
S3-severe,0.5,13,a,0,15,1,0,0,-1.7851235048954444,1.2656776579680185,0.6459463531198135,0.42706590527539545,12.029717300442949,,,,11.692740998710773
S3-severe,0.5,13,b,0,15,1,0,0,-1.9763651449270352,1.074285519642042,0.6414824043763199,0.4562219909300077,11.698435649570927,33889.00951768893,-66409.53969075585,66432.93656205498,11.692740998710773
S3-severe,0.5,13,c,0,15,1,0,0,-1.8456916835968564,1.5032853040108933,0.4246496068256072,0.4643181509411926,11.178103232783402,1.2949109085068549,8.640124488921925,13.716081976644878,11.692740998710773
S3-severe,0.5,14,a,0,15,1,1,0,-1.901484508975191,1.6201630997969523,0.5995211888472366,0.41137140281901513,12.780556224510466,,,,11.692740998710773
S3-severe,0.5,14,b,0,15,1,1,0,-6.132389356875727,9.649458337125228,2920.084882555409,0.24904041328145846,38.28124604772433,7.854470854425522,22.886766055430762,53.6757260400179,11.692740998710773
S3-severe,0.5,14,c,0,15,1,1,0,-1.8841080236453063,1.848523410662017,0.867443636373324,0.4350536256376537,12.060883593166768,1.3145645690567793,9.484384382463062,14.637382803870473,11.692740998710773
S3-severe,0.5,15,a,0,15,1,0,0,-2.0661047627430906,1.6253142740416342,0.6359717720171543,0.44209419987369036,12.282760524599988,,,,11.692740998710773
S3-severe,0.5,15,b,0,15,1,0,0,-2.3768134250243333,1.1748344107530397,0.6162813900921716,0.49960572159417815,11.509754400404567,37485.219420332025,-73458.17026203177,73481.18977083259,11.692740998710773
S3-severe,0.5,15,c,0,15,1,0,0,-1.774359159901262,1.7858153823390321,0.8726916085197816,0.4260340808953044,12.048526806870496,1.5330647730956635,9.043775065635927,15.053278548105066,11.692740998710773
S3-severe,0.5,0,a,0,15,1,1,0,-1.9497865874738718,1.5496626747645386,0.6300841999155044,0.43724403972542564,12.14205379538598,,,,11.692740998710773
S3-severe,0.5,0,b,0,15,1,1,0,-5.950061992831083,7.907018465106708,302.0199696788259,0.3961290593296965,23.6065092240034,2.8504986498928435,18.019634532233376,29.193383915773424,11.692740998710773
S3-severe,0.5,0,c,0,15,1,1,0,-1.755607493119651,1.7633217110967956,0.9558280241714749,0.42817199544223356,11.947189956579985,1.396069211015242,9.210944583064862,14.683435330095108,11.692740998710773
S3-severe,0.5,1,a,0,15,1,0,0,-1.9224147680879344,1.6526647594981245,0.6240341909864298,0.4184953160160864,12.617337547049463,,,,11.692740998710773
S3-severe,0.5,1,b,0,15,1,0,0,-2.348185542077123,1.3825761086522967,0.5969209001712358,0.48385940379858183,11.82254511107735,34993.5890336134,-68574.35165056698,68597.99674078914,11.692740998710773
S3-severe,0.5,1,c,0,15,1,0,0,-2.191897592471192,1.579268347558258,0.3022321197516032,0.5001675443310576,11.087399929231426,1.2614789393890624,8.614946640773077,13.559853217689774,11.692740998710773
S3-severe,0.5,2,a,0,15,1,1,0,-1.965299273894015,1.6749701870223104,0.620759744200451,0.41738187019540707,12.757837107570008,,,,11.692740998710773
S3-severe,0.5,2,b,0,15,1,1,0,-3.3811510359523744,2.443863932559111,2.266638141369961,0.5925779166805378,11.436577265728646,,,,11.692740998710773
S3-severe,0.5,2,c,0,15,1,1,0,-1.9929818596142772,1.5923548397961405,0.5006516764530203,0.47072898983918576,11.36347101031329,1.2245438121186523,8.96340924106935,13.76353277955723,11.692740998710773
S3-severe,0.5,3,a,0,15,1,0,0,-1.75773746735287,1.3236936815241256,0.6355348196240612,0.4184516060264648,12.207698337708166,,,,11.692740998710773
S3-severe,0.5,3,b,0,15,1,0,0,-6.778557863557193,-0.45161768946212844,8103.080754961554,0.8735711895385548,11.653031154628476,1.163304613995018e-05,11.653008354277011,11.65305395497994,11.692740998710773
S3-severe,0.5,3,c,0,15,1,0,0,-1.2642081243127423,1.8234151602196955,3.0768844376389333,0.3619205316148135,12.786592363734494,1.8188965317608183,9.221620669878476,16.35156405759051,11.692740998710773
S1-connector,0.5,168,a,0,10,1,10,8,-4.713668436814303,9.393030131787725,8102.99440036367,0.08843620003473789,91.759285169159,,,,11.692740998710773
S1-connector,0.5,168,b,0,10,1,10,8,-5.993048855202405,3.1740129455894297,0.0013762845496480657,0.7913138696464896,11.851812882315667,55.35443019399937,-96.64087668265961,120.34450244729095,11.692740998710773
S1-connector,0.5,168,c,0,10,1,10,8,-2.005992060335554,2.162377578253918,0.98495882955127,0.41446332206364866,12.969724277019008,2.9863887111537895,7.11650995932059,18.822938594717428,11.692740998710773
S1-connector,0.5,169,a,0,10,1,9,7,-6.36951183073661,11.894924638485378,4591.592058741681,0.05000000033710684,195.4140646317688,,,,11.692740998710773
S1-connector,0.5,169,b,0,10,1,9,7,2.565480601900096,0.3950146868024439,8103.083706612972,0.05609406783999473,14.295807744351924,145.4674483833154,-270.8151520098856,299.40676749858943,11.692740998710773
S1-connector,0.5,169,c,0,10,1,9,7,-1.9137208809692994,2.1338222103356816,1.120677424935935,0.4067004828265112,12.988212427272487,2.829395004706753,7.442700120009714,18.53372473453526,11.692740998710773
S1-connector,0.5,170,a,0,10,1,8,8,-6.461527107046081,10.558021769521254,616.4423639539552,0.1885038210145663,52.32100713767083,218.6636971657244,-376.25196403352203,480.8939783088637,11.692740998710773
S1-connector,0.5,170,b,0,10,1,8,8,-6.3520310752492275,2.578804795120348,0.00012340980429826574,0.8967726352884229,10.834981699520341,2059.380082797428,-4025.4758110625526,4047.1457744615936,11.692740998710773
S1-connector,0.5,170,c,0,10,1,8,8,-2.404101795852146,1.7681054856024834,0.1895429460571321,0.5095807415094687,11.297030142905232,2.0771697621326166,7.225852219349672,15.368208066460792,11.692740998710773
S1-connector,0.5,171,a,0,10,1,10,8,-7.0426314820939,11.433763522545082,1181.879747739049,0.17707690662729597,58.97902281822646,261.8558609219969,-454.2490337296168,572.2070793660697,11.692740998710773
S1-connector,0.5,171,b,0,10,1,10,8,-4.555057785206424,2.8096185096570157,0.013785552826878803,0.6679002918386884,11.880970226576848,9.9541325868643,-7.6287711410137025,31.3907115941674,11.692740998710773
S1-connector,0.5,171,c,0,10,1,10,8,-1.7383935991880763,1.8639018804609755,0.8995548689120682,0.42043292812236494,12.121373688801356,2.7864594228433517,6.660013575646121,17.58273380195659,11.692740998710773
S1-connector,0.5,180,a,0,10,1,8,10,-2.14566145504485,1.1625963570634572,0.6053425016940562,0.41984150087352007,13.127997590587782,,,,11.692740998710773
S1-connector,0.5,180,b,0,10,1,8,10,-11.983686489486754,7.710511855199881,0.00012341027897463193,0.9678184214366999,15.896321037596396,,,,11.692740998710773
S1-connector,0.5,180,c,0,10,1,8,10,-2.657120221488306,2.4462876384420102,0.41431314122664004,0.4676889406688054,12.899211143902901,2.140054344839937,8.704781703058163,17.09364058474764,11.692740998710773
S1-connector,0.5,181,a,0,10,1,10,10,-2.1612406175410803,1.406791850476171,0.6024021871673151,0.38751721745078405,14.2644416519824,,,,11.692740998710773
S1-connector,0.5,181,b,0,10,1,10,10,-11.999999766463448,11.90150336317646,0.35671110130531636,0.4865436166965425,31.654294111704413,,,,11.692740998710773
S1-connector,0.5,181,c,0,10,1,10,10,-2.395737201424467,2.4293331877259345,0.7018239192061715,0.44258604097825893,13.040379794211201,2.5366607244186703,8.068616133353324,18.01214345506908,11.692740998710773
S1-connector,0.5,182,a,0,10,1,8,8,-3.036029136841522,3.342056098737272,27.024751533773575,0.4463364632811599,14.417520201027054,,,,11.692740998710773
S1-connector,0.5,182,b,0,10,1,8,8,-4.187723215857468,2.4739924108769533,0.021652407360741546,0.6425105564110528,11.773786779024826,12.981467363097273,-13.669421719127973,37.216995277177624,11.692740998710773
S1-connector,0.5,182,c,0,10,1,8,8,-0.5633932533362227,1.7456398945078855,12.773436693499166,0.28400611853712654,13.828308413684828,4.699799782664252,4.616870105113721,23.039746722255934,11.692740998710773
S1-connector,0.5,183,a,0,10,1,8,9,-4.032973048325964,5.9390688487396375,71.25224882112776,0.32506801557550696,22.868073299541685,,,,11.692740998710773
S1-connector,0.5,183,b,0,10,1,8,9,-3.2130743533646795,1.5117102930284652,0.06185525007070716,0.6281062464387486,10.470241235559458,7.565867131079763,-4.358585853172261,25.299068324291177,11.692740998710773
S1-connector,0.5,183,c,0,10,1,8,9,-1.5905595101474979,1.3409338000011752,0.6500306089826275,0.4549671399674116,10.841701407676243,2.2061120780798085,6.517801188781003,15.165601626571483,11.692740998710773
S3-severe,0.5,8,a,0,15,1,0,0,-2.102991967819626,1.577302864818264,0.6033532383412361,0.44438756070255486,12.303257975605703,,,,11.692740998710773
S3-severe,0.5,8,b,0,15,1,0,0,-2.2205346572259534,1.3186017505488183,0.5791504103144901,0.46466383163983044,12.026671282619404,42213.439136019595,-82724.7936988894,82748.84704145463,11.692740998710773
S3-severe,0.5,8,c,0,15,1,0,0,-1.766316424791016,1.636760940475924,0.7330325119914547,0.44064300769347825,11.621192076787468,1.4559367017147327,8.767608577656556,14.474775575918379,11.692740998710773
S3-severe,0.5,9,a,0,15,1,2,0,-2.0405089431258943,1.678499889407006,0.5903956615139058,0.4491729768250024,12.026845064082229,,,,11.692740998710773
S3-severe,0.5,9,b,0,15,1,2,0,-2.9708095750224093,6.264022953939847,8102.933327750413,0.18446754601449936,34.54197689626764,50.04383510989351,-63.542137567384685,132.62609135991997,11.692740998710773
S3-severe,0.5,9,c,0,15,1,2,0,-1.6327928185749272,1.9446907772131614,1.6758816278900965,0.3995500740682885,12.510768612205569,1.5014855482523892,9.567911014323508,15.453626210087629,11.692740998710773
S3-severe,0.5,10,a,0,15,1,1,0,-2.026800613887864,1.6506970431706673,0.6139305864124104,0.4527114087920106,11.903070286913437,,,,11.692740998710773
S3-severe,0.5,10,b,0,15,1,1,0,-4.95940354858962,8.630392154724662,6432.5437773076965,0.20198841636506104,41.391385751446855,45.908039094093446,-48.58671747383311,131.3694889767268,11.692740998710773
S3-severe,0.5,10,c,0,15,1,1,0,-1.8779085832847953,1.722385918244861,0.6902117776568596,0.448035668645087,11.686669622359275,1.2746617513450285,9.18837849725227,14.184960747466281,11.692740998710773
S3-severe,0.5,11,a,0,15,1,0,0,-1.961183000476979,1.7107827343534763,0.6416479249073358,0.4289511996038416,12.40534495419591,,,,11.692740998710773
S3-severe,0.5,11,b,0,15,1,0,0,-5.945991119197526,-1.7245476110750744,8102.834177574956,1.0378420626490872,9.006362371190342,8.524737535521659e-06,9.006345663011794,9.00637907936889,11.692740998710773
S3-severe,0.5,11,c,0,15,1,0,0,-2.0683708189395213,1.5890365235748285,0.33734213816534836,0.4854110060647915,11.163029226522358,1.3451351182846312,8.526612840344455,13.79944561270026,11.692740998710773
S1-connector,0.5,196,a,0,10,1,8,9,-2.2196023673205016,1.2759399269259672,0.6512032122510684,0.3975430359368556,14.059604219847271,,,,11.692740998710773
S1-connector,0.5,196,b,0,10,1,8,9,-11.992689570038692,8.260448736648332,0.00012340980442678774,0.9161493735465908,16.802671089429353,60.41260690421664,-101.60386265501107,135.20920483386976,11.692740998710773
S1-connector,0.5,196,c,0,10,1,8,9,-1.6332076428542068,2.050946390541461,2.5094733276815053,0.3771651499478666,13.27153280189002,2.9713058253467612,7.4478803971563075,19.095185206623732,11.692740998710773
S1-connector,0.5,197,a,0,10,1,8,7,3.312674022625079,-1.4296310178584144,1680.0303412677406,0.13740698113975014,-0.49532673303221825,32.01626928293008,-63.2460614469112,62.25540798084677,11.692740998710773
S1-connector,0.5,197,b,0,10,1,8,7,-5.421745682803264,2.8551936879368434,0.001423619208727869,0.7553471451282857,11.64436519527315,89.60944749962263,-163.98692457852002,187.2756549690663,11.692740998710773
S1-connector,0.5,197,c,0,10,1,8,7,-2.397568912612747,1.466496806430159,0.1494588556917594,0.5332853493450075,10.770472344680545,1.7522183644541924,7.33618745730065,14.204757232060441,11.692740998710773
S1-connector,0.5,198,a,0,10,1,7,8,2.5125173731484116,0.20024935914382785,8103.08334671164,0.08321395812655526,10.294150517651284,132.59130254245687,-249.58002712881827,270.16832816412085,11.692740998710773
S1-connector,0.5,198,b,0,10,1,7,8,-1.2759817720240276,1.790565687798267,1.6851581692844684,0.36772611035735897,12.582377636771767,15.772297427098511,-18.330757273795072,43.495512547338606,11.692740998710773
S1-connector,0.5,198,c,0,10,1,7,8,-1.6173496475538043,1.8232874558038672,1.230133583996286,0.4049254789572699,12.290386540209466,2.447744989383744,7.492894517678951,17.08787856273998,11.692740998710773
S1-connector,0.5,199,a,0,10,1,8,8,-2.1053002840094,1.2702648083663943,0.5936947615958014,0.40721950363700965,13.431357396024659,,,,11.692740998710773
S1-connector,0.5,199,b,0,10,1,8,8,-9.168475434128606,11.578017405967742,8087.433464884123,0.12848991408301905,97.8261417185482,69.17147165061144,-37.747451474283594,233.39973491138,11.692740998710773
S1-connector,0.5,199,c,0,10,1,8,8,-2.233794839816927,2.246286112059922,0.8452941279368467,0.4295150852233515,13.05595995602175,2.6401429671517556,7.881374826367594,18.230545085675907,11.692740998710773
S1-connector,0.5,172,a,0,10,1,8,9,-6.134626279604257,11.42051917553472,8103.083129349578,0.07055144897986393,135.1611932533563,,,,11.692740998710773
S1-connector,0.5,172,b,0,10,1,8,9,2.0346340655526216,0.391428942754822,1511.4552905822006,0.11974199788712625,11.028129506082253,94.07854418984329,-173.36242882397053,195.41868783613504,11.692740998710773
S1-connector,0.5,172,c,0,10,1,8,9,-1.9190764234912456,1.5055904271148641,0.42659302505191254,0.47229088131915736,11.15353211808105,2.189794196088587,6.861614360192577,15.445449875969521,11.692740998710773
S1-connector,0.5,173,a,0,10,1,9,9,-7.1596225312862085,10.132048312274641,53.52612122677294,0.30888211162529905,34.19037443438993,,,,11.692740998710773
S1-connector,0.5,173,b,0,10,1,9,9,-5.066237458114931,2.817498913919523,0.004839656572617668,0.7265440817863125,11.625207621191336,24.589752839085243,-36.56982233215728,59.82023757453995,11.692740998710773
S1-connector,0.5,173,c,0,10,1,9,9,-1.8631351464784744,1.7131815916787205,0.47883076953932713,0.45081240084570673,11.561052069695085,2.2779959628322923,7.096262025616149,16.025842113774022,11.692740998710773
S1-connector,0.5,174,a,0,10,1,10,10,-4.761868818875666,8.704050511978181,718.8203064834,0.15816529051356654,51.61051177203901,,,,11.692740998710773
S1-connector,0.5,174,b,0,10,1,10,10,-2.833359729164194,2.157998040134071,0.178055275153866,0.5274020835367473,11.759426329124382,9.101415745503116,-6.079020740387493,29.59787339863626,11.692740998710773
S1-connector,0.5,174,c,0,10,1,10,10,-2.327028654757209,2.034449659003039,0.3747418047618021,0.4785148929400338,11.892899433735032,2.3275398895467796,7.331005077643009,16.454793789827054,11.692740998710773
S1-connector,0.5,175,a,0,10,1,9,7,1.5934913492970524,0.7174415259860187,2417.2730625856807,0.14347316282517697,12.436389765741277,,,,11.692740998710773
S1-connector,0.5,175,b,0,10,1,9,7,-4.272341238202699,2.80100554422126,0.02346578521236514,0.6299955404806936,12.146487466238694,8.417623970325634,-4.351752351000604,28.64472728347799,11.692740998710773
S1-connector,0.5,175,c,0,10,1,9,7,-1.31491397705763,1.3894738477006299,1.1613039913576633,0.41484209968344005,11.227942140544902,2.1421553274044443,7.029394849541584,15.426489431548221,11.692740998710773
S3-severe,0.5,16,a,0,15,1,0,1,-2.0394831003811267,1.6320546166413417,0.6379565663492819,0.4500298463036337,12.004920162944344,,,,11.692740998710773
S3-severe,0.5,16,b,0,15,1,0,1,-1.596696588242176,0.6049073114464697,0.5419655629787562,0.43275785989110566,11.400196798050672,41569.904526410246,-81464.11551573461,81486.9159093307,11.692740998710773
S3-severe,0.5,16,c,0,15,1,0,1,-1.5666566698496383,1.710463709815937,1.355946245241694,0.4106743553490862,11.994695158913967,1.5904063989469235,8.877555896195956,15.111834421631977,11.692740998710773
S3-severe,0.5,17,a,0,15,1,0,0,-1.8778960637579396,1.6449383717077255,0.6174727574777052,0.40928992755567417,12.786941677601728,,,,11.692740998710773
S3-severe,0.5,17,b,0,15,1,0,0,-2.172546674572472,1.232875622648627,0.5575874041032077,0.4716216733416918,11.742590692606338,33995.160886026184,-66617.54839456346,66641.03357594868,11.692740998710773
S3-severe,0.5,17,c,0,15,1,0,0,-2.0972381801840614,1.7645339363150874,0.3980728316466625,0.4707582487067755,11.583230623653883,1.3177660408839955,9.000456643471315,14.16600460383645,11.692740998710773
S3-severe,0.5,18,a,0,15,1,1,0,-1.9462808006649324,1.6020883873731493,0.6413346129296742,0.4344197107067419,12.21343832662323,,,,11.692740998710773
S3-severe,0.5,18,b,0,15,1,1,0,-2.317192211269308,2.982680227051781,37.49702960920773,0.41560617321405563,13.750094131681017,26.67826525589514,-38.53834493987971,66.03853320324174,11.692740998710773
S3-severe,0.5,18,c,0,15,1,1,0,-1.958252264301523,1.7091638521647727,0.6072825131553052,0.4546190745298413,11.69569575287232,1.3187742154321298,9.110945786885278,14.280445718859362,11.692740998710773
S3-severe,0.5,19,a,0,15,1,1,0,-1.9872730466268527,1.7641399708916723,0.6292402657482918,0.4319130537752,12.382221310863232,,,,11.692740998710773
S3-severe,0.5,19,b,0,15,1,1,0,-5.9177285768128485,10.038845267327897,7548.5008689494425,0.18443261242965547,50.52749938243895,9.318484764713164,32.26360485311595,68.79139391176194,11.692740998710773
S3-severe,0.5,19,c,0,15,1,1,0,-1.6078375335586925,1.4483052650430857,0.840635888073673,0.4362051867845245,11.36602672673675,1.4415424582585876,8.540655426364584,14.191398027108917,11.692740998710773
S1-connector,0.5,192,a,0,10,1,10,10,-5.301405003163332,6.497541490873026,40.431388280525965,0.4245563431696139,20.49767741187967,22.791501820179256,-24.17284530925076,65.1682001330101,11.692740998710773
S1-connector,0.5,192,b,0,10,1,10,10,-7.240073707891383,2.982112250973201,0.00012340980413165403,0.9629041269551091,11.035537177139593,534.2912017047815,-1036.1559754208579,1058.227049775137,11.692740998710773
S1-connector,0.5,192,c,0,10,1,10,10,-1.4227311143938428,1.5844104433020505,1.512113716048635,0.40935474477109757,11.672188296329125,2.3340175412191586,7.097597976254843,16.246778616403407,11.692740998710773
S1-connector,0.5,193,a,0,10,1,9,10,-2.2234393368409138,1.225805654006308,0.6377061754234803,0.40912746961291885,13.670372767932955,,,,11.692740998710773
S1-connector,0.5,193,b,0,10,1,9,10,-7.112818804669261,9.707806971788541,8103.08392727432,0.10533578906866597,99.81426219847405,,,,11.692740998710773
S1-connector,0.5,193,c,0,10,1,9,10,-2.4179836512208155,2.445005722990304,0.6742100333803709,0.4365079888253087,13.273048761272005,2.413601087159427,8.542477557392807,18.003619965151202,11.692740998710773
S1-connector,0.5,194,a,0,10,1,8,10,-2.3195279637968365,1.296599693981268,0.6218784714712225,0.4192736706368144,13.574795873803476,,,,11.692740998710773
S1-connector,0.5,194,b,0,10,1,8,10,-8.528504377397683,11.389969775093093,8103.083926432618,0.07228705168683255,165.03233935638897,,,,11.692740998710773
S1-connector,0.5,194,c,0,10,1,8,10,-1.7952280284584075,1.7561577588005373,1.0222484231742301,0.4298810829291927,11.998647660115994,2.245491171495329,7.597565836382495,16.39972948384949,11.692740998710773
S1-connector,0.5,195,a,0,10,1,10,7,1.9130151711620869,0.24399854213393585,3384.809433106722,0.15252856513751692,9.578154917563396,35.15845251327316,-59.33114576061375,78.48745559574054,11.692740998710773
S1-connector,0.5,195,b,0,10,1,10,7,-0.7808371173120328,0.8716935361608315,5.686518051376494,0.41151589641073893,10.053311919835748,6.970480642188737,-3.608579093787805,23.715202933459302,11.692740998710773
S1-connector,0.5,195,c,0,10,1,10,7,-1.8602955615051595,1.565845781687993,0.4743033165883699,0.46627406787338993,11.170740094900513,1.8404011631069452,7.563620098105274,14.77786009169575,11.692740998710773
S1-connector,0.5,188,a,0,10,1,9,7,2.7476910533752212,0.029966548599263967,8103.082300028709,0.06914316016842843,8.864847298587177,,,,11.692740998710773
S1-connector,0.5,188,b,0,10,1,9,7,-0.6234388798902875,1.6060359451834751,8.977808055054897,0.3081009522901894,12.926853726423575,34.226490564452824,-54.155835097103946,80.00954254995109,11.692740998710773
S1-connector,0.5,188,c,0,10,1,9,7,-2.1295465279040213,1.432774067954748,0.23089148853797234,0.5045671157981854,10.846643525008659,1.8917620443311667,7.138858050799707,14.554428999217611,11.692740998710773
S1-connector,0.5,189,a,0,10,1,7,9,0.2632566580387432,0.13849817913655987,123.65455078203172,0.35353100916334335,8.798559456289288,13.717676045608513,-18.08759154469123,35.6847104572698,11.692740998710773
S1-connector,0.5,189,b,0,10,1,7,9,-6.573351584011338,2.451984322211522,0.000123409804518006,0.9294457235087209,10.700059011905301,954.7045332829572,-1860.4864420998122,1881.8865601236228,11.692740998710773
S1-connector,0.5,189,c,0,10,1,7,9,-1.9213439742914151,1.6486767882197593,0.5241344248733893,0.45924558196642623,11.486725454543834,2.0280189016447365,7.511881447353671,15.461569461733996,11.692740998710773
S1-connector,0.5,190,a,0,10,1,9,10,-10.258282660273284,7.234545334710303,0.00012340980619517553,0.937506236756613,14.56922732633582,53.445947669358794,-90.18290522521986,119.3213598778915,11.692740998710773
S1-connector,0.5,190,b,0,10,1,9,10,-6.139351290846742,3.0658206551075966,0.0006201583500721062,0.8343169188963931,11.410878625634956,121.29277538000379,-226.31859270407904,249.14034995534894,11.692740998710773
S1-connector,0.5,190,c,0,10,1,9,10,-1.709069667263877,1.656161295728681,0.7562496290800993,0.4361171294083538,11.60597275258268,2.273490743703521,7.150012775738596,16.061932729426765,11.692740998710773
S1-connector,0.5,191,a,0,10,1,9,8,-2.7528072678536866,6.958622545906849,8103.083594892475,0.08358478927972444,73.62390936209236,912.5487069554995,-1714.9386904092826,1862.186509133467,11.692740998710773
S1-connector,0.5,191,b,0,10,1,9,8,1.1062261389980517,0.5240375790204321,146.6479295264237,0.2175850941083524,10.279070281286883,26.186691117259365,-41.04590118281642,61.60404174539019,11.692740998710773
S1-connector,0.5,191,c,0,10,1,9,8,-1.6118181160757066,1.4073514052394334,0.7008610795219138,0.448836169515089,11.04469474411989,2.172085514859236,6.787485363654648,15.301904124585134,11.692740998710773
S1-connector,0.5,184,a,0,10,1,9,10,-2.757170609232947,5.16032112816635,448.22192273566293,0.24754780055000022,24.874656587404985,103.64245486164093,-178.26082221072946,228.01013538553943,11.692740998710773
S1-connector,0.5,184,b,0,10,1,9,10,-8.67584945265044,5.612793806586461,0.00012340980415488499,0.8795502007736181,13.72684858694562,110.47808647444421,-202.80622198386672,230.25991915775793,11.692740998710773
S1-connector,0.5,184,c,0,10,1,9,10,-0.905939279078958,1.626052935182198,2.9148724260521828,0.35086425388061676,12.117948697718532,3.9648927383231785,4.346901728040709,19.888995667396355,11.692740998710773
S1-connector,0.5,185,a,0,10,1,10,10,-6.290008415921577,11.119014651694183,4704.092047063549,0.11801511745411637,82.11828856591434,,,,11.692740998710773
S1-connector,0.5,185,b,0,10,1,10,10,-3.5577098630874398,2.025180414840798,0.036379433476902846,0.6257960442701448,11.064215670712125,12.585982507566053,-13.603856754168456,35.73228809559271,11.692740998710773
S1-connector,0.5,185,c,0,10,1,10,10,-0.6294492867195385,1.2694759439640049,3.660268078142458,0.35260464897087845,11.24627104761354,3.5199635307361805,4.347269300476179,18.145272794750902,11.692740998710773
S1-connector,0.5,186,a,0,10,1,9,10,0.5178236819316141,2.6766376352838104,8103.083785753686,0.09195471513526442,31.309010860586984,336.02131294932315,-627.2806605579489,689.8986822791229,11.692740998710773
S1-connector,0.5,186,b,0,10,1,9,10,0.8985025833408061,0.6295989360189583,131.44172602279278,0.23267609589917132,10.540741596613193,29.065736694053804,-46.42705550785656,67.50853870108294,11.692740998710773
S1-connector,0.5,186,c,0,10,1,9,10,-2.091482148328847,1.8311013601520494,0.4649452235218926,0.4651495262452129,11.717314399782149,2.036622629987225,7.725607394907943,15.709021404656355,11.692740998710773
S1-connector,0.5,187,a,0,10,1,8,7,-0.6263840875208779,1.1917177129622947,88.33431153962731,0.3598385559922801,11.155765941165795,,,,11.692740998710773
S1-connector,0.5,187,b,0,10,1,8,7,-6.778556261219293,2.5326230090887014,0.0001234098041580492,0.9412686530557806,10.789467309428455,,,,11.692740998710773
S1-connector,0.5,187,c,0,10,1,8,7,-1.6526859986190534,2.142584242502699,2.126905240663095,0.37281179069585285,13.473703556562809,2.879759186574356,7.829479266728709,19.11792784639691,11.692740998710773
S1-connector,0.5,176,a,0,10,1,10,9,-8.557513382101023,11.999999190214456,259.6036958923028,0.30457919552100177,39.26304931538328,84.7328900297932,-126.8103634490044,205.33646207977097,11.692740998710773
S1-connector,0.5,176,b,0,10,1,10,9,-7.036800542223718,2.8261155449588165,0.00012340980419036507,0.9618775287160994,10.832445630577993,629.517107606509,-1222.9984129300053,1244.6633041911612,11.692740998710773
S1-connector,0.5,176,c,0,10,1,10,9,-1.8767145257478837,1.07152380224675,0.20976115988944813,0.5145110078041187,10.106141659294199,1.6398008050057913,6.89219113966306,13.320092178925337,11.692740998710773
S1-connector,0.5,177,a,0,10,1,8,7,-1.4736177167414004,3.8534337878008476,794.0965998241453,0.2150065196668797,22.664023921249555,,,,11.692740998710773
S1-connector,0.5,177,b,0,10,1,8,7,-7.054515619425879,3.150031963688411,0.0001234098052683048,0.9127124588258311,11.435722228088789,693.0474922477147,-1346.9124021532343,1369.7838466094117,11.692740998710773
S1-connector,0.5,177,c,0,10,1,8,7,-2.8269545135330945,2.015637809672102,0.14117905030175337,0.5322239936477751,11.632872051066895,1.848706320265872,8.009474245354216,15.256269856779575,11.692740998710773
S1-connector,0.5,178,a,0,10,1,9,10,-4.090402289220288,7.047094556346529,696.0937710674722,0.2300158078968167,32.569288824673464,,,,11.692740998710773
S1-connector,0.5,178,b,0,10,1,9,10,-7.3329879700137965,3.3641356534264846,0.0001234098045509609,0.9286510796030115,11.54407631465978,712.7383116184955,-1385.3973448594772,1408.485497488797,11.692740998710773
S1-connector,0.5,178,c,0,10,1,9,10,-1.718323049767268,1.90727128249774,1.4757589232473114,0.40696939019174494,12.494736302325808,2.6402621911417197,7.31991749794523,17.669555106706387,11.692740998710773
S1-connector,0.5,179,a,0,10,1,8,10,-0.12498171249099313,2.2985382090831203,617.8524368513057,0.19968737029152378,17.616897461620827,77.14443603901626,-133.58341878250482,168.81721370574647,11.692740998710773
S1-connector,0.5,179,b,0,10,1,8,10,-2.5271225810999582,1.6275502368840309,0.19717718072447626,0.5349870860099238,11.002560819261944,6.37594809908883,-1.4940678222487822,23.49918946077267,11.692740998710773
S1-connector,0.5,179,c,0,10,1,8,10,-2.018924546657516,1.8253974688735297,0.6802519684153085,0.4584241699782083,11.741202332538032,2.302430784040675,7.228520918921991,16.253883746154074,11.692740998710773
S3-severe,0.5,24,a,0,15,1,0,0,-1.9028346184434906,1.5787478972706572,0.6055310323670099,0.4125182074428041,12.74898995560875,,,,11.692740998710773
S3-severe,0.5,24,b,0,15,1,0,0,-2.0788326115766966,1.155403408949167,0.5677183564242524,0.4605340906863516,11.814960423960393,53014.96041469602,-103895.59809419689,103919.2280150448,11.692740998710773
S3-severe,0.5,24,c,0,15,1,0,0,-1.6675736293878065,1.66960085220668,0.9481487246496045,0.42488725670507177,11.822973932716812,1.481858231440832,8.918585168898561,14.727362696535062,11.692740998710773
S3-severe,0.5,25,a,0,15,1,0,0,-1.9445109997970207,1.737104155808098,0.6185562214737328,0.41945178551010687,12.643055479779079,,,,11.692740998710773
S3-severe,0.5,25,b,0,15,1,0,0,-6.610078562457544,-0.9429105503444308,8103.083927511,0.8811380977135174,11.361751886113732,1.1408573356275316e-05,11.361729525720838,11.361774246506625,11.692740998710773
S3-severe,0.5,25,c,0,15,1,0,0,-1.9166379588993627,1.7171756591588152,0.6062102356002437,0.45617096653052586,11.56065071903731,1.358299935491406,8.898431765271075,14.222869672803546,11.692740998710773
S3-severe,0.5,26,a,0,15,1,1,1,-2.125407739772457,1.3754445723265596,0.6506487372229126,0.4706567394225916,11.66875271358875,,,,11.692740998710773
S3-severe,0.5,26,b,0,15,1,1,1,-4.9424644311129295,8.904389162397685,8072.683243279375,0.17254322747757353,48.35682830872298,37.42290539914132,-24.99071847044354,121.7043750878895,11.692740998710773
S3-severe,0.5,26,c,0,15,1,1,1,-1.6494169747638172,1.6845216466980522,0.9446094020019884,0.422330695322674,11.849380979211782,1.4646238008081804,8.978771078727583,14.719990879695981,11.692740998710773
S3-severe,0.5,27,a,0,15,1,0,0,-1.9155280396450416,1.6249488149048679,0.6456394255094865,0.4005282283855831,13.167227976772766,,,,11.692740998710773
S3-severe,0.5,27,b,0,15,1,0,0,-1.596696588242176,0.6049073114464697,0.5419655629787562,0.43275785989110566,11.400196798050672,41569.904526410246,-81464.11551573461,81486.9159093307,11.692740998710773
S3-severe,0.5,27,c,0,15,1,0,0,-1.682925641288421,1.9338986341069238,1.3873076035015235,0.4048831698111484,12.465843038132206,1.5414154241131783,9.444724321655844,15.486961754608568,11.692740998710773
S3-severe,0.5,40,a,0,15,1,0,0,-2.0314510766870697,1.609379610374976,0.6143828713766609,0.45957645899840327,11.735812403257189,,,,11.692740998710773
S3-severe,0.5,40,b,0,15,1,0,0,-2.403847861712014,1.4515431560621994,0.6054773647939466,0.488807657829845,11.82033934067788,,,,11.692740998710773
S3-severe,0.5,40,c,0,15,1,0,0,-1.6515998832253043,1.8591431698475671,1.4168702610090866,0.40846298412113374,12.278001633433163,1.4294104946150177,9.476408544864144,15.079594722002183,11.692740998710773
S3-severe,0.5,41,a,0,15,1,0,1,-2.1443097860832623,1.7697542737265042,0.6283694215067189,0.45590827544833046,12.087805149817154,,,,11.692740998710773
S3-severe,0.5,41,b,0,15,1,0,1,-2.44098594701767,1.5248861460372711,0.6399993971214469,0.4896717078821677,11.878809527244375,33300.82405299181,-65256.53698984186,65280.29460889635,11.692740998710773
S3-severe,0.5,41,c,0,15,1,0,1,-1.8312952464160028,1.8845418798389857,0.8012658775226907,0.4292494854306781,12.092314173959815,1.3971398510051576,9.353970384624049,14.830657963295582,11.692740998710773
S3-severe,0.5,42,a,0,15,1,0,1,-1.9275027235705737,1.4516117165260263,0.6322457095907211,0.44876597730144935,11.778711872895098,,,,11.692740998710773
S3-severe,0.5,42,b,0,15,1,0,1,-9.42004547977752,4.568964263657723,8103.083927361648,1.0012294169901093,12.805499352214895,,,,11.692740998710773
S3-severe,0.5,42,c,0,15,1,0,1,-2.244268378897763,1.4559995911640604,0.1755016091064968,0.516743377724014,10.810528428440325,1.2961545158078556,8.270112259057976,13.350944597822673,11.692740998710773
S3-severe,0.5,43,a,0,15,1,0,0,-1.9350334264193663,1.6371732585685166,0.6064945268115639,0.42366540961002674,12.492982170048677,,,,11.692740998710773
S3-severe,0.5,43,b,0,15,1,0,0,-2.431176550814895,1.4974799098220049,0.6153901897911415,0.48876562233840465,11.879205731736285,44392.89477653057,-86996.59572574448,87020.35413720795,11.692740998710773
S3-severe,0.5,43,c,0,15,1,0,0,-1.8257534174762529,1.566146489595774,0.5815486978070195,0.4525071105456997,11.441871977200071,1.3492563886684923,8.79737804949925,14.086365904900893,11.692740998710773
S3-severe,0.5,52,a,0,15,1,0,0,-2.0931897284695267,1.7668006841343527,0.6272972401579312,0.447830435648709,12.187572561453125,,,,11.692740998710773
S3-severe,0.5,52,b,0,15,1,0,0,-2.2387827046270368,1.1924255590952675,0.6675596539260812,0.4849782902845498,11.5664093098874,48289.92654957049,-94634.95044393283,94658.08326255261,11.692740998710773
S3-severe,0.5,52,c,0,15,1,0,0,-2.193294825662309,1.562813460027559,0.3199755916752128,0.49633098847800833,11.178741697200625,1.1733589928163664,8.879000330344354,13.478483064056896,11.692740998710773
S3-severe,0.5,53,a,0,15,1,0,1,-1.9759301105713276,1.6409145623934005,0.6455451941026855,0.43676227646393284,12.218909147488064,,,,11.692740998710773
S3-severe,0.5,53,b,0,15,1,0,1,-2.19751476606381,1.2135797174798824,0.5820949565225891,0.4782985991698374,11.634256671443223,29782.097657317856,-58360.20453572627,58383.47304906916,11.692740998710773
S3-severe,0.5,53,c,0,15,1,0,1,-2.036167174601555,1.4439894583925188,0.27829822266624243,0.4953096992271071,10.860841026144216,1.2418743415288895,8.426812043423197,13.294870008865235,11.692740998710773
S3-severe,0.5,54,a,0,15,1,0,0,-2.1114951471003387,1.7140240292576563,0.6524184515312509,0.47329092062960626,11.57348861211939,,,,11.692740998710773
S3-severe,0.5,54,b,0,15,1,0,0,-2.3516041775344654,1.3285231125534278,0.6053372994328634,0.4922240989564076,11.629191162649006,32205.24269521559,-63109.486604831574,63132.74498715687,11.692740998710773
S3-severe,0.5,54,c,0,15,1,0,0,-1.7209709446155848,1.7477551611401032,0.9370472106106388,0.43245915685720443,11.74430354589654,1.3478438728241764,9.10257809837817,14.38602899341491,11.692740998710773
S3-severe,0.5,55,a,0,15,1,0,0,-1.8605784661467064,1.2425099934769435,0.6118128516788068,0.4559368111942796,11.438514792012226,,,,11.692740998710773
S3-severe,0.5,55,b,0,15,1,0,0,-2.4749537976102625,1.5163631368078254,0.6417904442166431,0.49355484329174226,11.855966397183593,38300.55402452605,-75055.8505096045,75079.56244239886,11.692740998710773
S3-severe,0.5,55,c,0,15,1,0,0,-1.8018881191656164,1.9315424891941704,0.9308021179467553,0.4211292338053278,12.260074012630483,1.4758072706245138,9.367544914084078,15.152603111176887,11.692740998710773
S3-severe,0.5,36,a,0,15,1,0,0,-2.0275767034976715,1.7031476784557074,0.6235581468437992,0.44592066513377154,12.086829272318475,,,,11.692740998710773
S3-severe,0.5,36,b,0,15,1,0,0,-2.511553972673772,1.4393560149508566,0.6309143269983558,0.5012356269254021,11.74866569218828,42741.03021404738,-83759.13121597895,83782.62854736332,11.692740998710773
S3-severe,0.5,36,c,0,15,1,0,0,-2.203431852457272,1.7112877968747384,0.27491981653277936,0.4873003089402388,11.400276717056673,1.3069824068028022,8.838638271295704,13.961915162817643,11.692740998710773
S3-severe,0.5,37,a,0,15,1,0,1,-1.962261522614595,1.4933917825289615,0.6027796510800033,0.42417731071811743,12.544536689113428,,,,11.692740998710773
S3-severe,0.5,37,b,0,15,1,0,1,-7.3802553057137015,-1.008464680272438,8072.666227008424,1.0453788274191458,10.313439282536496,9.483171023305173e-06,10.313420695862831,10.313457869210161,11.692740998710773
S3-severe,0.5,37,c,0,15,1,0,1,-1.9959895936292598,1.6925565825227067,0.4598009440791088,0.4672768522108874,11.449968546332197,1.3360926657573895,8.831275041439602,14.068662051224793,11.692740998710773
S3-severe,0.5,38,a,0,15,1,1,1,-1.8903127596998264,1.5568843202094884,0.6322435632058171,0.42718361950277317,12.282945464963852,,,,11.692740998710773
S3-severe,0.5,38,b,0,15,1,1,1,-5.436748107116953,2.3906075193049054,3.2751637867051175,0.8454930398333136,10.452342244057782,0.02356015559206049,10.406165187627183,10.49851930048838,11.692740998710773
S3-severe,0.5,38,c,0,15,1,1,1,-1.7494940806768136,1.8615180030435456,0.9166508788079145,0.42505666629843586,12.017704770669813,1.4444979574313934,9.186540798362609,14.848868742977016,11.692740998710773
S3-severe,0.5,39,a,0,15,1,0,0,-1.938623308754078,1.684408363577268,0.6247505516901508,0.4285850467204224,12.359801160071058,,,,11.692740998710773
S3-severe,0.5,39,b,0,15,1,0,0,-2.169049403299472,1.234568443906927,0.5986865169915315,0.47016263329000624,11.773987226918267,,,,11.692740998710773
S3-severe,0.5,39,c,0,15,1,0,0,-1.6073843674827768,1.887615092844454,1.3926438188695385,0.40387935503865724,12.30280510769872,1.5261459897375393,9.311613932662908,15.293996282734533,11.692740998710773
S3-severe,0.5,28,a,0,15,1,1,0,-2.039221938364013,1.7534629501504302,0.6241596063539477,0.4420924979506516,12.21889614405079,,,,11.692740998710773
S3-severe,0.5,28,b,0,15,1,1,0,-3.1594516006557356,2.4041885047518363,3.3619626854805453,0.5696054526827515,11.50837322651904,,,,11.692740998710773
S3-severe,0.5,28,c,0,15,1,1,0,-1.8842803184866606,1.6461412488449907,0.619774650669877,0.4522996816573772,11.585956506680025,1.4345488863878435,8.77429235529781,14.397620658062241,11.692740998710773
S3-severe,0.5,29,a,0,15,1,0,0,-2.0384956000828294,1.7436904481828015,0.625393044362413,0.4468426406921323,12.087400652836873,,,,11.692740998710773
S3-severe,0.5,29,b,0,15,1,0,0,-2.2647523509965035,1.3258938175029824,0.6125632598229369,0.47730771874972966,11.80559831601453,35773.193335782955,-70102.36495180686,70125.97614843889,11.692740998710773
S3-severe,0.5,29,c,0,15,1,0,0,-1.9306689036856102,1.7861213788467531,0.6345018389551017,0.4445469232798574,11.898097384461199,1.375410826494149,9.202341700586198,14.5938530683362,11.692740998710773
S3-severe,0.5,30,a,0,15,1,0,0,-1.8733226143161512,1.6213684306838503,0.6090656171581115,0.412179608571633,12.684930800406985,,,,11.692740998710773
S3-severe,0.5,30,b,0,15,1,0,0,-2.218687601426177,1.2616158473170918,0.6182317188350953,0.4775940625415054,11.699317019707417,39160.88336987889,-76742.22169071645,76765.62032475587,11.692740998710773
S3-severe,0.5,30,c,0,15,1,0,0,-1.9747691858317686,1.8618285574657838,0.5975812116434527,0.4462058618092871,11.954034660965457,1.4317418722441417,9.147872156208992,14.760197165721921,11.692740998710773
S3-severe,0.5,31,a,0,15,1,1,0,-2.038927962361908,1.7693697862018876,0.6400522899698984,0.43619124657207314,12.384610165043847,,,,11.692740998710773
S3-severe,0.5,31,b,0,15,1,1,0,-7.605170447622833,10.887166957463538,542.7501458840258,0.31217696119345134,35.25680686670578,6.1785182979490605,23.147133524903907,47.36648020850765,11.692740998710773
S3-severe,0.5,31,c,0,15,1,1,0,-1.828702709483216,1.6131997208625017,0.7453844966008891,0.4492001214662481,11.54579700092575,1.3242849522054922,8.950246189334639,14.141347812516862,11.692740998710773
S3-severe,0.5,60,a,0,15,1,0,1,-2.020546922422866,1.6942615086956119,0.6439910352708558,0.4325546408640932,12.444878970671496,,,,11.692740998710773
S3-severe,0.5,60,b,0,15,1,0,1,-2.1618894655998897,1.24922556341663,0.6423991683085765,0.46743398099268135,11.829447125822627,39252.601137716905,-76921.85508231526,76945.51397656692,11.692740998710773
S3-severe,0.5,60,c,0,15,1,0,1,-1.93066987966256,1.7003855126108545,0.5154163491319992,0.4592513064821601,11.506985740521195,1.4467951991457544,8.671319257190062,14.342652223852328,11.692740998710773
S3-severe,0.5,61,a,0,15,1,0,0,-1.9624116523355353,1.6109110982361126,0.648847963039871,0.43413911106983333,12.260574746705288,,,,11.692740998710773
S3-severe,0.5,61,b,0,15,1,0,0,-7.121839092135856,-1.9947325096881854,7.691664580589559,1.0121253056499944,10.396902743514461,,,,11.692740998710773
S3-severe,0.5,61,c,0,15,1,0,0,-2.050089558318092,1.8914774228697036,0.5341854882844133,0.4578011896289235,11.817534500200619,1.3163477656872953,9.23754028832375,14.397528712077488,11.692740998710773
S3-severe,0.5,62,a,0,15,1,0,0,-2.017070857434537,1.5607221425815998,0.6197125659744952,0.4433925617872433,12.130846466221398,,,,11.692740998710773
S3-severe,0.5,62,b,0,15,1,0,0,-2.061634078992574,1.1070637225440292,0.5988417582117325,0.4641740142816725,11.686048853568225,40342.36486923182,-79057.89614601471,79081.26824372186,11.692740998710773
S3-severe,0.5,62,c,0,15,1,0,0,-1.7763032502833132,1.693956693537043,0.8480435436894067,0.43769484107763096,11.73077130234746,1.4285130921561728,8.930937090277414,14.530605514417505,11.692740998710773
S3-severe,0.5,63,a,0,15,1,0,0,-1.9870282098923289,1.7895874109768073,0.596531703909873,0.41387691567872975,12.918562058113713,,,,11.692740998710773
S3-severe,0.5,63,b,0,15,1,0,0,-2.3512041556889534,1.3217625445370291,0.5675796269482712,0.4907903215576042,11.660415933129064,34403.64862867048,-67418.25183303183,67441.57266489809,11.692740998710773
S3-severe,0.5,63,c,0,15,1,0,0,-1.6848673920085826,1.36755515660509,0.7637830207048099,0.44466414811152993,11.326334774437477,1.3717715072616605,8.637712025186397,14.014957523688556,11.692740998710773
S3-severe,0.5,44,a,0,15,1,0,0,-1.8902840372703729,1.5531042473716896,0.6333401222263669,0.43090833770955567,12.176792891894891,,,,11.692740998710773
S3-severe,0.5,44,b,0,15,1,0,0,-2.372892953728896,1.4421509100600922,0.615300655103402,0.4847689419286956,11.853663390794262,35778.51840299819,-70112.7538266892,70136.46115347078,11.692740998710773
S3-severe,0.5,44,c,0,15,1,0,0,-2.498608204692249,1.8061529301026533,0.2309739716525863,0.5162323649757571,11.351069842013114,1.228608042408462,8.943042327776269,13.75909735624996,11.692740998710773
S3-severe,0.5,45,a,0,15,1,0,0,-2.0468110159977773,1.6629569581417498,0.6310560771155719,0.460615048287931,11.74510530202302,,,,11.692740998710773
S3-severe,0.5,45,b,0,15,1,0,0,-2.465332566561662,1.4340376127427312,0.5774925342419461,0.4982981992312265,11.720623576629952,78346.09543993068,-153543.80476802526,153567.24601517853,11.692740998710773
S3-severe,0.5,45,c,0,15,1,0,0,-1.9495916396322635,2.0575741953720637,0.9894777206638209,0.4298795975967397,12.369303816639592,1.352571514376669,9.71831236194652,15.020295271332664,11.692740998710773
S3-severe,0.5,46,a,0,15,1,1,0,-2.028053029542033,1.695462167205477,0.6124588243316373,0.4458370035563162,12.089418666390678,,,,11.692740998710773
S3-severe,0.5,46,b,0,15,1,1,0,-6.387945487443336,9.609386511500869,1667.480230524515,0.28510638164876917,34.33501970920685,3.546858401801198,27.383304983413204,41.28673443500049,11.692740998710773
S3-severe,0.5,46,c,0,15,1,1,0,-1.8871181785217086,1.8061314790323246,0.7794256825045287,0.44016499431520584,11.92317620481252,1.4039419263982025,9.171500592686261,14.67485181693878,11.692740998710773
S3-severe,0.5,47,a,0,15,1,0,0,-1.9743724328133294,1.7493941158919675,0.5936836627228883,0.42370755450998304,12.587477297866352,,,,11.692740998710773
S3-severe,0.5,47,b,0,15,1,0,0,-1.596696588242176,0.6049073114464697,0.5419655629787562,0.43275785989110566,11.400196798050672,41569.904526410246,-81464.11551573461,81486.9159093307,11.692740998710773
S3-severe,0.5,47,c,0,15,1,0,0,-1.7433798636257474,1.7438047458091324,0.9377626527827785,0.4247609555100217,12.012202532105933,1.4975940872258002,9.076972057683228,14.947433006528637,11.692740998710773
S3-severe,0.5,32,a,0,15,1,0,0,-1.961043296648315,1.6222324922087732,0.6266507200001867,0.42409076752444974,12.546024929309233,,,,11.692740998710773
S3-severe,0.5,32,b,0,15,1,0,0,-2.2255598472208202,1.3706279581398293,0.6443965557571245,0.465630797424541,12.016553494049003,38377.11059993714,-75205.7380530931,75229.77116008119,11.692740998710773
S3-severe,0.5,32,c,0,15,1,0,0,-1.7060242818170122,1.6036278755375633,0.7695031656780974,0.4354160798714199,11.618294081361855,1.3662854333080634,8.940423839476349,14.29616432324736,11.692740998710773
S3-severe,0.5,33,a,0,15,1,1,0,-1.915842939075636,1.5031450795589074,0.629073306071613,0.436390459693553,12.084623111153462,,,,11.692740998710773
S3-severe,0.5,33,b,0,15,1,1,0,-4.407740740178967,2.587137651267005,42.55900140372784,0.7064990114400073,11.05238797923895,0.033428710360797545,10.986868910882167,11.117907047595734,11.692740998710773
S3-severe,0.5,33,c,0,15,1,1,0,-2.134312393282296,1.4000570241081451,0.2769669339921979,0.5050383338704422,10.856421641849932,1.2339083448840173,8.43800572565383,13.274837558046034,11.692740998710773
S3-severe,0.5,34,a,0,15,1,2,1,-1.994150507027339,1.5867715934893702,0.6789562712079479,0.455638403143042,11.756461329236888,,,,11.692740998710773
S3-severe,0.5,34,b,0,15,1,2,1,-6.6398699074022325,11.058541023895813,2022.6362638139708,0.174803066505213,57.44213010131019,46.28715499945075,-33.27902664443638,148.16328684705675,11.692740998710773
S3-severe,0.5,34,c,0,15,1,2,1,-1.72456287014109,1.5752949528061357,0.6467643787421563,0.4493075647353059,11.292722957541693,1.3595185119983484,8.628115637709445,13.957330277373941,11.692740998710773
S3-severe,0.5,35,a,0,15,1,0,0,-2.132530385769007,1.8302463234538413,0.6505633423292152,0.45911944571249047,11.978022906471814,,,,11.692740998710773
S3-severe,0.5,35,b,0,15,1,0,0,-1.9840550857567196,1.0346181668413141,0.5692925722895155,0.45992718083327216,11.616215208119955,46618.45257832564,-91358.87185329855,91382.1042837148,11.692740998710773
S3-severe,0.5,35,c,0,15,1,0,0,-1.7786692213750666,1.7636369689683624,0.7246827753816814,0.4354530561889822,11.788775306392363,1.4515943878181494,8.943702586108323,14.633848026676404,11.692740998710773
S3-severe,0.5,68,a,0,15,1,0,0,-1.8536368651760362,1.478685671128048,0.6397103791018852,0.41565542097882374,12.532032488412437,,,,11.692740998710773
S3-severe,0.5,68,b,0,15,1,0,0,-2.1695204821330067,1.268132158806822,0.6218034834446371,0.46871923472781485,11.812667121575702,49401.21062614624,-96812.78095280247,96836.40628704561,11.692740998710773
S3-severe,0.5,68,c,0,15,1,0,0,-1.8837180502600288,1.8688673339571036,0.8069241609961959,0.43981073155031863,11.926312549569142,1.359328956021526,9.26207675262452,14.590548346513764,11.692740998710773
S3-severe,0.5,69,a,0,15,1,0,0,-1.87650842544233,1.600498988443464,0.6709977826534943,0.42253135973597145,12.387178605391068,,,,11.692740998710773
S3-severe,0.5,69,b,0,15,1,0,0,-2.2450196341421806,1.294957559977116,0.6725778885325677,0.47057195704414945,11.934407440035958,63133.30970405988,-123727.07883733044,123750.9476522105,11.692740998710773
S3-severe,0.5,69,c,0,15,1,0,0,-1.6264157933719965,1.9411334563224105,1.4833022857180094,0.40108783654121755,12.440764484507833,1.5011448742791502,9.49857459534379,15.382954373671875,11.692740998710773
S3-severe,0.5,70,a,0,15,1,0,0,-1.9996102981602,1.6162875206746035,0.6458235993513224,0.4431407533281027,12.098620607574196,,,,11.692740998710773
S3-severe,0.5,70,b,0,15,1,0,0,-2.2840087127138924,1.3594850498023927,0.6234052388285253,0.47613460481387976,11.876930492231889,39010.956665026664,-76448.1931354128,76471.94699639727,11.692740998710773
S3-severe,0.5,70,c,0,15,1,0,0,-1.4727571517072957,1.7222352915029244,1.5552892794310151,0.3996307323072644,12.088507047120798,1.4961827652364914,9.156042712967729,15.020971381273867,11.692740998710773
S3-severe,0.5,71,a,0,15,1,0,0,-1.959374245010812,1.6198916592273758,0.6155360180455378,0.4346127003688921,12.237425336082412,,,,11.692740998710773
S3-severe,0.5,71,b,0,15,1,0,0,-6.625809924308388,0.004118558668357789,7893.039268504814,0.9727192466125004,10.308219817261095,9.612307234605377e-06,10.308200977485107,10.308238657037084,11.692740998710773
S3-severe,0.5,71,c,0,15,1,0,0,-2.0182822345816747,1.793850250360459,0.582393675216121,0.4554794586382836,11.808964622392423,1.3795182166083504,9.105158601823131,14.512770642961716,11.692740998710773
S3-severe,0.5,72,a,0,15,1,0,0,-2.014799135568081,1.7343042761018583,0.6396408418442249,0.42693555567554836,12.594377647068924,,,,11.692740998710773
S3-severe,0.5,72,b,0,15,1,0,0,-1.596696588242176,0.6049073114464697,0.5419655629787562,0.43275785989110566,11.400196798050672,41569.904526410246,-81464.11551573461,81486.9159093307,11.692740998710773
S3-severe,0.5,72,c,0,15,1,0,0,-1.7856546459031208,1.6835380805463718,0.7794283897004542,0.44109504499147945,11.658290832025246,1.3022128075615744,9.106000628997773,14.21058103505272,11.692740998710773
S3-severe,0.5,73,a,0,15,1,0,0,-2.1268765440958517,1.831070539859155,0.6213457677588854,0.453104015077079,12.122361937565746,,,,11.692740998710773
S3-severe,0.5,73,b,0,15,1,0,0,-2.5924292681919496,1.638215578746045,0.6220959745983478,0.5003045984745694,11.935581449561166,39921.28198134879,-78232.33931866186,78256.210481561,11.692740998710773
S3-severe,0.5,73,c,0,15,1,0,0,-1.9552604291534603,1.6908436133463285,0.5264588685163065,0.46013255521802743,11.541941314924271,1.3280163930674442,8.939077013633293,14.14480561621525,11.692740998710773
S3-severe,0.5,74,a,0,15,1,0,1,-1.9347521874931468,1.5862332101464984,0.6319767775833903,0.4327279474577612,12.232708367472382,,,,11.692740998710773
S3-severe,0.5,74,b,0,15,1,0,1,-2.2573736452083155,1.2964041282606849,0.6203392095464346,0.4829416097566423,11.652529201794623,,,,11.692740998710773
S3-severe,0.5,74,c,0,15,1,0,1,-1.7841951794844362,1.772072589426891,0.8384144680604475,0.4334411189194581,11.86431907372121,1.4081122220100137,9.104469832390915,14.624168315051506,11.692740998710773
S3-severe,0.5,75,a,0,15,1,0,0,-2.1287926092705844,1.785265624967716,0.636205583227436,0.45501498067632873,12.076722113557118,,,,11.692740998710773
S3-severe,0.5,75,b,0,15,1,0,0,-1.596696588242176,0.6049073114464697,0.5419655629787562,0.43275785989110566,11.400196798050672,41569.904526410246,-81464.11551573461,81486.9159093307,11.692740998710773
S3-severe,0.5,75,c,0,15,1,0,0,-1.7726581115943072,2.02051889903636,1.3764114260321028,0.4136145475814015,12.4269732899952,1.3704261818047974,9.740987330187057,15.112959249803342,11.692740998710773
S3-severe,0.5,56,a,0,15,1,1,0,-2.096212530386252,1.7763329017727858,0.6631540484657997,0.46110498763823893,11.845662066055068,,,,11.692740998710773
S3-severe,0.5,56,b,0,15,1,1,0,-6.351662034071053,10.70000199922374,7470.463188916219,0.17370797215482525,56.145118580408486,20.783153467336472,15.410886299260255,96.87935086155672,11.692740998710773
S3-severe,0.5,56,c,0,15,1,1,0,-1.6813253791752092,1.7531046547858233,0.9745288474148186,0.4197469288244229,12.003449793051198,1.5588226541800394,8.948213532573185,15.058686053529211,11.692740998710773
S3-severe,0.5,57,a,0,15,1,0,0,-1.9763106642580182,1.658489218624704,0.6577123478302148,0.4446799270576293,12.003081560793309,,,,11.692740998710773
S3-severe,0.5,57,b,0,15,1,0,0,-5.383169962378541,-1.9999999996883044,8088.391376852854,0.8426424898418864,10.424771477894257,,,,11.692740998710773
S3-severe,0.5,57,c,0,15,1,0,0,-1.8240316646258645,1.426549189550052,0.5064136782943646,0.46265430458199036,11.179354883809419,1.2640570211443312,8.701848647961544,13.656861119657293,11.692740998710773
S3-severe,0.5,58,a,0,15,1,0,0,-2.061578484993244,1.7487476483579907,0.5899176147622843,0.4306665872387437,12.594458812481157,,,,11.692740998710773
S3-severe,0.5,58,b,0,15,1,0,0,-2.3685766860249835,1.4313110564032931,0.6151210652586858,0.4844703226084436,11.851803906692055,33773.43567021523,-66182.86574389553,66206.56935170892,11.692740998710773
S3-severe,0.5,58,c,0,15,1,0,0,-1.638900963922064,1.645719915550129,1.0617985617567889,0.42161111663684386,11.849798975778125,1.308949423800512,9.284305247544665,14.415292704011584,11.692740998710773
S3-severe,0.5,59,a,0,15,1,0,0,-2.1160014597510046,1.929979431505687,0.6657988934842758,0.4488815057023027,12.21401078109985,,,,11.692740998710773
S3-severe,0.5,59,b,0,15,1,0,0,-2.1550032019854237,1.1946344136177143,0.6325596671449409,0.4713108112893423,11.716482846201357,45898.76577724608,-89948.2113753957,89971.64434108809,11.692740998710773
S3-severe,0.5,59,c,0,15,1,0,0,-1.9326383712167723,1.808006201265352,0.6766248380597331,0.4469425571416696,11.841925504038338,1.428785585667879,9.041557214499328,14.642293793577348,11.692740998710773
S3-severe,0.5,64,a,0,15,1,0,1,-2.006030473248816,1.6303367510750617,0.5943996989122076,0.4488574635507668,11.955700721073002,,,,11.692740998710773
S3-severe,0.5,64,b,0,15,1,0,1,-2.2729575418226826,1.2790994931216861,0.5904065087532503,0.4835751744902332,11.668898531362785,29300.27992171897,-57415.8244849799,57439.16228204262,11.692740998710773
S3-severe,0.5,64,c,0,15,1,0,1,-1.9575538852236125,1.7124614615301348,0.43139591047835946,0.46268090940341916,11.473252447677687,1.3861152927045974,8.756516395556481,14.189988499798893,11.692740998710773
S3-severe,0.5,65,a,0,15,1,0,0,-2.0279014445425485,1.7611553600858156,0.6523338617567712,0.428468466072514,12.58196211462536,,,,11.692740998710773
S3-severe,0.5,65,b,0,15,1,0,0,-1.596696588242176,0.6049073114464697,0.5419655629787562,0.43275785989110566,11.400196798050672,41569.904526410246,-81464.11551573461,81486.9159093307,11.692740998710773
S3-severe,0.5,65,c,0,15,1,0,0,-1.7110863115056696,1.9101058229558165,1.1637382685146225,0.4141891736977225,12.248268145736954,1.4731629249789395,9.36092186941855,15.135614422055358,11.692740998710773
S3-severe,0.5,66,a,0,15,1,0,0,-1.8980813526387719,1.5056189096625698,0.6082491258868276,0.42168005785840595,12.460452586173641,,,,11.692740998710773
S3-severe,0.5,66,b,0,15,1,0,0,-6.282544589525379,-1.631060335994781,8092.2788632437405,0.9753092170051189,9.928889158450945,9.656128506690505e-06,9.928870232786842,9.928908084115047,11.692740998710773
S3-severe,0.5,66,c,0,15,1,0,0,-1.9274340488494195,1.3637823171063028,0.3199156052506795,0.48261818639673,10.916377433769437,1.3574598867117134,8.255804945356656,13.576949922182218,11.692740998710773
S3-severe,0.5,67,a,0,15,1,0,0,-2.061374102453125,1.7400053041676795,0.6263871864999768,0.44406114277750297,12.21666393426185,,,,11.692740998710773
S3-severe,0.5,67,b,0,15,1,0,0,-7.077374176562959,-1.9991367885235083,1.9836017615224921,1.113277987506231,9.41223258189796,,,,11.692740998710773
S3-severe,0.5,67,c,0,15,1,0,0,-2.352929323051965,1.5468823556275428,0.190177618364924,0.5224698330161076,10.915679573895062,1.1779449471422656,8.606949901725283,13.224409246064841,11.692740998710773
S3-severe,0.5,76,a,0,15,1,1,1,-2.03649052994807,1.7530196037457948,0.6367821097963651,0.44274940373939325,12.1952290264366,,,,11.692740998710773
S3-severe,0.5,76,b,0,15,1,1,1,-4.7186069824838395,1.6037186609099718,8.950881714190658,0.8261626737365738,9.82749091179412,0.013895067298390849,9.800257080326514,9.854724743261727,11.692740998710773
S3-severe,0.5,76,c,0,15,1,1,1,-1.9643134277420526,1.9982391359216476,0.6324931082861133,0.44149917611471196,12.059481371354599,1.41024497299205,9.295452014911518,14.823510727797679,11.692740998710773
S3-severe,0.5,77,a,0,15,1,0,1,-1.9352209845102044,1.6691994931736265,0.6805966559858802,0.4279426672166672,12.374249325325204,,,,11.692740998710773
S3-severe,0.5,77,b,0,15,1,0,1,-6.782085773935373,-1.120865837606233,8103.083927558874,1.0101540172045824,10.080918389508593,,,,11.692740998710773
S3-severe,0.5,77,c,0,15,1,0,1,-2.0663339866814523,1.485459924389059,0.2963604114441662,0.49227343755048253,10.996133380426341,1.2614576635370924,8.523721791871594,13.468544968981089,11.692740998710773
S3-severe,0.5,78,a,0,15,1,0,0,-2.0743651229412685,1.7851684633439102,0.6213455264280465,0.4346010244423139,12.513251657940504,,,,11.692740998710773
S3-severe,0.5,78,b,0,15,1,0,0,-2.4957128366231203,1.4483223486954326,0.6103449848503522,0.50013062020123,11.741375237213022,32777.22815701771,-64230.445325569664,64253.928076044096,11.692740998710773
S3-severe,0.5,78,c,0,15,1,0,0,-1.4765172099874477,1.6913655142072201,1.6392544092373655,0.3976680757557817,12.160825776839994,1.6028649322226864,9.019268237601294,15.302383316078695,11.692740998710773
S3-severe,0.5,79,a,0,15,1,0,0,-1.888179849658298,1.484721224719229,0.6255818131513384,0.42868573295192625,12.23415775861903,,,,11.692740998710773
S3-severe,0.5,79,b,0,15,1,0,0,-2.2586472032999376,1.2769466066834927,0.582380605338997,0.4813141047721862,11.692590640148996,29838.138109342042,-58469.983469402316,58493.36865068262,11.692740998710773
S3-severe,0.5,79,c,0,15,1,0,0,-2.166371027394881,1.6313204960518077,0.35297103689064446,0.49062828676218484,11.255858326432099,1.1801606512095917,8.942785954089963,13.568930698774235,11.692740998710773
S3-severe,0.5,48,a,0,15,1,1,0,-2.0580575757818806,1.7571771304560149,0.6312409170968301,0.4457142407781806,12.16395875401222,,,,11.692740998710773
S3-severe,0.5,48,b,0,15,1,1,0,-7.046292345680771,11.870830810505371,8095.141316710939,0.14593981258583416,71.5876447839696,30.0385456909761,12.713177081695605,130.4621124862436,11.692740998710773
S3-severe,0.5,48,c,0,15,1,1,0,-1.6815947136020957,1.8960241464658751,1.26197010509977,0.41278512741047846,12.219524804900873,1.5088835977656676,9.262167296416942,15.176882313384803,11.692740998710773
S3-severe,0.5,49,a,0,15,1,1,0,-1.945747362263438,1.760842003761776,0.6321158745523524,0.40591342249833967,13.069041619940506,,,,11.692740998710773
S3-severe,0.5,49,b,0,15,1,1,0,-6.632727342730689,8.915093533636767,253.2955597874446,0.3831924558840777,26.185028475380232,1.7360727124045363,22.782388484524578,29.587668466235886,11.692740998710773
S3-severe,0.5,49,c,0,15,1,1,0,-1.9840083080026178,1.9846968694853089,0.7474429785910126,0.4401687337777617,12.149865094504609,1.4058051457737182,9.39453763950704,14.905192549502177,11.692740998710773
S3-severe,0.5,50,a,0,15,1,1,0,-1.8819350873040368,1.596392314445286,0.634164091316713,0.4218178266277459,12.41860635542389,,,,11.692740998710773
S3-severe,0.5,50,b,0,15,1,1,0,-5.979463362024191,7.649147559467467,204.55330994050533,0.425038285671572,22.07005737404739,1.6811409455846893,18.77508166776579,25.365033080328992,11.692740998710773
S3-severe,0.5,50,c,0,15,1,1,0,-1.7550023251853557,1.567425612690836,0.6908618397653502,0.44761156281206393,11.410632556922621,1.3115031862091986,8.840133546343065,13.981131567502178,11.692740998710773
S3-severe,0.5,51,a,0,15,1,1,0,-2.0124986321282026,1.5798956779053797,0.6227800344425652,0.4574860362423429,11.746963168366335,,,,11.692740998710773
S3-severe,0.5,51,b,0,15,1,1,0,-3.543518898710156,3.200410862136911,3.5051559925994002,0.5435540287509418,12.769849403869173,,,,11.692740998710773
S3-severe,0.5,51,c,0,15,1,1,0,-1.9623758664020738,1.684840279018708,0.5078728633700259,0.4594931520160337,11.572403982694803,1.2820961569274152,9.059541690399856,14.08526627498975,11.692740998710773
S3-severe,0.5,80,a,0,15,1,0,0,-1.8453872546670649,1.5195157257060412,0.6065927875953055,0.4198483619415864,12.38336073812945,,,,11.692740998710773
S3-severe,0.5,80,b,0,15,1,0,0,-8.341407990588525,2.1474682952229776,487.4966810541007,0.9530614940768783,12.32092883668019,,,,11.692740998710773
S3-severe,0.5,80,c,0,15,1,0,0,-2.259513926094782,1.7783589613285076,0.26534063727482804,0.4919689999818029,11.40985271261846,1.2707664121880604,8.91919631196668,13.900509113270239,11.692740998710773
S3-severe,0.5,81,a,0,15,1,0,0,-2.0062552131227274,1.6247472798719813,0.6136884430664985,0.42198380663492024,12.719174901135808,,,,11.692740998710773
S3-severe,0.5,81,b,0,15,1,0,0,-2.0808957027246917,1.262821427921064,0.6461137935187531,0.4471502701517664,12.17881906591538,38084.93503672691,-74632.92220646646,74657.27984459829,11.692740998710773
S3-severe,0.5,81,c,0,15,1,0,0,-1.9668473597079499,1.6671783595621745,0.455723576144455,0.46751452430202,11.378387774495565,1.3564845432996038,8.719726924043078,14.037048624948051,11.692740998710773
S3-severe,0.5,82,a,0,15,1,0,0,-1.8530865322266985,1.6515817081099842,0.6484384637051603,0.40199578768049854,12.957203594292018,,,,11.692740998710773
S3-severe,0.5,82,b,0,15,1,0,0,-2.2529690337205377,1.3018605387121343,0.6280780568660345,0.4787284221513174,11.745996380734777,,,,11.692740998710773
S3-severe,0.5,82,c,0,15,1,0,0,-1.6533949453680723,1.9290502277903383,1.399740832589143,0.40564426185760416,12.367344590853401,1.6327276426370856,9.16725721472173,15.567431966985072,11.692740998710773
S3-severe,0.5,83,a,0,15,1,1,0,-2.070431569527076,1.6873434280816462,0.6277355414997413,0.454423464018725,11.958850989476092,,,,11.692740998710773
S3-severe,0.5,83,b,0,15,1,1,0,-7.537872702159714,11.328104587023976,1221.2650107144298,0.2605789524006974,41.979854541565906,11.345016380340677,19.74403103208121,64.2156780510506,11.692740998710773
S3-severe,0.5,83,c,0,15,1,1,0,-1.8326340226082476,1.8158101987933108,0.8521816948681568,0.4324519601525903,12.008923993825308,1.4436250663542831,9.179470856591667,14.838377131058948,11.692740998710773
S3-severe,0.5,96,a,0,15,1,0,0,-2.1034288808973094,1.9097242674818884,0.6132154568864348,0.4253589153946239,12.85541299909031,,,,11.692740998710773
S3-severe,0.5,96,b,0,15,1,0,0,-1.596696588242176,0.6049073114464697,0.5419655629787562,0.43275785989110566,11.400196798050672,41569.904526410246,-81464.11551573461,81486.9159093307,11.692740998710773
S3-severe,0.5,96,c,0,15,1,0,0,-2.125589156545934,1.651108698515718,0.3274149539243573,0.48716456622044824,11.244625251163402,1.320382854709292,8.656722410129007,13.832528092197798,11.692740998710773
S3-severe,0.5,97,a,0,15,1,0,0,-1.9978707348956481,1.6892115204721945,0.6095152766355353,0.4226600451527248,12.677859834158108,,,,11.692740998710773
S3-severe,0.5,97,b,0,15,1,0,0,-2.2572797625888645,1.2731315291238663,0.5845699268043336,0.4792589349321946,11.739911842238092,35105.45267904489,-68793.6830000609,68817.16282374537,11.692740998710773
S3-severe,0.5,97,c,0,15,1,0,0,-2.0651747214086216,1.7754221276902127,0.557513249077322,0.4664459281841567,11.634020489688732,1.3161155748749018,9.054481363441695,14.213559615935768,11.692740998710773
S3-severe,0.5,98,a,0,15,1,0,0,-2.0249109251417807,1.5883454357600433,0.6391580882243983,0.4584770071838981,11.750812273215505,,,,11.692740998710773
S3-severe,0.5,98,b,0,15,1,0,0,-2.133494036826022,1.1251355673090435,0.5820225112363004,0.470990536794644,11.674064338261427,40697.80306952514,-79754.55420183466,79777.90233051119,11.692740998710773
S3-severe,0.5,98,c,0,15,1,0,0,-2.001048391127066,1.8770349617144686,0.5914541856391232,0.4553364664723858,11.773969223816863,1.2954993698506405,9.234837116915273,14.313101330718453,11.692740998710773
S3-severe,0.5,99,a,0,15,1,0,1,-1.955169459116679,1.5137728111849444,0.6186208640000643,0.4452275058606351,11.936063904332935,,,,11.692740998710773
S3-severe,0.5,99,b,0,15,1,0,1,-2.4128101191417715,1.502423190330628,0.6225299877449127,0.48322071224224544,11.976821999537613,41801.775483184014,-81917.99761487055,81941.95125886961,11.692740998710773
S3-severe,0.5,99,c,0,15,1,0,1,-2.3471788187435867,1.522321452592088,0.16791803229613242,0.5244357253979858,10.856953943427351,1.2432700724180172,8.420189378431532,13.29371850842317,11.692740998710773
S3-severe,0.5,112,a,0,15,1,0,1,-2.1567337302712093,1.8503035301313826,0.6177173207760324,0.4520009377718892,12.220080988780488,,,,11.692740998710773
S3-severe,0.5,112,b,0,15,1,0,1,-2.3102649678502587,1.4189566334845818,0.6204414902340798,0.4754781888170793,11.950045477633164,44048.05861926484,-86320.65843719056,86344.55852814582,11.692740998710773
S3-severe,0.5,112,c,0,15,1,0,1,-1.8654562132402686,1.704769402356637,0.5738069732305665,0.45572236849948533,11.451786633248926,1.4200512037140023,8.66853741776673,14.23503584873112,11.692740998710773
S3-severe,0.5,113,a,0,15,1,0,0,-1.8707884419891,1.5983944732308366,0.6260132261936687,0.38557946805466736,13.554787917764513,,,,11.692740998710773
S3-severe,0.5,113,b,0,15,1,0,0,-1.596696588242176,0.6049073114464697,0.5419655629787562,0.43275785989110566,11.400196798050672,41569.904526410246,-81464.11551573461,81486.9159093307,11.692740998710773
S3-severe,0.5,113,c,0,15,1,0,0,-2.053050143262694,1.6238183446554157,0.4085032073423428,0.47872973736900015,11.29503243614609,1.2851505548677036,8.776183633893725,13.813881238398457,11.692740998710773
S3-severe,0.5,114,a,0,15,1,0,0,-2.0964654731014263,1.763215059485921,0.6118923576460383,0.46114897134667876,11.84195788357172,,,,11.692740998710773
S3-severe,0.5,114,b,0,15,1,0,0,-1.596696588242176,0.6049073114464697,0.5419655629787562,0.43275785989110566,11.400196798050672,41569.904526410246,-81464.11551573461,81486.9159093307,11.692740998710773
S3-severe,0.5,114,c,0,15,1,0,0,-1.9804624082682787,1.6248589410897631,0.4662882623106553,0.47000100571858316,11.349713832699226,1.2614271619195536,8.877362026216327,13.822065639182126,11.692740998710773
S3-severe,0.5,115,a,0,15,1,0,0,-1.8874066193488663,1.389457079759083,0.6140288705214126,0.43890086569140707,11.946619369530287,,,,11.692740998710773
S3-severe,0.5,115,b,0,15,1,0,0,-2.3431193247284128,1.398384104362946,0.6503374331556924,0.48300479777017863,11.835195582603477,37396.22641281659,-73283.4217312434,73307.09212240862,11.692740998710773
S3-severe,0.5,115,c,0,15,1,0,0,-1.7079973825486732,1.8194422670860115,1.1203699784530277,0.42048550781514515,12.05543694414621,1.349539528829244,9.410388071927738,14.700485816364683,11.692740998710773
S3-severe,0.5,100,a,0,15,1,0,0,-2.134971255537135,1.7724706962793302,0.6433968057213192,0.4564890849415598,12.052155513372194,,,,11.692740998710773
S3-severe,0.5,100,b,0,15,1,0,0,-1.596696588242176,0.6049073114464697,0.5419655629787562,0.43275785989110566,11.400196798050672,41569.904526410246,-81464.11551573461,81486.9159093307,11.692740998710773
S3-severe,0.5,100,c,0,15,1,0,0,-2.06780488064605,1.8783226386243115,0.47730320226873796,0.46263289720030604,11.728902470211725,1.3219761379601624,9.137876851388453,14.319928089034997,11.692740998710773
S3-severe,0.5,101,a,0,15,1,0,0,-1.9892182999955619,1.4935449421801752,0.6399788189644744,0.4592406735974131,11.650550655844771,,,,11.692740998710773
S3-severe,0.5,101,b,0,15,1,0,0,-2.185565197971541,1.3284878424744844,0.6211901761853221,0.45954476010399226,12.08455074305012,101909.47904855161,-199726.82406765732,199750.99316914342,11.692740998710773
S3-severe,0.5,101,c,0,15,1,0,0,-2.203527909980174,1.8301379429632596,0.2801575393004931,0.4830066198033316,11.50278596403593,1.42786841501079,8.70421529595249,14.301356632119369,11.692740998710773
S3-severe,0.5,102,a,0,15,1,0,0,-1.9984010436922297,1.7727094007284592,0.6454576837992483,0.40055391334585255,13.381778451616396,,,,11.692740998710773
S3-severe,0.5,102,b,0,15,1,0,0,-2.66619217084968,1.6713077900370998,0.6443930871013276,0.5078956498094221,11.90624030839912,29831.650950791947,-58457.055222613875,58480.86770323068,11.692740998710773
S3-severe,0.5,102,c,0,15,1,0,0,-2.071805825589843,1.6186101609732102,0.3727680188697054,0.48249368091980555,11.243126182362225,1.2991420706116106,8.696854513162677,13.789397851561773,11.692740998710773
S3-severe,0.5,103,a,0,15,1,0,0,-1.8280731703687194,1.4257133146106873,0.6302358100391675,0.4198466498106225,12.342375845448714,,,,11.692740998710773
S3-severe,0.5,103,b,0,15,1,0,0,-1.596696588242176,0.6049073114464697,0.5419655629787562,0.43275785989110566,11.400196798050672,41569.904526410246,-81464.11551573461,81486.9159093307,11.692740998710773
S3-severe,0.5,103,c,0,15,1,0,0,-1.7054620524917734,1.5951224945409206,0.7998118238247541,0.43713160366439047,11.573469822844102,1.4328524869024968,8.765130553356558,14.381809092331645,11.692740998710773
S3-severe,0.5,108,a,0,15,1,0,0,-1.7128365839885253,1.4005410683125084,0.6654224526278665,0.39953562344176036,12.670481402903706,,,,11.692740998710773
S3-severe,0.5,108,b,0,15,1,0,0,-2.3410842171094517,1.3362080877023363,0.5577386460534822,0.4905759760692395,11.643733681217338,,,,11.692740998710773
S3-severe,0.5,108,c,0,15,1,0,0,-2.238315585898283,1.5088978554365473,0.21095883374268404,0.51248031065494,10.898362210533996,1.278489919371315,8.3925680139687,13.404156407099292,11.692740998710773
S3-severe,0.5,109,a,0,15,1,0,0,-1.912182178167743,1.7314479550460617,0.6276036156690817,0.4092313823507669,12.877172835090144,,,,11.692740998710773
S3-severe,0.5,109,b,0,15,1,0,0,-7.620305340458341,-1.9375948210082434,6.9590188749245,1.1054168417277375,9.970410084704165,,,,11.692740998710773
S3-severe,0.5,109,c,0,15,1,0,0,-1.4676637987466237,1.7988540763187817,1.568754151826332,0.3988909917334002,12.098071831440617,1.5377942627088572,9.084050460898931,15.112093201982303,11.692740998710773
S3-severe,0.5,110,a,0,15,1,0,1,-1.9340827378185756,1.5786270839991121,0.6419248221437387,0.43538843506723285,12.157116105268257,,,,11.692740998710773
S3-severe,0.5,110,b,0,15,1,0,1,-2.3606794363234798,1.3277346220831436,0.6257670483588955,0.4903194169695209,11.694354456219825,39258.109657426285,-76932.78667522337,76956.17538413581,11.692740998710773
S3-severe,0.5,110,c,0,15,1,0,1,-2.0560079836574365,1.7187687141558032,0.40164955430950716,0.47382798539404286,11.417575089710754,1.3545032618668356,8.76279747950973,14.072352699911777,11.692740998710773
S3-severe,0.5,111,a,0,15,1,0,0,-2.027857167613295,1.6370611720345523,0.6308733720907321,0.44028632830123726,12.242681005914903,,,,11.692740998710773
S3-severe,0.5,111,b,0,15,1,0,0,-2.2629376270980783,1.243931530467704,0.6434640001526166,0.4836135643264314,11.649359021100777,36128.956564388645,-70799.80430619261,70823.10302423482,11.692740998710773
S3-severe,0.5,111,c,0,15,1,0,0,-1.873890141174735,1.6366533535743362,0.7479133571705091,0.449142389434534,11.65232708735238,1.3176849886886768,9.069711966553504,14.234942208151255,11.692740998710773
S3-severe,0.5,88,a,0,15,1,0,0,-2.0813029939780776,1.6728634610783644,0.6088550746634914,0.45508596586896327,11.96496964614836,,,,11.692740998710773
S3-severe,0.5,88,b,0,15,1,0,0,-2.153700186357411,1.173087050974451,0.558983458783149,0.4707092165410232,11.723969286047351,36080.787743867244,-70705.32054252794,70728.76848110004,11.692740998710773
S3-severe,0.5,88,c,0,15,1,0,0,-1.90250575834572,1.729230218581038,0.6292016159049223,0.44960246858922454,11.69855359024598,1.3891918276011674,8.975787640530317,14.421319539961644,11.692740998710773
S3-severe,0.5,89,a,0,15,1,0,0,-2.0536215420997093,1.7048313316945598,0.6491010558131209,0.4531328353717875,11.955809064029316,,,,11.692740998710773
S3-severe,0.5,89,b,0,15,1,0,0,-2.3100190316572773,1.314145573115396,0.6075398309732759,0.48586827417902617,11.6933368731064,40871.81949435612,-80095.60085468696,80118.98752843318,11.692740998710773
S3-severe,0.5,89,c,0,15,1,0,0,-1.8637207500106723,1.8656115080753477,0.7951466726936124,0.43325621018766414,12.058050518472887,1.5121717682052933,9.094248314352262,15.021852722593513,11.692740998710773
S3-severe,0.5,90,a,0,15,1,0,0,-1.8417124703889445,1.491279721963267,0.6250708267783625,0.42228590299761787,12.304444292552938,,,,11.692740998710773
S3-severe,0.5,90,b,0,15,1,0,0,-2.1595389717803575,1.3343212615922582,0.6452698943678135,0.4534130605146289,12.190056885741637,53910.825730792625,-105651.08675228305,105675.46686605453,11.692740998710773
S3-severe,0.5,90,c,0,15,1,0,0,-2.17798494028128,1.7441627643388147,0.3229166526479488,0.48418267503234014,11.426571952270676,1.2338255086932395,9.008318392025116,13.844825512516236,11.692740998710773
S3-severe,0.5,91,a,0,15,1,2,0,-1.9501629122651618,1.6421747040669485,0.5929324257636294,0.4289746214902842,12.374017255200323,,,,11.692740998710773
S3-severe,0.5,91,b,0,15,1,2,0,-3.848631500981554,6.694382482568045,3471.814371817911,0.25244511038158723,28.718101351433056,4.850304306421062,19.211679596788247,38.22452310607787,11.692740998710773
S3-severe,0.5,91,c,0,15,1,2,0,-1.8657293404894792,1.4766463662672473,0.5348784069152659,0.46115130061898196,11.313884969152031,1.3626768003185339,8.643087517959426,13.984682420344637,11.692740998710773
S3-severe,0.5,84,a,0,15,1,0,2,-2.1841919868933326,1.6941653080589738,0.5854130308894493,0.4633823369850153,11.97923743067974,,,,11.692740998710773
S3-severe,0.5,84,b,0,15,1,0,2,-1.596696588242176,0.6049073114464697,0.5419655629787562,0.43275785989110566,11.400196798050672,41569.904526410246,-81464.11551573461,81486.9159093307,11.692740998710773
S3-severe,0.5,84,c,0,15,1,0,2,-1.9688128911590153,1.7713887797352692,0.4433320645487584,0.4640657140013217,11.465942543729765,1.4366150316177297,8.650228822110144,14.281656265349387,11.692740998710773
S3-severe,0.5,85,a,0,15,1,0,0,-1.8530318650954014,1.4841035290322306,0.6102909917654971,0.4137385274113405,12.585926004837185,,,,11.692740998710773
S3-severe,0.5,85,b,0,15,1,0,0,-2.2393475224205743,1.3165604564161408,0.6056883150095574,0.4748373918185089,11.81145270484135,42306.433015945804,-82907.2735729052,82930.89647831488,11.692740998710773
S3-severe,0.5,85,c,0,15,1,0,0,-1.9280195906073971,1.7493993623648847,0.6223627249884095,0.4493704209602833,11.76331486461816,1.3292815449384994,9.15797091122494,14.36865881801138,11.692740998710773
S3-severe,0.5,86,a,0,15,1,1,0,-2.0921491157421914,1.707145581452091,0.6412761288768247,0.45894600609890784,11.890912770184176,,,,11.692740998710773
S3-severe,0.5,86,b,0,15,1,1,0,-3.1635978668832454,1.8939860048511017,2.3602287610901493,0.6150113683524435,10.663798076858479,,,,11.692740998710773
S3-severe,0.5,86,c,0,15,1,1,0,-1.4406519310780594,1.7744595600504058,1.830797934262747,0.39127391640908876,12.269942304626547,1.653467930123491,9.029204711992513,15.51067989726058,11.692740998710773
S3-severe,0.5,87,a,0,15,1,1,0,-1.9561951715315178,1.5928550016088807,0.6367717558323122,0.4478554784989324,11.869758839257255,,,,11.692740998710773
S3-severe,0.5,87,b,0,15,1,1,0,-8.126192675523107,11.671618357520316,552.8947760539868,0.30008949293999426,38.41316469265849,4.4252471513927665,29.7398396532402,47.086489732076785,11.692740998710773
S3-severe,0.5,87,c,0,15,1,1,0,-2.2841215705535713,1.8101435055991628,0.3381824198653612,0.4914735236519649,11.484519819309707,1.2833273708492938,8.969244392070614,13.9997952465488,11.692740998710773
S3-severe,0.5,120,a,0,15,1,0,0,-2.06864383854644,1.8491965001168555,0.629137896200206,0.43955577376524546,12.359227317939226,,,,11.692740998710773
S3-severe,0.5,120,b,0,15,1,0,0,-1.596696588242176,0.6049073114464697,0.5419655629787562,0.43275785989110566,11.400196798050672,41569.904526410246,-81464.11551573461,81486.9159093307,11.692740998710773
S3-severe,0.5,120,c,0,15,1,0,0,-1.7785085583450932,1.845188008847741,0.916925095380613,0.4269967070003199,12.0339124669788,1.4993840860922882,9.095173659245411,14.972651274712188,11.692740998710773
S3-severe,0.5,121,a,0,15,1,0,0,-2.0199302624435034,1.6683386774058575,0.633419983654297,0.4348293485271732,12.377564443506433,,,,11.692740998710773
S3-severe,0.5,121,b,0,15,1,0,0,-2.080726385891634,1.1372391153282664,0.6069238762136092,0.4657416340968508,11.689811876510573,46819.63442906648,-91753.10743842533,91776.48706217835,11.692740998710773
S3-severe,0.5,121,c,0,15,1,0,0,-1.6441659463736498,1.6586118137581345,1.1951092974666193,0.41861468496659965,11.953765096479458,1.468047332822233,9.076445196547795,14.831084996411121,11.692740998710773
S3-severe,0.5,122,a,0,15,1,0,0,-2.109867615665807,1.681240313864426,0.6289127005825067,0.46333506563069077,11.817133165603295,,,,11.692740998710773
S3-severe,0.5,122,b,0,15,1,0,0,-1.596696588242176,0.6049073114464697,0.5419655629787562,0.43275785989110566,11.400196798050672,41569.904526410246,-81464.11551573461,81486.9159093307,11.692740998710773
S3-severe,0.5,122,c,0,15,1,0,0,-2.1099155072600873,1.4624383747032836,0.2538756503816621,0.49891079038704106,10.933450019664182,1.2962570400751146,8.392832906410463,13.4740671329179,11.692740998710773
S3-severe,0.5,123,a,0,15,1,0,0,-2.013094562041742,1.693565601823854,0.6532590681320787,0.45172103616203596,11.900322239218612,,,,11.692740998710773
S3-severe,0.5,123,b,0,15,1,0,0,-2.2487088536824675,1.2559033233830292,0.584765203236484,0.48060544875067746,11.688624321448291,65134.27489912513,-127649.14433709506,127672.52158573797,11.692740998710773
S3-severe,0.5,123,c,0,15,1,0,0,-1.2634338991635132,1.683979384060334,2.301100637835628,0.3764901511990198,12.273980694124047,1.6402629087180571,9.059124467859744,15.48883692038835,11.692740998710773
S3-severe,0.5,116,a,0,15,1,0,1,-1.9721571898124752,1.741581393539493,0.6469626806962817,0.4270839378196534,12.486719859696384,,,,11.692740998710773
S3-severe,0.5,116,b,0,15,1,0,1,-2.4133493085627284,1.4629587977024294,0.6302145639943685,0.4894395025244863,11.826107735270943,44119.59736030951,-86460.99573087982,86484.64794635035,11.692740998710773
S3-severe,0.5,116,c,0,15,1,0,1,-1.9646803660386596,1.7800033510934252,0.5768378304930933,0.4560588553938578,11.671058450779844,1.3499953291897002,9.025116226270738,14.31700067528895,11.692740998710773
S3-severe,0.5,117,a,0,15,1,0,0,-2.080885064432795,1.6388389012093794,0.6020825135165314,0.4367267923610897,12.466481138607422,,,,11.692740998710773
S3-severe,0.5,117,b,0,15,1,0,0,-2.097874818782258,1.256231716103517,0.6274971864085968,0.45139219475859815,12.102174289947854,39266.097578263856,-76948.03489254265,76972.23924112254,11.692740998710773
S3-severe,0.5,117,c,0,15,1,0,0,-1.973682574116029,1.9501126981011694,0.6556223784562111,0.44577221392739164,11.967395353802074,1.5318020969531947,8.965118412330881,14.969672295273266,11.692740998710773
S3-severe,0.5,118,a,0,15,1,0,0,-2.0563226438559914,1.7954810338109843,0.6307063166633083,0.4229678791255306,12.813818081548195,,,,11.692740998710773
S3-severe,0.5,118,b,0,15,1,0,0,-2.5187785061432155,1.4837344398187162,0.5971819086619324,0.5036293732930205,11.70619855216306,33306.87012200623,-65268.55967833324,65291.97207543757,11.692740998710773
S3-severe,0.5,118,c,0,15,1,0,0,-1.8207790782876625,1.709694813978213,0.7997874613531325,0.4406719764648419,11.753916876026974,1.3984722538278578,9.012961625145817,14.494872126908131,11.692740998710773
S3-severe,0.5,119,a,0,15,1,1,0,-2.0679079351767524,1.757661716603928,0.6018447970860461,0.4326838934107725,12.55181949786956,,,,11.692740998710773
S3-severe,0.5,119,b,0,15,1,1,0,-6.401825754540264,11.085080685393905,8103.083861198116,0.14187530828716652,69.09601778917916,,,,11.692740998710773
S3-severe,0.5,119,c,0,15,1,1,0,-1.7935716652114,1.7019418199175063,0.686098290531934,0.4449682818319715,11.568867731060164,1.357764214861703,8.907698770433923,14.230036691686406,11.692740998710773
S3-severe,0.5,104,a,0,15,1,0,1,-1.9468393327817564,1.6695547576615577,0.6159419122501789,0.42598253867414293,12.454711185272592,,,,11.692740998710773
S3-severe,0.5,104,b,0,15,1,0,1,-2.3741310494762287,1.4191794399174051,0.6173066835503466,0.48483500677418456,11.854765901854677,45599.81063926899,-89362.13178891175,89385.84132071545,11.692740998710773
S3-severe,0.5,104,c,0,15,1,0,1,-2.337048097340313,1.5191473996548788,0.1384172599983879,0.526419015449039,10.785126082920549,1.319908541587732,8.198152878521807,13.37209928731929,11.692740998710773
S3-severe,0.5,105,a,0,15,1,0,0,-1.9733400488568762,1.6988450158998663,0.6570743347703502,0.43509533591457406,12.260348469897556,,,,11.692740998710773
S3-severe,0.5,105,b,0,15,1,0,0,-6.203257815986266,-1.1590867868545351,5757.51442781715,0.8406978875985336,11.424376225669883,,,,11.692740998710773
S3-severe,0.5,105,c,0,15,1,0,0,-1.784528956850838,1.7785827438315747,1.040606726950488,0.4294540928545724,11.985503115358588,1.3093688233965632,9.419187379021738,14.551818851695439,11.692740998710773
S3-severe,0.5,106,a,0,15,1,1,0,-1.9058550573782216,1.6433646702417266,0.636952181051607,0.4238236923675554,12.418990935751866,,,,11.692740998710773
S3-severe,0.5,106,b,0,15,1,1,0,-7.5378271876711125,11.793882131697309,3626.2586373532154,0.21525597185856518,50.81867139689938,16.210887390388336,19.04591595430374,82.59142683949503,11.692740998710773
S3-severe,0.5,106,c,0,15,1,1,0,-2.340803763452966,1.6543369438010962,0.18961478303968798,0.514470954971866,11.060466900869896,1.2176828185922028,8.673852431835957,13.447081369903835,11.692740998710773
S3-severe,0.5,107,a,0,15,1,0,0,-1.9181712126267296,1.3600692661856164,0.6168006576990714,0.46063306084889094,11.452965703948864,,,,11.692740998710773
S3-severe,0.5,107,b,0,15,1,0,0,-2.136620616001874,1.1960476684707344,0.618335891951327,0.46724669666202967,11.77684694821978,44757.39653965514,-87711.1084125535,87734.66210644995,11.692740998710773
S3-severe,0.5,107,c,0,15,1,0,0,-2.1583369010367894,1.633111469763135,0.26418480712370557,0.4918017936064574,11.197508228734238,1.4219741280592624,8.410490150790338,13.984526306678138,11.692740998710773
S3-severe,0.5,92,a,0,15,1,0,1,-2.187584698716295,1.6163251092651736,0.6035691830469385,0.431289960623691,12.879957109366154,,,,11.692740998710773
S3-severe,0.5,92,b,0,15,1,0,1,-2.226508697556005,1.1562367508561027,0.5656772027533445,0.4853261080330233,11.526557421201977,77945.46098990788,-152758.76974117,152781.82285601238,11.692740998710773
S3-severe,0.5,92,c,0,15,1,0,1,-1.879859566379079,1.9060977263252068,0.8923113507305223,0.4355523763681185,12.03818040618275,1.3436821752759482,9.404611735973456,14.671749076392045,11.692740998710773
S3-severe,0.5,93,a,0,15,1,1,0,-1.8771297419560842,1.5171929202002854,0.6502488940697927,0.43480996059680865,12.03727749752874,,,,11.692740998710773
S3-severe,0.5,93,b,0,15,1,1,0,-3.078736233368801,2.074352585245225,898.5723979407942,0.5925767877632756,10.934573479267168,0.019164841873482413,10.897011079425738,10.972135879108599,11.692740998710773
S3-severe,0.5,93,c,0,15,1,1,0,-2.0015499120253524,1.7684264482103937,0.5125870740936529,0.45970652673504014,11.656547210085481,1.3401687919368508,9.0298646446847,14.283229775486262,11.692740998710773
S3-severe,0.5,94,a,0,15,1,2,0,-1.9474391982919124,1.5969245529566942,0.6147226248182273,0.41751813882704236,12.708604080152213,,,,11.692740998710773
S3-severe,0.5,94,b,0,15,1,2,0,-5.3050508930089695,8.289545881353135,829.676677464545,0.27831345019666087,31.282023652319783,8.930715244076161,13.778143417747668,48.7859038868919,11.692740998710773
S3-severe,0.5,94,c,0,15,1,2,0,-1.7244463297074382,1.5213913312578928,0.6937765050979219,0.44589396414381754,11.382909877109167,1.4005116450502528,8.637957492881728,14.127862261336606,11.692740998710773
S3-severe,0.5,95,a,0,15,1,0,0,-2.0148989897826195,1.7077537354874919,0.6696298525160808,0.4507252670308197,11.931824253302233,,,,11.692740998710773
S3-severe,0.5,95,b,0,15,1,0,0,-2.209623677154575,1.272488427596425,0.6128765913125265,0.4742718262561926,11.761237220714445,38772.08318053465,-75980.1254022184,76003.64787665982,11.692740998710773
S3-severe,0.5,95,c,0,15,1,0,0,-1.7396675190338127,1.848240901665328,1.0917706400624063,0.41917241891632345,12.170529543100395,1.510903745440221,9.209212617930888,15.131846468269902,11.692740998710773
S3-severe,0.5,128,a,0,15,1,1,0,-1.922796209511112,1.3899433077605998,0.6021159907401102,0.4435052051999924,11.904964465281354,,,,11.692740998710773
S3-severe,0.5,128,b,0,15,1,1,0,-5.006552034891699,7.5776459283346735,1131.5877620225335,0.3104853849599707,27.07922261007643,2.4542167009896563,22.26904626588,31.889398954272863,11.692740998710773
S3-severe,0.5,128,c,0,15,1,1,0,-1.9205307081961505,1.8776989121296808,0.7773967448545437,0.4413420079787763,11.969959333698524,1.344718083987752,9.334360319722823,14.605558347674226,11.692740998710773
S3-severe,0.5,129,a,0,15,1,0,0,-1.9841436692897327,1.5316062547122247,0.622227694166579,0.44577880667032593,11.989262422085531,,,,11.692740998710773
S3-severe,0.5,129,b,0,15,1,0,0,-1.596696588242176,0.6049073114464697,0.5419655629787562,0.43275785989110566,11.400196798050672,41569.904526410246,-81464.11551573461,81486.9159093307,11.692740998710773
S3-severe,0.5,129,c,0,15,1,0,0,-1.7978607206179569,1.5736448714064353,0.7576315037216899,0.4481254959313271,11.502430835861913,1.25178370706404,9.048979853582358,13.955881818141469,11.692740998710773
S3-severe,0.5,130,a,0,15,1,0,0,-1.9886799665568606,1.7123562982139562,0.6136569031530722,0.4290065262935487,12.468335875902921,,,,11.692740998710773
S3-severe,0.5,130,b,0,15,1,0,0,-2.3750127788875632,1.333831432379828,0.5677345069310978,0.4891469815603702,11.749694899116365,34051.96819773532,-66728.8815753654,66752.38096516364,11.692740998710773
S3-severe,0.5,130,c,0,15,1,0,0,-1.8483243095902537,1.6389738385819932,0.601936927704896,0.44980116922247515,11.565170748325805,1.3347539051039912,8.94910116609779,14.18124033055382,11.692740998710773
S3-severe,0.5,131,a,0,15,1,0,0,-1.974170410652928,1.6987006866706253,0.6060631427118083,0.4301158520106965,12.400453255552865,,,,11.692740998710773
S3-severe,0.5,131,b,0,15,1,0,0,-2.333099439056569,1.4427216131530498,0.6782658142413768,0.47914901450112485,11.910159614138932,70378.74120037151,-137927.8878703793,137951.70818960757,11.692740998710773
S3-severe,0.5,131,c,0,15,1,0,0,-1.8545255822469993,1.4797527201222946,0.4494665250409459,0.46358988784812794,11.219186899505575,1.3566266489149286,8.56024752716505,13.8781262718461,11.692740998710773
S3-severe,0.5,132,a,0,15,1,0,0,-1.9311886206148676,1.5879907189712719,0.5864544431211944,0.43359185966514796,12.196019370877687,,,,11.692740998710773
S3-severe,0.5,132,b,0,15,1,0,0,-2.389859634780861,1.3791444044017218,0.5915488460947206,0.4901919055512833,11.756985064395362,54299.51084541798,-106413.32865009691,106436.8426202257,11.692740998710773
S3-severe,0.5,132,c,0,15,1,0,0,-1.8851377291403746,1.855584478251465,0.7719317780457147,0.43987983213131593,11.925779700248022,1.4071206877017097,9.167873830451438,14.683685570044606,11.692740998710773
S3-severe,0.5,133,a,0,15,1,0,0,-2.062322264021724,1.749360358087641,0.608011242058221,0.43283401247755565,12.534518221686728,,,,11.692740998710773
S3-severe,0.5,133,b,0,15,1,0,0,-2.220282805471901,1.3167150352543295,0.6304041773790522,0.4693414582369149,11.909206927219264,36764.07381282129,-72044.35139117466,72068.16980502909,11.692740998710773
S3-severe,0.5,133,c,0,15,1,0,0,-1.7833635598346858,1.7821675820636425,0.8766704469074008,0.42784266390202585,12.019754383304802,1.4388934079786266,9.199575126074595,14.839933640535008,11.692740998710773
S3-severe,0.5,134,a,0,15,1,0,0,-1.8834658859110127,1.6028673473715656,0.6354887922121812,0.42017608554240476,12.471046138832154,,,,11.692740998710773
S3-severe,0.5,134,b,0,15,1,0,0,-2.4534492161839503,1.4964821299367168,0.589539686580915,0.4900773600072383,11.892900793205692,,,,11.692740998710773
S3-severe,0.5,134,c,0,15,1,0,0,-1.9772560814512348,1.6652314250341034,0.4774551817106885,0.4630463745301184,11.514131096797971,1.4149024788399236,8.740973196635275,14.287288996960667,11.692740998710773
S3-severe,0.5,135,a,0,15,1,0,0,-1.924405199082801,1.6032863961739432,0.6143134603093152,0.41863163667112596,12.617375565560994,,,,11.692740998710773
S3-severe,0.5,135,b,0,15,1,0,0,-2.359277930476333,1.3726278396533989,0.6099101931499727,0.4864144484318079,11.78453373987269,76705.84271718955,-150328.90459574564,150352.4736632254,11.692740998710773
S3-severe,0.5,135,c,0,15,1,0,0,-2.02539212982065,1.5763400743967706,0.393961675522092,0.47874147055332483,11.23238719177246,1.2851228267571337,8.713592735618171,13.75118164792675,11.692740998710773
S3-severe,0.5,124,a,0,15,1,0,0,-2.026998634272551,1.668284302501201,0.6079052476501385,0.4334087598793358,12.433221470783053,,,,11.692740998710773
S3-severe,0.5,124,b,0,15,1,0,0,-2.547463029950027,1.462239825405316,0.6488810321052088,0.5062661216283477,11.705154842911668,39395.902976991325,-77202.84581849437,77226.2561281802,11.692740998710773
S3-severe,0.5,124,c,0,15,1,0,0,-1.5746983641630725,1.5694310791242279,1.1638036408477814,0.41868805276177085,11.77723720540876,1.54123270691151,8.756476608067024,14.797997802750496,11.692740998710773
S3-severe,0.5,125,a,0,15,1,1,0,-2.195597303936975,1.4122605386923204,0.6247954498943474,0.44352219251378905,12.544699438624527,,,,11.692740998710773
S3-severe,0.5,125,b,0,15,1,1,0,-5.230740624944456,8.04060864726025,1394.366497622904,0.2934067036930585,29.41958850246637,4.995424769684674,19.628735866405115,39.21044113852763,11.692740998710773
S3-severe,0.5,125,c,0,15,1,1,0,-1.7814723098751921,1.6457888117847084,0.7934046930742763,0.43929144969032163,11.697110187867061,1.3888095328107262,8.97509352217214,14.419126853561982,11.692740998710773
S3-severe,0.5,126,a,0,15,1,1,0,-1.9571095337312996,1.5763449383532064,0.6639618673805967,0.44801663257454255,11.869527140526673,,,,11.692740998710773
S3-severe,0.5,126,b,0,15,1,1,0,-3.0474165986037356,2.5760032429012005,4.591294699829358,0.5406337558013193,11.91828871409751,,,,11.692740998710773
S3-severe,0.5,126,c,0,15,1,1,0,-1.6923336226269758,1.6948586467666638,1.2281916246265483,0.4232952704369356,11.941232701047298,1.3718902643248705,9.252377192229417,14.630088209865178,11.692740998710773
S3-severe,0.5,127,a,0,15,1,1,0,-2.087771010464086,1.5178497134889068,0.6372046332365288,0.4426310201466056,12.318691772295173,,,,11.692740998710773
S3-severe,0.5,127,b,0,15,1,1,0,-3.2465252416091968,1.5646527421970768,101.41332704229467,0.6555047626431267,10.140000467018208,0.10305707643893809,9.938012308845897,10.341988625190519,11.692740998710773
S3-severe,0.5,127,c,0,15,1,1,0,-1.9619058834918612,1.9641087206682306,0.7262522260817806,0.4375807400957151,12.168053152781836,1.3081633999327449,9.60410000302019,14.732006302543482,11.692740998710773
S3-severe,0.5,136,a,0,15,1,0,1,-1.9605578827968255,1.3926549664309875,0.645268616314729,0.4577121448251164,11.624669252587575,,,,11.692740998710773
S3-severe,0.5,136,b,0,15,1,0,1,-2.1924242621241805,1.282144772302615,0.6478341193627364,0.4680321561224905,11.882020675636836,38666.43971344696,-75772.94722806966,75796.71126942094,11.692740998710773
S3-severe,0.5,136,c,0,15,1,0,1,-2.041497455503209,1.7359629274301698,0.3673035014739983,0.4711988573060192,11.444372779770386,1.3908344940110657,8.718387263052708,14.170358296488065,11.692740998710773
S3-severe,0.5,137,a,0,15,1,0,0,-2.094944860896241,1.649839859892762,0.6167911659813883,0.4491842198744874,12.15420395071384,,,,11.692740998710773
S3-severe,0.5,137,b,0,15,1,0,0,-2.6727849625317255,1.6896941257447966,0.6284310682308555,0.5055219306904378,11.974949452322734,36267.23541978463,-71070.50029216093,71094.45019106558,11.692740998710773
S3-severe,0.5,137,c,0,15,1,0,0,-1.7413397045542474,1.817510454038143,1.0740246329964773,0.4222743497777531,12.084478471312975,1.4477336793580595,9.24697260056552,14.92198434206043,11.692740998710773
S3-severe,0.5,138,a,0,15,1,0,0,-2.0949579304035537,1.6608637835887128,0.6032690407879805,0.4348820573083227,12.55301634187286,,,,11.692740998710773
S3-severe,0.5,138,b,0,15,1,0,0,-2.374418184475085,1.3219597454492407,0.562046070364504,0.4915769985757322,11.690071285411072,34406.32849272705,-67423.4746147139,67446.85475728472,11.692740998710773
S3-severe,0.5,138,c,0,15,1,0,0,-1.8452089890037087,1.7734266921906288,0.7282143649852267,0.4450648214946423,11.690635101620359,1.288141834400744,9.165923499215541,14.215346704025176,11.692740998710773
S3-severe,0.5,139,a,0,15,1,0,0,-1.9990766296100915,1.555824740339864,0.6234891886578896,0.43663272798901914,12.276077264493427,,,,11.692740998710773
S3-severe,0.5,139,b,0,15,1,0,0,-2.329436511773555,1.325940080079536,0.5973291390300822,0.48621989752964273,11.725482962362397,36883.04173330138,-72277.70795459612,72301.15892052083,11.692740998710773
S3-severe,0.5,139,c,0,15,1,0,0,-2.220362399030777,1.8320163142288586,0.3144873150644211,0.48744302960854297,11.439829734540702,1.197943117243771,9.091904369215268,13.787755099866136,11.692740998710773
S3-severe,0.5,144,a,0,15,1,0,0,-2.0600531073118087,1.6635776481734872,0.6243986503278273,0.4587548584692417,11.822250999156052,,,,11.692740998710773
S3-severe,0.5,144,b,0,15,1,0,0,-2.269121484656533,1.2348010802086453,0.6389162334345597,0.4870256682191432,11.580604868107319,34389.818785685224,-67391.2256499339,67414.38685967012,11.692740998710773
S3-severe,0.5,144,c,0,15,1,0,0,-2.3817691320005894,1.4983993234831616,0.13704828612778877,0.5306927089490964,10.787002029813776,1.3523803809413202,8.13638518977023,13.437618869857321,11.692740998710773
S3-severe,0.5,145,a,0,15,1,0,0,-2.06528830734013,1.7609204427460594,0.5899880645746204,0.4391736330609998,12.359276228683017,,,,11.692740998710773
S3-severe,0.5,145,b,0,15,1,0,0,-2.598780849755177,1.5156839443682748,0.5799019247894583,0.5079696761378603,11.766706326439492,43529.16822809619,-85303.8352977273,85327.36871038018,11.692740998710773
S3-severe,0.5,145,c,0,15,1,0,0,-1.9101944148568313,1.7874277576513729,0.6181795613506152,0.44763276353196885,11.767093770989339,1.3737231256243314,9.074645920035858,14.45954162194282,11.692740998710773
S3-severe,0.5,146,a,0,15,1,0,0,-2.053935408142308,1.7317633392882585,0.6214854371073929,0.43298897542520426,12.510888932972385,,,,11.692740998710773
S3-severe,0.5,146,b,0,15,1,0,0,-2.1215328332913126,1.2341088817471628,0.6229966226193008,0.4593515374185014,11.945545628818536,32478.53249924167,-63644.80842359853,63668.69951485617,11.692740998710773
S3-severe,0.5,146,c,0,15,1,0,0,-1.8221642337990744,1.7707309787480554,0.8568283632437336,0.4383560838048352,11.822574520107636,1.2803591633480549,9.313116672669613,14.33203236754566,11.692740998710773
S3-severe,0.5,147,a,0,15,1,0,2,-2.082329208555806,1.8188903275557067,0.6298465789278641,0.44337939956881345,12.284698683239974,,,,11.692740998710773
S3-severe,0.5,147,b,0,15,1,0,2,-2.2202628033396454,1.27209460178705,0.6124719730728299,0.47589200453411096,11.74425892851743,37701.124618388014,-73881.10216976838,73904.59068762542,11.692740998710773
S3-severe,0.5,147,c,0,15,1,0,2,-2.0745779379526645,1.8795404284155102,0.4217434391160982,0.465593879987379,11.663648702774337,1.3512712867410723,9.015205647418739,14.312091758129935,11.692740998710773
S3-severe,0.5,140,a,0,15,1,0,0,-2.1691096068328846,1.8071616949253468,0.6056655138388802,0.46116648029128676,12.004234929454121,,,,11.692740998710773
S3-severe,0.5,140,b,0,15,1,0,0,-2.095049810250502,1.280043745265416,0.6432938962345617,0.4482886763475543,12.180429195126122,36044.12859048496,-70633.01346228585,70657.3743206761,11.692740998710773
S3-severe,0.5,140,c,0,15,1,0,0,-2.117671849129683,1.720203077678228,0.36223542068986686,0.48024573430767525,11.394377939090647,1.3598986347672393,8.729025592321669,14.059730285859626,11.692740998710773
S3-severe,0.5,141,a,0,15,1,0,0,-2.13424345446476,1.9508708660650402,0.6280780590853727,0.4419538030002671,12.445884949750317,,,,11.692740998710773
S3-severe,0.5,141,b,0,15,1,0,0,-2.1761829599253955,1.2064912400644912,0.6344010639063902,0.47474726006270285,11.677893083439416,47593.992568725575,-93270.83342208566,93294.18920825254,11.692740998710773
S3-severe,0.5,141,c,0,15,1,0,0,-1.8743934437715872,1.7596636555582517,0.6519875626213284,0.44958178293109413,11.635546215467578,1.4043695778096215,8.883032421977,14.388060008958156,11.692740998710773
S3-severe,0.5,142,a,0,15,1,0,0,-2.0283621211996135,1.4682762356557242,0.6244631092763778,0.4612090897352887,11.687998688425155,,,,11.692740998710773
S3-severe,0.5,142,b,0,15,1,0,0,-2.2358358555731,1.2491545335996461,0.5586377827443018,0.48128419478897216,11.642952791038393,33780.42826924763,-66196.77983727303,66220.0657428551,11.692740998710773
S3-severe,0.5,142,c,0,15,1,0,0,-2.1956906370687177,1.7484975978244521,0.3171076159235125,0.4868882714650633,11.400263279140091,1.3755307838716162,8.704272483125575,14.096254075154608,11.692740998710773
S3-severe,0.5,143,a,0,15,1,0,0,-2.0795472787778326,1.810904341471356,0.6222372084765413,0.4469588114513892,12.179362654441356,,,,11.692740998710773
S3-severe,0.5,143,b,0,15,1,0,0,-1.596696588242176,0.6049073114464697,0.5419655629787562,0.43275785989110566,11.400196798050672,41569.904526410246,-81464.11551573461,81486.9159093307,11.692740998710773
S3-severe,0.5,143,c,0,15,1,0,0,-1.7042052853919731,1.7994807166267064,1.1577547130464754,0.4145497660109142,12.22011715776909,1.6501713154124575,8.985840811239587,15.454393504298594,11.692740998710773
S3-severe,0.5,160,a,0,15,1,0,0,-2.162369501839554,1.785111166613072,0.6108365133380044,0.4515348132197302,12.245179952448696,,,,11.692740998710773
S3-severe,0.5,160,b,0,15,1,0,0,-2.1754902909754525,1.313497807493099,0.6538041052802485,0.46320324192889156,11.968462465250454,31525.480384223036,-61776.83768593585,61800.77461086635,11.692740998710773
S3-severe,0.5,160,c,0,15,1,0,0,-2.1364812573664946,1.5539577459342606,0.2979461363212921,0.4943088521742183,11.100495281232574,1.2924548650033088,8.567330294182511,13.633660268282636,11.692740998710773
S3-severe,0.5,161,a,0,15,1,0,0,-1.8461318049014346,1.5155413875282848,0.6523015844617804,0.41178239956950263,12.631925831099444,,,,11.692740998710773
S3-severe,0.5,161,b,0,15,1,0,0,-2.297306927702181,1.2975106922898596,0.6166966507874424,0.48286631748745557,11.7393837630259,40819.13292249648,-79992.29102448327,80015.76979200932,11.692740998710773
S3-severe,0.5,161,c,0,15,1,0,0,-2.2565444944811306,1.9815843042317556,0.37649157743042033,0.4742593533340195,11.84544926440405,1.3539641497808748,9.191728294475139,14.49917023433296,11.692740998710773
S3-severe,0.5,162,a,0,15,1,0,1,-1.9004387083229695,1.5288087573920022,0.6231870509806,0.41881074330715384,12.552992786743845,,,,11.692740998710773
S3-severe,0.5,162,b,0,15,1,0,1,-2.2761482584979986,1.3231779070271208,0.6199344473336543,0.4800922355385138,11.761977123281373,39219.38431569466,-76856.81877747332,76880.3427317199,11.692740998710773
S3-severe,0.5,162,c,0,15,1,0,1,-1.6805228209017273,2.06744320539984,1.5296693490394275,0.3988603996516173,12.65225154529717,1.5364527156552774,9.640859558664067,15.663643531930274,11.692740998710773
S3-severe,0.5,163,a,0,15,1,0,0,-2.068024020460467,1.6407803673613945,0.6339432604513231,0.4490103427295253,12.097869218379193,,,,11.692740998710773
S3-severe,0.5,163,b,0,15,1,0,0,-6.573346929229606,-1.756568620989861,8016.915055997536,0.9084172634164555,10.98013111557186,1.116898015470922e-05,10.980109224773013,10.980153006370706,11.692740998710773
S3-severe,0.5,163,c,0,15,1,0,0,-2.010633620098142,1.6973270167637269,0.6723920141512341,0.4564703860766791,11.772122012000802,1.3136925900047998,9.197331848834251,14.346912175167352,11.692740998710773
S3-severe,0.5,148,a,0,15,1,0,0,-1.9419485152244707,1.476476666616577,0.6642248605774965,0.44346218113688496,11.955863181683023,,,,11.692740998710773
S3-severe,0.5,148,b,0,15,1,0,0,-2.2759855461379663,1.3211315712222977,0.5894839672761782,0.47726154952561667,11.829756699679297,40383.77459174422,-79138.91400290272,79162.57351630207,11.692740998710773
S3-severe,0.5,148,c,0,15,1,0,0,-1.8832140892535678,1.9626815036066598,0.847804332790285,0.4289332086371183,12.229790093848262,1.4313305271310792,9.424433810698616,15.035146376997908,11.692740998710773
S3-severe,0.5,149,a,0,15,1,0,0,-1.879568295804612,1.386997515141929,0.6124348573496734,0.4294798611442169,12.189461412628457,,,,11.692740998710773
S3-severe,0.5,149,b,0,15,1,0,0,-2.258040693367502,1.314534532922722,0.6068920232760955,0.47735098668224824,11.789724870503695,57772.53902684666,-113220.30606318366,113243.88551292465,11.692740998710773
S3-severe,0.5,149,c,0,15,1,0,0,-1.9933014142558867,1.5643489792723306,0.4757133946748738,0.4680053218412005,11.427826569273787,1.3978528306796352,8.688085365454336,14.167567773093237,11.692740998710773
S3-severe,0.5,150,a,0,15,1,0,0,-2.07196130655957,1.6371810635232587,0.6351779730302475,0.437774167100812,12.417789943876667,,,,11.692740998710773
S3-severe,0.5,150,b,0,15,1,0,0,-2.1838905981975802,1.260041416684344,0.5865675291056551,0.46802570313819286,11.859795592454326,42898.87867144657,-84068.39737759631,84092.1169687812,11.692740998710773
S3-severe,0.5,150,c,0,15,1,0,0,-1.984860004159939,1.4461835453250056,0.3382036075832884,0.4827746973624864,11.04197024241595,1.349035770962329,8.397908717473559,13.68603176735834,11.692740998710773
S3-severe,0.5,151,a,0,15,1,1,1,-2.1325499307275955,1.601639258403438,0.6075439965272501,0.46652912474861263,11.785260059923102,,,,11.692740998710773
S3-severe,0.5,151,b,0,15,1,1,1,-2.6589565551484036,1.7627847228534907,6.151077130276145,0.5665672415719394,10.68460659100147,,,,11.692740998710773
S3-severe,0.5,151,c,0,15,1,1,1,-2.053864849970026,1.7800135864793227,0.4788750856726678,0.4642494733083735,11.656892787621844,1.33815142793657,9.034164183005322,14.279621392238367,11.692740998710773
S3-severe,0.5,168,a,0,15,1,0,0,-2.0594382822500097,1.8070922273196337,0.6219789358690159,0.43983535927794715,12.329167203991222,,,,11.692740998710773
S3-severe,0.5,168,b,0,15,1,0,0,-2.4871104564028697,1.5054191850019083,0.5930339911742135,0.49239355446545846,11.907233016442406,,,,11.692740998710773
S3-severe,0.5,168,c,0,15,1,0,0,-2.0048172658801224,1.7985235035770804,0.536244536631307,0.4587832113594608,11.689581730999874,1.2458308120555317,9.247798208540743,14.131365253459006,11.692740998710773
S3-severe,0.5,169,a,0,15,1,0,1,-1.96118643494997,1.5243041060843772,0.6578789481186139,0.4297410966900804,12.383738081280962,,,,11.692740998710773
S3-severe,0.5,169,b,0,15,1,0,1,-1.596696588242176,0.6049073114464697,0.5419655629787562,0.43275785989110566,11.400196798050672,41569.904526410246,-81464.11551573461,81486.9159093307,11.692740998710773
S3-severe,0.5,169,c,0,15,1,0,1,-2.035348254808814,2.078552765189141,0.6704974125079755,0.4407983371439153,12.248729645768625,1.4046797030543454,9.49560801796769,15.00185127356956,11.692740998710773
S3-severe,0.5,170,a,0,15,1,0,0,-2.1286694741770193,1.73651563337264,0.6128838676177761,0.45521859701171813,12.069595235169881,,,,11.692740998710773
S3-severe,0.5,170,b,0,15,1,0,0,-2.3036394555338378,1.412231024252269,0.6045265789197559,0.4725176910431836,12.009659387263206,64659.981864987596,-126719.22603700147,126743.24535577599,11.692740998710773
S3-severe,0.5,170,c,0,15,1,0,0,-1.6807166661043391,1.7032176359050042,1.0347151406371902,0.41943396283394635,12.013996941577776,1.4534428532622334,9.165301295596663,14.86269258755889,11.692740998710773
S3-severe,0.5,171,a,0,15,1,0,0,-1.9333385584633,1.6160879561042805,0.6369327535791843,0.4295732396715104,12.319498676199704,,,,11.692740998710773
S3-severe,0.5,171,b,0,15,1,0,0,-2.4919208960524997,1.4959958544256002,0.6282122523154937,0.4977080192396605,11.791432472145303,36577.17577613757,-71678.15574494838,71701.73860989268,11.692740998710773
S3-severe,0.5,171,c,0,15,1,0,0,-1.930411080520549,1.5811257078010303,0.5994228957207384,0.4610106675771902,11.469940157237776,1.3497472616862092,8.824484136101246,14.115396178374306,11.692740998710773
S3-severe,0.5,152,a,0,15,1,0,0,-2.1110805995476416,1.731935178086796,0.6139015346744918,0.45103304206721523,12.14127094995915,,,,11.692740998710773
S3-severe,0.5,152,b,0,15,1,0,0,-6.197476100150052,-1.4689291011014376,8091.4553727771045,0.8232083353318864,11.660071670421678,2.7085105774612003e-05,11.660018584589842,11.660124756253513,11.692740998710773
S3-severe,0.5,152,c,0,15,1,0,0,-1.6617167572750196,1.9240419828708837,1.3009306714771207,0.4065452667040313,12.357734749141112,1.4677835943971118,9.480931767024027,15.234537731258198,11.692740998710773
S3-severe,0.5,153,a,0,15,1,0,0,-1.8887379008955838,1.5894775342201664,0.6396312318897267,0.4252679710549268,12.33501299076476,,,,11.692740998710773
S3-severe,0.5,153,b,0,15,1,0,0,-2.093067912860477,1.2066188721082147,0.6065801010608651,0.45781547131008576,11.92013654345988,44453.5934299311,-87115.52196950787,87139.36224259478,11.692740998710773
S3-severe,0.5,153,c,0,15,1,0,0,-1.7972822226854666,1.7155418165980603,0.7584507153729226,0.43955164888142684,11.72547603794074,1.3702084604984854,9.039916804051636,14.411035271829846,11.692740998710773
S3-severe,0.5,154,a,0,15,1,0,0,-1.8534663908232396,1.5206096348114104,0.621151927202174,0.4157474642953491,12.527194625679897,,,,11.692740998710773
S3-severe,0.5,154,b,0,15,1,0,0,-2.234529660673869,1.3065364874699887,0.6028171005958146,0.4737136647943955,11.82881296849445,49112.84147749109,-96247.57166133898,96271.22928727597,11.692740998710773
S3-severe,0.5,154,c,0,15,1,0,0,-1.9655416473333767,1.6760805368908147,0.507508600557389,0.46382475600532386,11.471434818127147,1.2923211877228458,8.938531833732343,14.00433780252195,11.692740998710773
S3-severe,0.5,155,a,0,15,1,1,0,-1.91373133483859,1.4138264642952842,0.6097216646683925,0.43723063984641664,12.054795063422587,,,,11.692740998710773
S3-severe,0.5,155,b,0,15,1,1,0,-3.5373293154128573,4.827939024998637,1394.3887924638273,0.395006133470777,17.565156154198213,0.7470826008025022,16.100901163148794,19.029411145247632,11.692740998710773
S3-severe,0.5,155,c,0,15,1,1,0,-1.7701485027889694,1.726332021644343,0.8621043573848999,0.43322588349966024,11.83777869187706,1.4957300429415914,8.906201677116993,14.769355706637128,11.692740998710773
S3-severe,0.5,164,a,0,15,1,1,0,-1.9214733027457598,1.4583635564892228,0.5939519276631379,0.4267407651163137,12.368703971567218,,,,11.692740998710773
S3-severe,0.5,164,b,0,15,1,1,0,-3.1976285939156277,3.6180549943035683,14.832803779359761,0.46359588923645,14.228650093487158,,,,11.692740998710773
S3-severe,0.5,164,c,0,15,1,1,0,-1.6026048537346282,1.5145578390983732,0.8112151208911869,0.4350940838245939,11.380287483612443,1.3488459498090006,8.73659800129408,14.023976965930807,11.692740998710773
S3-severe,0.5,165,a,0,15,1,0,1,-1.84517806356396,1.6067463761749714,0.6284245608098897,0.40463771388231384,12.85037446519904,,,,11.692740998710773
S3-severe,0.5,165,b,0,15,1,0,1,-2.3600294695878787,1.3903654371565204,0.6471915729447276,0.48537614747548635,11.813038332920907,4484.630276153963,-8777.900786906763,8801.526863572604,11.692740998710773
S3-severe,0.5,165,c,0,15,1,0,1,-1.9752855191924774,1.594154447456622,0.40595188020694967,0.4738285405522364,11.239393956616565,1.4306222211350714,8.435425927709128,14.043361985524003,11.692740998710773
S3-severe,0.5,166,a,0,15,1,0,0,-2.06305832445598,1.8471999642405825,0.652940828647589,0.44382412319075304,12.228864148445664,,,,11.692740998710773
S3-severe,0.5,166,b,0,15,1,0,0,-2.349326946400118,1.371034064022025,0.5792482662034526,0.4869502366281758,11.749016802023421,33499.38667825999,-65645.84237676841,65669.34041037248,11.692740998710773
S3-severe,0.5,166,c,0,15,1,0,0,-2.0054819084384086,1.7925665611130686,0.5621970582638746,0.4578894173327588,11.716106548824797,1.2808804050920273,9.205627086341348,14.226586011308246,11.692740998710773
S3-severe,0.5,167,a,0,15,1,0,0,-1.9247746161386274,1.5060567323693141,0.6416390928517893,0.42756525127773465,12.356840135122457,,,,11.692740998710773
S3-severe,0.5,167,b,0,15,1,0,0,-1.596696588242176,0.6049073114464697,0.5419655629787562,0.43275785989110566,11.400196798050672,41569.904526410246,-81464.11551573461,81486.9159093307,11.692740998710773
S3-severe,0.5,167,c,0,15,1,0,0,-2.3037974701495125,2.030497823133529,0.3577313764452867,0.4759513676925825,11.904419846712239,1.300061215805952,9.356346686035218,14.45249300738926,11.692740998710773
S3-severe,0.5,156,a,0,15,1,0,1,-2.0141102147765606,1.745572496747321,0.6089363384328317,0.4295479662028505,12.513852510810004,,,,11.692740998710773
S3-severe,0.5,156,b,0,15,1,0,1,-5.86414815312188,-1.9999998527434482,8086.003303145682,0.9843732295430356,9.412423934811489,9.169413487491572e-06,9.412405963091294,9.412441906531685,11.692740998710773
S3-severe,0.5,156,c,0,15,1,0,1,-1.8248656061186728,1.611158721903549,0.5566539829913633,0.4548362138694746,11.378827766920237,1.3878969782078254,8.658599675380927,14.099055858459547,11.692740998710773
S3-severe,0.5,157,a,0,15,1,0,1,-1.9939960685413474,1.4932762476349877,0.6227337491867402,0.45248545007334806,11.834253842851167,,,,11.692740998710773
S3-severe,0.5,157,b,0,15,1,0,1,-2.1644295897938735,1.2068891599864842,0.6120408633089996,0.470102444792616,11.766137137437127,41711.03911710187,-81740.3682901236,81763.90056439849,11.692740998710773
S3-severe,0.5,157,c,0,15,1,0,1,-1.4871068559906537,1.6518328880989088,1.4491046426425993,0.4083201847422914,11.86415885724289,1.548894251608553,8.828381908229005,14.899935806256774,11.692740998710773
S3-severe,0.5,158,a,0,15,1,1,0,-1.8036298402069868,1.4307643928064424,0.599420163382588,0.40374893354061603,12.767979909916589,,,,11.692740998710773
S3-severe,0.5,158,b,0,15,1,1,0,-3.299721193348365,4.142019812413496,146.79160406276588,0.4311037962791574,15.541978870169054,0.6447859448146073,14.278221640594792,16.805736099743314,11.692740998710773
S3-severe,0.5,158,c,0,15,1,1,0,-2.120221049464553,1.8168458735229471,0.4595489123352622,0.46860525980370316,11.694280749098535,1.2969331773761217,9.152338431086239,14.236223067110831,11.692740998710773
S3-severe,0.5,159,a,0,15,1,0,0,-1.9761775343473884,1.5950332755042282,0.6432876820018963,0.4454156565192361,11.981943520853017,,,,11.692740998710773
S3-severe,0.5,159,b,0,15,1,0,0,-2.236925450979234,1.2606259346348385,0.6495730726242485,0.48165356353443645,11.64140245344481,43212.57683685027,-84683.45287694286,84706.73568184975,11.692740998710773
S3-severe,0.5,159,c,0,15,1,0,0,-1.8377942696510174,1.5333162213096254,0.5725229697885832,0.4586898921151731,11.314348639766076,1.3256389577729448,8.71614402602789,13.91255325350426,11.692740998710773
S3-severe,0.5,172,a,0,15,1,0,0,-1.9540742884762516,1.6498571465634835,0.6491492372012844,0.4395278641832212,12.09053164830315,,,,11.692740998710773
S3-severe,0.5,172,b,0,15,1,0,0,-2.1173464222635054,1.1425433947505725,0.618316618955652,0.47079421430349616,11.64571358763231,31254.885836830807,-61246.804867511775,61270.09629468704,11.692740998710773
S3-severe,0.5,172,c,0,15,1,0,0,-2.3020253484039106,1.8402264215615363,0.2719361269416175,0.4934555333368488,11.466753229366919,1.20969581014628,9.095793009231208,13.83771344950263,11.692740998710773
S3-severe,0.5,173,a,0,15,1,1,0,-1.8430287357201212,1.554632094866295,0.6220757558178301,0.4122682363357257,12.606498004247696,,,,11.692740998710773
S3-severe,0.5,173,b,0,15,1,1,0,-3.232982581801656,2.67235726239959,4.904048482930218,0.5549526828135313,11.946987723876871,,,,11.692740998710773
S3-severe,0.5,173,c,0,15,1,1,0,-1.4181760796034149,1.773259865492198,1.7020794446654035,0.3947650447792475,12.098203652215213,1.6705732722834676,8.82394020500439,15.372467099426036,11.692740998710773
S3-severe,0.5,174,a,0,15,1,0,0,-1.9610585882467384,1.6842907780074603,0.6129072600392679,0.4229706807538567,12.578190183198279,,,,11.692740998710773
S3-severe,0.5,174,b,0,15,1,0,0,-1.596696588242176,0.6049073114464697,0.5419655629787562,0.43275785989110566,11.400196798050672,41569.904526410246,-81464.11551573461,81486.9159093307,11.692740998710773
S3-severe,0.5,174,c,0,15,1,0,0,-1.786890678176729,1.642558439342627,0.7481267564128452,0.44131986808972656,11.653194853065518,1.4053908432069768,8.898679416177465,14.40771028995357,11.692740998710773
S3-severe,0.5,175,a,0,15,1,0,0,-1.9314866588997641,1.6214354962867121,0.6514456268192407,0.42067588864895794,12.576599861993557,,,,11.692740998710773
S3-severe,0.5,175,b,0,15,1,0,0,-0.8862636616680575,-1.999999425014587,8100.8532192530665,0.27604479043398295,15.527876802308363,,,,11.692740998710773
S3-severe,0.5,175,c,0,15,1,0,0,-2.04054395930738,1.9257815522132118,0.7045450234918977,0.44649167413909824,12.10664683023868,1.4253014456853856,9.31310732958245,14.900186330894908,11.692740998710773
S3-severe,0.5,176,a,0,15,1,1,0,-2.0442143459189936,1.6547367719495267,0.617429837337391,0.4494934182641054,12.028781765706052,,,,11.692740998710773
S3-severe,0.5,176,b,0,15,1,1,0,-3.8421624816769535,6.69620405853923,6872.047218266063,0.25146249749943234,28.804690166293287,3.8166898633817516,21.324115493905957,36.28526483868062,11.692740998710773
S3-severe,0.5,176,c,0,15,1,1,0,-1.8598821122315532,1.7297710985556822,0.6754500280709281,0.4460005117999089,11.696755139049873,1.306695489468933,9.135679040929826,14.25783123716992,11.692740998710773
S3-severe,0.5,177,a,0,15,1,0,0,-1.8505063705526492,1.4667962292279788,0.6062296627818118,0.42469714528599906,12.25457011390976,,,,11.692740998710773
S3-severe,0.5,177,b,0,15,1,0,0,-2.1188612497625545,1.2214806871246633,0.6063149022620754,0.4609414754575113,11.897283692532696,32884.09796086716,-64439.75038369414,64463.5449510792,11.692740998710773
S3-severe,0.5,177,c,0,15,1,0,0,-1.728654241075746,2.134659862589282,1.495607734728252,0.3995305538176734,12.754691698006345,1.4396118710605406,9.933104279011365,15.576279117001326,11.692740998710773
S3-severe,0.5,178,a,0,15,1,0,0,-2.0022625052657554,1.6634364895604383,0.629175133647848,0.44808145991828147,11.97021586935389,,,,11.692740998710773
S3-severe,0.5,178,b,0,15,1,0,0,-2.162189067485426,1.2567278982106804,0.6384551610333091,0.47032280398770054,11.757226310242293,35984.43417918967,-70516.43776895365,70539.95222157415,11.692740998710773
S3-severe,0.5,178,c,0,15,1,0,0,-1.833147200655766,1.5710500389898967,0.593526410318431,0.4539394527244051,11.423954483929782,1.473136958093482,8.536659101771665,14.311249866087898,11.692740998710773
S3-severe,0.5,179,a,0,15,1,0,0,-1.9165300630257085,1.5120122230971402,0.6032003124248754,0.4364638960724823,12.082122841863642,,,,11.692740998710773
S3-severe,0.5,179,b,0,15,1,0,0,-2.3129315237008763,1.3655530633931778,0.585076548740059,0.48024235927323955,11.835390068748934,48214.46747773961,-94486.78440007861,94510.45518021611,11.692740998710773
S3-severe,0.5,179,c,0,15,1,0,0,-2.088662381758688,1.917057198553005,0.565443427282618,0.45986054781239144,11.854298930101669,1.4483205793111573,9.015642756583613,14.692955103619724,11.692740998710773
S3-severe,0.5,180,a,0,15,1,0,1,-1.9632280561336082,1.5260688323316336,0.608104201482203,0.43819929787789474,12.145845320647496,,,,11.692740998710773
S3-severe,0.5,180,b,0,15,1,0,1,-6.931350509859151,-1.9645187277535268,287.2770251371696,1.0164033697124644,10.165781339073684,,,,11.692740998710773
S3-severe,0.5,180,c,0,15,1,0,1,-2.118071201894689,2.034477893564982,0.6098053855683987,0.44840664777945327,12.228267578404601,1.2873852618203347,9.705038831009077,14.751496325800126,11.692740998710773
S3-severe,0.5,181,a,0,15,1,0,0,-1.9675590259264475,1.585117578001319,0.603828361763331,0.4218778153571968,12.626086198816695,,,,11.692740998710773
S3-severe,0.5,181,b,0,15,1,0,0,-2.244700497536031,1.2474589147939645,0.5908177317497049,0.47988308026219445,11.69794311431636,35985.928433235946,-70519.42573626403,70542.82162249266,11.692740998710773
S3-severe,0.5,181,c,0,15,1,0,0,-1.9116442278329853,1.639190715781866,0.5927865617034634,0.45607547880148647,11.550540188070721,1.3446952980918863,8.914985833630272,14.18609454251117,11.692740998710773
S3-severe,0.5,182,a,0,15,1,1,0,-2.040140301864415,1.6854351304344037,0.649037567161849,0.4433261127586243,12.188727240479524,,,,11.692740998710773
S3-severe,0.5,182,b,0,15,1,1,0,-6.53279529020832,8.622809935357484,174.42431554859513,0.39885599353871176,24.906149228863104,1.78298748665942,21.41155797012505,28.40074048760116,11.692740998710773
S3-severe,0.5,182,c,0,15,1,1,0,-2.0831894265596667,2.022374478930201,0.4901905678614795,0.450714742842573,12.075869410639383,1.4279853656925285,9.277069523431768,14.874669297846998,11.692740998710773
S3-severe,0.5,183,a,0,15,1,0,0,-1.919804809803428,1.572662826154052,0.6466805840659302,0.4332921980787408,12.181942418298883,,,,11.692740998710773
S3-severe,0.5,183,b,0,15,1,0,0,-2.2138564181979246,1.264559984542286,0.5773147922885681,0.47222726599544523,11.81931743902887,40022.26452159377,-78430.37772461993,78454.016359498,11.692740998710773
S3-severe,0.5,183,c,0,15,1,0,0,-1.8757958021527217,1.7304418837926434,0.6101845181075508,0.44754635284042704,11.68839568391886,1.34432692256632,9.053563332241307,14.323228035596411,11.692740998710773
S3-severe,0.5,184,a,0,15,1,0,0,-2.022548941931873,1.679850324578315,0.6190746801829007,0.4317283276646372,12.47173411652277,,,,11.692740998710773
S3-severe,0.5,184,b,0,15,1,0,0,-1.9979511229802167,1.1220332215889552,0.6118138712405864,0.44559482464117706,12.025689196456222,59017.48951364143,-115660.12821551105,115684.17959390396,11.692740998710773
S3-severe,0.5,184,c,0,15,1,0,0,-2.6270580722440835,1.8760889555767635,0.1652927089892024,0.5269982975651447,11.359912921542842,1.1823531683871016,9.0425432944973,13.677282548588384,11.692740998710773
S3-severe,0.5,185,a,0,15,1,1,0,-1.8919307434812804,1.5673425642093228,0.6436213568015977,0.41330388634725673,12.700477569754266,,,,11.692740998710773
S3-severe,0.5,185,b,0,15,1,1,0,-8.499367848258192,11.999999999998757,210.1009339150316,0.31094459495858623,38.272290743663966,,,,11.692740998710773
S3-severe,0.5,185,c,0,15,1,1,0,-1.869293995745552,1.3557912700755914,0.40072967759925887,0.4768203598113285,10.933871260022364,1.278582035533138,8.427896519097501,13.439846000947227,11.692740998710773
S3-severe,0.5,186,a,0,15,1,0,0,-1.99718561421047,1.5331636601796,0.6478831720990834,0.4513365752636418,11.873476756555169,,,,11.692740998710773
S3-severe,0.5,186,b,0,15,1,0,0,-2.1341482271644714,1.0635391617486478,0.5930133101627519,0.4756545403447697,11.561730561694747,28986.471560679707,-56800.87856726506,56824.00202838846,11.692740998710773
S3-severe,0.5,186,c,0,15,1,0,0,-1.8100408798721375,1.6834327209412148,0.744945935851971,0.4383407358964586,11.78735703026433,1.3585861344799168,9.124577136788202,14.450136923740457,11.692740998710773
S3-severe,0.5,187,a,0,15,1,0,0,-2.0133893906014655,1.8203306573411724,0.6295216831357833,0.4181013465219306,12.856237423290532,,,,11.692740998710773
S3-severe,0.5,187,b,0,15,1,0,0,-2.234740608063203,1.312762929117682,0.6074267758307295,0.47301106281052985,11.847102795326935,32421.448831197467,-63533.02493295994,63556.719138550594,11.692740998710773
S3-severe,0.5,187,c,0,15,1,0,0,-1.8654170890549087,1.4913551553923075,0.47422269486399055,0.4637355968315558,11.243504965858946,1.2867661671010953,8.72148962181615,13.765520309901742,11.692740998710773
S3-severe,0.5,188,a,0,15,1,1,0,-1.914808862241145,1.4020727577583925,0.6315892159711414,0.43672351300269474,12.073134910538487,,,,11.692740998710773
S3-severe,0.5,188,b,0,15,1,1,0,-3.71464000225734,6.710288533159575,8103.063704442595,0.2338084651660331,30.434201985744235,,,,11.692740998710773
S3-severe,0.5,188,c,0,15,1,1,0,-1.8915077382076977,1.9833552751421428,0.8164892555959965,0.432111532456113,12.15808307073093,1.3687490451064972,9.475384238448605,14.840781903013255,11.692740998710773
S3-severe,0.5,189,a,0,15,1,1,1,-1.88198321678354,1.5766985018759274,0.6376096350486431,0.42729049202392205,12.259951842254956,,,,11.692740998710773
S3-severe,0.5,189,b,0,15,1,1,1,-6.442935267937877,10.692805852727584,8098.220240250897,0.18613387616561522,52.88735567017044,,,,11.692740998710773
S3-severe,0.5,189,c,0,15,1,1,1,-1.8685921533065597,1.875291011153113,0.7566821437582527,0.43534666601581623,12.009459260540286,1.4636078949277318,9.140840498993448,14.878078022087124,11.692740998710773
S3-severe,0.5,190,a,0,15,1,0,0,-1.9950022167553252,1.786072619047943,0.6104635661867942,0.42894277585196655,12.485281305807263,,,,11.692740998710773
S3-severe,0.5,190,b,0,15,1,0,0,-1.596696588242176,0.6049073114464697,0.5419655629787562,0.43275785989110566,11.400196798050672,41569.904526410246,-81464.11551573461,81486.9159093307,11.692740998710773
S3-severe,0.5,190,c,0,15,1,0,0,-2.051759362656888,1.6658097796084526,0.3853942105048402,0.47716372357351605,11.326357557583922,1.3123631675631906,8.754173014523165,13.89854210064468,11.692740998710773
S3-severe,0.5,191,a,0,15,1,1,0,-1.8679225651972606,1.514833011904234,0.6388296112238224,0.4288450253687479,12.18135085852294,,,,11.692740998710773
S3-severe,0.5,191,b,0,15,1,1,0,-3.8716912999537487,4.423722602090876,151.62037372831907,0.47437527965811094,15.33067449953975,0.4262325512605995,14.495274050030353,16.166074949049147,11.692740998710773
S3-severe,0.5,191,c,0,15,1,1,0,-1.788757201739478,1.691520413154002,0.9572120795463797,0.4320518383087719,11.919817297765837,1.4419876212464957,9.093573493970121,14.746061101561553,11.692740998710773
S3-severe,0.5,196,a,0,15,1,0,0,-1.953458531560959,1.720114136521038,0.6477096288673116,0.43018853216902714,12.351418821003437,,,,11.692740998710773
S3-severe,0.5,196,b,0,15,1,0,0,-2.4221588967103624,1.4031630490525693,0.6187562511479108,0.49719393937756484,11.659362249528,42265.74985884964,-82827.68814067464,82851.0068651737,11.692740998710773
S3-severe,0.5,196,c,0,15,1,0,0,-1.537447106655706,1.4621271337462491,1.017154722627824,0.42512578543079743,11.499624260863014,1.4573746389793907,8.643222456481345,14.356026065244682,11.692740998710773
S3-severe,0.5,197,a,0,15,1,0,0,-1.9190091147070838,1.6037333971502377,0.6301577603197481,0.41978109026870286,12.570730428349846,,,,11.692740998710773
S3-severe,0.5,197,b,0,15,1,0,0,-2.178900231530734,1.1894905875074302,0.5842343678085005,0.47271241224944405,11.731144839604289,66688.85438140134,-130696.02161294321,130719.48390262242,11.692740998710773
S3-severe,0.5,197,c,0,15,1,0,0,-2.289121458693791,1.765511448264169,0.2400062503229928,0.49807769127700635,11.32738186834494,1.2427336175378962,8.89166873559349,13.76309500109639,11.692740998710773
S3-severe,0.5,198,a,0,15,1,0,0,-1.9622453440369034,1.6317474736899045,0.648415657567382,0.4282147868856993,12.429763019515088,,,,11.692740998710773
S3-severe,0.5,198,b,0,15,1,0,0,-2.356556544976295,1.399336926018079,0.6246384443143841,0.4876167660290596,11.750427739329977,32743.134421869672,-64163.61378007895,64187.11463555761,11.692740998710773
S3-severe,0.5,198,c,0,15,1,0,0,-1.9563281223572937,1.9251936545683486,0.6596754091148482,0.442646616189245,12.01138926445646,1.4159996074308085,9.23608103176922,14.786697497143699,11.692740998710773
S3-severe,0.5,199,a,0,15,1,0,0,-1.9262985660833947,1.667398595460989,0.6069425980022054,0.42566564204647855,12.412900192493218,,,,11.692740998710773
S3-severe,0.5,199,b,0,15,1,0,0,-2.1027568751411643,1.2201047972172114,0.59218864516482,0.45673497181115613,11.969361488756459,50506.83587329716,-98979.6099232493,99003.5486462268,11.692740998710773
S3-severe,0.5,199,c,0,15,1,0,0,-1.7326700552926015,1.6388972879057824,0.7980296745911173,0.4357432132872283,11.675595152847057,1.5057089622865105,8.724459815566318,14.626730490127796,11.692740998710773
S3-severe,0.5,192,a,0,15,1,0,0,-2.0506019882686743,1.9112465611211853,0.6324037822698528,0.4288790284967761,12.623483907190053,,,,11.692740998710773
S3-severe,0.5,192,b,0,15,1,0,0,-2.377019465858462,1.4396622883802686,0.6287952652546593,0.48424330638900376,11.875905106198092,,,,11.692740998710773
S3-severe,0.5,192,c,0,15,1,0,0,-1.9236655927331388,1.543268107262269,0.47542344778354717,0.4681749080620223,11.26779835077416,1.18345706672241,8.948265122748822,13.5873315787995,11.692740998710773
S3-severe,0.5,193,a,0,15,1,0,1,-1.9806992717254652,1.5655522321677022,0.63060558604927,0.43725783636797116,12.21532530982524,,,,11.692740998710773
S3-severe,0.5,193,b,0,15,1,0,1,-2.3725781533142074,1.3910717709916,0.6619543348718934,0.4888407188966274,11.756308298155684,,,,11.692740998710773
S3-severe,0.5,193,c,0,15,1,0,1,-2.0562886634737625,1.685234387784501,0.33485752110439043,0.47849263660136604,11.297489642197345,1.2954441920629614,8.758465681772352,13.836513602622338,11.692740998710773
S3-severe,0.5,194,a,0,15,1,1,1,-2.0662975924348124,1.6559676801179846,0.6145695616041669,0.4472856654721852,12.139212606286884,,,,11.692740998710773
S3-severe,0.5,194,b,0,15,1,1,1,-7.788998180565557,11.740277087066218,1073.4126253208037,0.25158358847517986,44.4790245323206,5.765308490883239,33.17922753042648,55.77882153421472,11.692740998710773
S3-severe,0.5,194,c,0,15,1,1,1,-1.9233534650677162,1.835307947371112,0.6869027219626932,0.44065894794830485,11.989552457437746,1.3530144611194996,9.337692843081658,14.641412071793834,11.692740998710773
S3-severe,0.5,195,a,0,15,1,0,0,-1.9061902121454097,1.6766674126390115,0.6165344721881472,0.419154730080528,12.556453333382096,,,,11.692740998710773
S3-severe,0.5,195,b,0,15,1,0,0,-2.080502601724617,1.043359225066085,0.582053832098868,0.47117678497612026,11.552791664759756,35858.915533702675,-70270.63017905637,70293.73576238588,11.692740998710773
S3-severe,0.5,195,c,0,15,1,0,0,-1.8587666559928475,1.5478934469787415,0.6210461032188249,0.4557949405608014,11.43867801673998,1.3166073456983385,8.85817503739036,14.019180996089599,11.692740998710773
S2-moderate,0.25,0,a,11,2,1,2,2,-6.390826793472103,9.356028231412408,0.0492942821268066,0.5797782172451433,14.989095510550438,37.3801706507785,-58.27469270093658,88.25288372203747,9.174162719372127
S2-moderate,0.25,0,b,11,2,1,2,2,-8.261132921286542,11.999999995868851,0.009915503552758229,0.6662178164460353,15.8546743145062,7.658452339521043,0.8443835517284377,30.864965077283962,9.174162719372127
S2-moderate,0.25,0,c,11,2,1,2,2,-1.0893112565859986,2.025397909765135,7.864094401910293,0.32536480980691374,10.275479610394335,5.343791662248173,-0.19815958849751247,20.74911880928618,9.174162719372127
S2-moderate,0.25,1,a,14,1,1,1,1,-1.8384468374438958,7.417439593722506,4983.475995856018,0.09773373197432406,42.36120626796811,602.1707945256369,-1137.8718635441494,1222.5942760800856,9.174162719372127
S2-moderate,0.25,1,b,14,1,1,1,1,1.0626887389782547,0.9057560071502289,3224.2875707131316,0.11034419843761255,11.049435125897556,63.279822521962394,-112.9767379652353,135.0756082170304,9.174162719372127
S2-moderate,0.25,1,c,14,1,1,1,1,1.2977856476743288,0.8136760959718103,8103.083899217395,0.08450315510399868,11.69562000280137,59.79742366431744,-105.50517674754397,128.8964167531467,9.174162719372127
S2-moderate,0.25,2,a,9,2,1,2,2,-2.462548276297332,9.079279785989334,8103.083889074109,0.07726671634905251,61.66626382459831,1529.4602199270234,-2936.0206830190778,3059.3532106682746,9.174162719372127
S2-moderate,0.25,2,b,9,2,1,2,2,1.560288289487057,0.33801544492754587,8103.08378219305,0.07695085541925939,9.367882282755152,50.738919145010286,-90.07857185595485,108.81433642146514,9.174162719372127
S2-moderate,0.25,2,c,9,2,1,2,2,-1.3602229604137783,2.059371693536334,4.867448791442493,0.3556915637557538,10.165202917688754,4.2633377094433245,1.8092145532483492,18.52119128212916,9.174162719372127
S2-moderate,0.25,3,a,14,1,1,1,1,-4.7236400054360885,-0.21380530741970435,0.0001234098046990132,0.9533381431161331,7.0316892667471596,9963.047954970414,-19520.183478720704,19534.2468572542,9.174162719372127
S2-moderate,0.25,3,b,14,1,1,1,1,-4.834893860449766,0.4079686484558211,0.00018568796690929964,0.9298123067416427,7.422642516756741,4229.064776480963,-8281.392007672865,8296.237292706377,9.174162719372127
S2-moderate,0.25,3,c,14,1,1,1,1,-4.414069843516118,6.084877920302247,0.23748260624456494,0.5236277337796682,12.807930564575944,3.8102888848889127,5.339901579500391,20.275959549651496,9.174162719372127
S2-moderate,0.25,4,a,15,1,1,1,1,-5.51847777206447,1.9739726720965614,0.0001234098042163913,0.9302756968231127,8.250065105260177,,,,9.174162719372127
S2-moderate,0.25,4,b,15,1,1,1,1,-5.7227168173747796,8.726182505346179,0.12346921444147563,0.5397169403538983,14.862475047809436,4.007288170131191,7.008334558678885,22.716615536939987,9.174162719372127
S2-moderate,0.25,4,c,15,1,1,1,1,1.4568626946770964,0.744057490001738,8103.083921261182,0.06781453241366878,12.186145374016032,215.18535404525602,-409.56939855518624,433.94168930321825,9.174162719372127
S2-moderate,0.25,5,a,8,3,1,3,3,-9.11771977667009,9.486522665318192,0.00012340980423182282,0.9255514034503269,12.33459616488213,118.63202493606062,-220.1799001228543,244.84909245261855,9.174162719372127
S2-moderate,0.25,5,b,8,3,1,3,3,-1.8722708455409676,2.281211392910085,1.6278368890811992,0.4097084704979509,10.070615586510115,6.149724806107103,-1.9826235482923735,22.123854721312604,9.174162719372127
S2-moderate,0.25,5,c,8,3,1,3,3,-2.529266681051004,2.356496305342547,0.3370832717359218,0.4924729862970162,9.69842966541833,2.642645491575354,4.5189396780234885,14.87791965281317,9.174162719372127
S2-moderate,0.25,6,a,10,2,1,2,2,-4.416517192205644,8.436272100580304,2.040979061173722,0.37119543661899207,18.092023599130727,80.17948390260827,-139.0568771489905,175.24092434725196,9.174162719372127
S2-moderate,0.25,6,b,10,2,1,2,2,1.4692264663097747,0.4350430314498437,3379.4222141443165,0.08272253205596959,9.707915255193727,95.85225678878415,-178.1590558877081,197.57488639809557,9.174162719372127
S2-moderate,0.25,6,c,10,2,1,2,2,-0.6805570185851342,1.6811739293531807,11.789819215696527,0.28911310836605686,10.111577692599187,6.720067843288538,-3.059513253912103,23.282668639110476,9.174162719372127
S2-moderate,0.25,7,a,8,3,1,3,3,1.065593389132311,-1.122376205561033,63.51590793277714,0.2299825074481183,4.737442110975988,56.77909843545231,-106.54754589716507,116.02243011911705,9.174162719372127
S2-moderate,0.25,7,b,8,3,1,3,3,1.0188703381108117,0.45860283008263225,660.0879099538221,0.14070007917453553,8.813242462973813,,,,9.174162719372127
S2-moderate,0.25,7,c,8,3,1,3,3,-2.1044905289589724,2.1199684712391216,0.5862269174824105,0.4496136792745846,9.658426855923558,2.896855826741887,3.980693767104457,15.33615994474266,9.174162719372127
S2-moderate,0.25,16,a,11,2,1,2,2,-3.996321112484882,11.497020883325185,1064.1516755668674,0.13391059732611196,47.03644038134638,337.4072447806467,-614.2696075116112,708.3424882743041,9.174162719372127
S2-moderate,0.25,16,b,11,2,1,2,2,1.2925018452433195,0.05256977401018045,1168.0229161272587,0.13061170141775955,7.402868232060858,,,,9.174162719372127
S2-moderate,0.25,16,c,11,2,1,2,2,-1.7920395341830138,1.820151837939741,1.1580240655053926,0.4300503439722975,9.375382021863516,2.521110297813038,4.4340966370969115,14.31666740663012,9.174162719372127
S2-moderate,0.25,17,a,13,1,1,1,1,-1.6495389781493135,7.4905851091173234,8103.083916150258,0.06723634393607342,58.76671486978259,377.4529366801575,-681.0274468822037,798.5608766217689,9.174162719372127
S2-moderate,0.25,17,b,13,1,1,1,1,1.7824607477009957,0.03278211048919141,8103.0838527509295,0.06701511285412198,7.361963611432319,,,,9.174162719372127
S2-moderate,0.25,17,c,13,1,1,1,1,-1.3447807974611443,0.9753626390139715,0.8357818815867819,0.42387022125113183,8.332525945371481,2.9189281488729715,2.611531900120288,14.053519990622675,9.174162719372127
S2-moderate,0.25,18,a,13,1,1,1,1,-2.365187972598619,3.173021139125156,0.9762154261892212,0.42694693095295777,10.842676753656527,99.49415198845819,-184.16227781607572,205.84763132338875,9.174162719372127
S2-moderate,0.25,18,b,13,1,1,1,1,0.7478598941644958,0.9056935685476293,484.60348518042,0.15139572141735785,10.012422848949893,36.85131387790701,-62.21482513472891,82.2396708326287,9.174162719372127
S2-moderate,0.25,18,c,13,1,1,1,1,0.6666520928560659,0.7317488843336464,279.6043765780099,0.17266021356072775,9.20149704108553,12.889409568457642,-16.06128149507741,34.46427557724847,9.174162719372127
S2-moderate,0.25,19,a,13,1,1,1,1,-3.384320796010825,10.689924988394871,2684.5311792891025,0.10244002271717345,55.511904204506145,749.4360708070677,-1413.3558032925564,1524.3796117015688,9.174162719372127
S2-moderate,0.25,19,b,13,1,1,1,1,1.4943289467043206,0.22791709002239025,3659.7713549728996,0.09360647609062925,8.315709458561495,88.42457766778728,-164.99327811846635,181.62469703558932,9.174162719372127
S2-moderate,0.25,19,c,13,1,1,1,1,-0.5889623823133361,2.4925566955483998,70.55303609971422,0.231947743212051,12.3509517853805,15.69733972831415,-18.41526873520499,43.117172305965994,9.174162719372127
S2-moderate,0.25,12,a,13,1,1,1,1,-2.045552567555161,2.746524856888226,1.4471862350709166,0.41032812063855323,10.49057937377222,85.41719337325814,-156.9240432983071,177.90520204585155,9.174162719372127
S2-moderate,0.25,12,b,13,1,1,1,1,0.7854110678171844,0.44176675848432145,274.6204447444743,0.1747094591940048,8.377009800461813,22.849505502858484,-36.40719804969059,53.16121765061422,9.174162719372127
S2-moderate,0.25,12,c,13,1,1,1,1,-0.9009303549876575,1.4043032910054083,6.044188041352393,0.3397435208779506,9.232172045423674,5.466242016101343,-1.481465436914572,19.94580952776192,9.174162719372127
S2-moderate,0.25,13,a,9,2,1,2,2,-9.093975127405631,9.844626078887426,0.00012340980411601468,0.9117073843789869,12.495743889248141,130.48202619545623,-243.24432808365796,268.23581586215425,9.174162719372127
S2-moderate,0.25,13,b,9,2,1,2,2,-7.255406145502199,8.288013590119544,0.0017230173346306575,0.762563983440646,12.5249753232739,8.798333764611167,-4.719441979326696,29.769392625874495,9.174162719372127
S2-moderate,0.25,13,c,9,2,1,2,2,0.6932961708058787,0.6346262347726468,215.57400330790352,0.1746165392240842,8.899981937790944,10.636631376908385,-11.947432477778175,29.747396353360063,9.174162719372127
S2-moderate,0.25,14,a,11,2,1,2,2,1.0379231655813612,1.6637735726118121,7717.808534930136,0.06598510695754174,18.968488606549098,,,,9.174162719372127
S2-moderate,0.25,14,b,11,2,1,2,2,1.6393119315022258,0.3816900914000956,8101.153659060866,0.0643666967391533,9.94424215679426,,,,9.174162719372127
S2-moderate,0.25,14,c,11,2,1,2,2,-0.45193137554837415,1.6583630000779284,23.887747457045712,0.26317262742169417,10.266089675416733,8.224948479942043,-5.854513119967134,26.3866924708006,9.174162719372127
S2-moderate,0.25,15,a,10,2,1,2,2,-1.4653183007066093,6.992573939771157,6056.481027080457,0.07253651526140195,51.92833476857364,588.6949629047274,-1101.8925904048351,1205.7492599419825,9.174162719372127
S2-moderate,0.25,15,b,10,2,1,2,2,1.7004088754522257,0.190342930313819,7424.536552082343,0.06764934636175866,8.520715869073472,76.45236142614479,-141.3231590592096,158.36459079735656,9.174162719372127
S2-moderate,0.25,15,c,10,2,1,2,2,-0.6801976303043331,1.0160343883043588,5.95414107039093,0.3302901175767432,8.776173586899137,4.1113092596432566,0.7181555086923197,16.834191665105955,9.174162719372127
S2-moderate,0.25,24,a,10,2,1,2,2,1.7575361935891376,-0.09855879653332124,8103.083361922983,0.07737861020009029,6.706583530521969,65.85342850986976,-122.36376460730595,135.7769316683499,9.174162719372127
S2-moderate,0.25,24,b,10,2,1,2,2,1.5481630874803454,0.35768830508721905,8103.082821200081,0.07729620447003038,9.48623581575374,61.61628936780949,-111.27947220615111,130.2519438376586,9.174162719372127
S2-moderate,0.25,24,c,10,2,1,2,2,-1.3034677763522544,1.6111369227493415,3.2726703894510427,0.375793026111839,9.433973060932813,3.780129053719634,2.0250562587288545,16.84288986313677,9.174162719372127
S2-moderate,0.25,25,a,9,2,1,2,2,-8.658934200510714,8.420838476239958,0.0001234098044080258,0.9239415056327535,11.857014041779557,,,,9.174162719372127
S2-moderate,0.25,25,b,9,2,1,2,2,-5.726705286306997,2.0542820950621197,0.00012340980475179016,0.9235839322622774,8.565019253880235,2848.311090661954,-5574.02213520955,5591.152173717311,9.174162719372127
S2-moderate,0.25,25,c,9,2,1,2,2,-3.8007371456813352,2.981099258294,0.031080850485183116,0.6172888642800082,9.80406673719602,4.37135237775192,1.2363735130687274,18.371759961323313,9.174162719372127
S2-moderate,0.25,26,a,10,2,1,2,2,-4.203121841122382,-1.013147164724389,0.00012340980421259175,0.9208892097991596,6.479505171947372,,,,9.174162719372127
S2-moderate,0.25,26,b,10,2,1,2,2,-8.725601599207259,11.999999994429306,0.0037413891267256277,0.7275106146525807,15.157319565695243,7.457884473007615,0.5401345977398364,29.77450453365065,9.174162719372127
S2-moderate,0.25,26,c,10,2,1,2,2,1.1266753557849736,0.8024087983684949,1942.459437677914,0.10658703531978837,10.76622549912048,28.520428463628658,-45.13278711324271,66.66523811148367,9.174162719372127
S2-moderate,0.25,27,a,12,2,1,2,2,-1.5128353626701405,-0.321804675860885,0.14482121470814963,0.5298506778360126,6.759202546190856,47.88579741315552,-87.09523575457524,100.61364084695697,9.174162719372127
S2-moderate,0.25,27,b,12,2,1,2,2,-3.418813607549037,2.7403444125227434,0.042179764990128495,0.5964134300355189,9.484667741904666,9.05389210166617,-8.260634697272685,27.229970181082017,9.174162719372127
S2-moderate,0.25,27,c,12,2,1,2,2,-2.0735931050636047,2.345257890805356,0.7401607730494251,0.44027601483129125,9.805120559419226,3.2808093762791226,3.3748523417708274,16.235388777067627,9.174162719372127
S2-moderate,0.25,32,a,13,1,1,1,1,-9.073062756036022,11.771673140450059,0.0012400939098257228,0.7956987595071211,14.294766140778865,32.93535996825303,-50.257353214859336,78.84688549641706,9.174162719372127
S2-moderate,0.25,32,b,13,1,1,1,1,-3.3994793684934654,4.209809318484227,0.256750468769895,0.5025487715312988,11.293151615415372,4.383526638377411,2.701597278923712,19.88470595190703,9.174162719372127
S2-moderate,0.25,32,c,13,1,1,1,1,1.490907324123653,0.6036859269765673,8103.083920917367,0.07132578635941662,11.099546961959042,133.22329485409747,-250.0133128538323,272.2124067777504,9.174162719372127
S2-moderate,0.25,33,a,11,2,1,2,2,-4.583610026578251,0.23842535138444038,0.0001234098041836723,0.9060629631991057,7.191072065844196,7202.942938344229,-14110.317669785958,14124.699813917645,9.174162719372127
S2-moderate,0.25,33,b,11,2,1,2,2,-7.720662941990399,7.028265204473055,0.00012340980431044778,0.9077456485120824,11.0240866310553,427.8389937725311,-827.5249323449622,849.5731056070728,9.174162719372127
S2-moderate,0.25,33,c,11,2,1,2,2,-0.8943200610684674,1.51728591718754,4.3683193694530855,0.3341965789658111,9.328769352664459,5.718863224534501,-1.8799965999337633,20.53753530526268,9.174162719372127
S2-moderate,0.25,34,a,11,2,1,2,2,-1.0909048385743974,6.226246669377277,7281.500021293217,0.07083786965102602,47.882504289504006,409.09789077845267,-753.9346277875638,849.6996363665719,9.174162719372127
S2-moderate,0.25,34,b,11,2,1,2,2,1.5698676005049117,0.406695977872813,6489.732548909757,0.07296004938951704,9.711353030549885,73.88625680604825,-135.10304926178213,154.52575532288188,9.174162719372127
S2-moderate,0.25,34,c,11,2,1,2,2,-0.7851657281588458,1.4676799689529703,7.24669513920525,0.3220050740713499,9.375967704305635,4.785241874126724,-0.002934026295694281,18.754869434906965,9.174162719372127
S2-moderate,0.25,35,a,11,2,1,2,2,-3.271768944741634,10.888155092597437,8103.072045329372,0.0747338280448948,74.58714987275798,,,,9.174162719372127
S2-moderate,0.25,35,b,11,2,1,2,2,1.6173299088985902,0.2588502603280993,8036.006032802528,0.07471595896666382,8.866546781534101,,,,9.174162719372127
S2-moderate,0.25,35,c,11,2,1,2,2,-0.7621931334328228,1.3241309127626206,9.108913617741948,0.3239772399304076,9.266481285277118,4.920709746741437,-0.3779325967113092,18.910895167265544,9.174162719372127
S2-moderate,0.25,28,a,6,3,1,3,3,-3.667373512677166,-1.383409512057248,0.00012340980481472403,0.8683522422386245,5.837390368237229,17232.55101821863,-33769.34196708931,33781.016747825786,9.174162719372127
S2-moderate,0.25,28,b,6,3,1,3,3,-1.7591609350306867,2.9138437499661545,1.8225576924899491,0.3571579999920799,11.227698589768156,6.612277500293774,-1.7321271665921785,24.18752434612849,9.174162719372127
S2-moderate,0.25,28,c,6,3,1,3,3,-0.6481202838627429,1.5756573596199406,7.433575481338863,0.29229746791332495,9.82896571202641,5.605031736009685,-1.1566946227565875,20.81462604680941,9.174162719372127
S2-moderate,0.25,29,a,12,2,1,2,2,-3.5386265249827735,9.72898927846133,348.34541964241953,0.18177110648260789,32.13151354210184,,,,9.174162719372127
S2-moderate,0.25,29,b,12,2,1,2,2,0.9967349982132883,0.03884735951719162,457.00526000432495,0.1713569027942967,7.320933839482239,19.59082566577699,-31.076378892843582,45.71824657180806,9.174162719372127
S2-moderate,0.25,29,c,12,2,1,2,2,-1.8501421632959034,1.2771707020041312,0.6083345180996962,0.4740155890043876,8.588455812048778,3.0139816286335797,2.681160369861586,14.49575125423597,9.174162719372127
S2-moderate,0.25,30,a,9,2,1,2,2,-4.594314236264117,0.19459872469877051,0.00012340980419823087,0.9074571115064062,7.196120323928094,13276.648908163976,-26014.557575060495,26028.949815708354,9.174162719372127
S2-moderate,0.25,30,b,9,2,1,2,2,-10.028057042060349,11.99999998665859,0.00012341707549630115,0.907871747096052,13.580147009533066,21.929321744803403,-29.400533815672667,56.560827834738795,9.174162719372127
S2-moderate,0.25,30,c,9,2,1,2,2,-1.8613661746344154,1.9754957757912441,0.6779873010234725,0.4336817663117443,9.425010800564174,3.4957680643888565,2.573431296056718,16.27659030507163,9.174162719372127
S2-moderate,0.25,31,a,13,1,1,1,1,-2.4356508402591377,9.038656053362937,6632.416649655202,0.07732511366090564,61.271171632163565,530.2845440468334,-978.0674362578737,1100.6097795222008,9.174162719372127
S2-moderate,0.25,31,b,13,1,1,1,1,1.5309768356852822,0.1815952344805368,3766.7277968592753,0.0916103545349191,8.089532367224367,,,,9.174162719372127
S2-moderate,0.25,31,c,13,1,1,1,1,0.277826790665747,1.1940901359956637,157.71667112030025,0.19609601666548443,10.108094050514863,14.456623243958271,-18.22636684570795,38.44255494673768,9.174162719372127
S2-moderate,0.25,20,a,12,2,1,2,2,2.5011939267933574,-1.3253181252951518,8103.071024371667,0.055626932150022845,-4.557392717391683,69.01506558367015,-139.82443565205497,130.70965021727162,9.174162719372127
S2-moderate,0.25,20,b,12,2,1,2,2,1.8683526489120164,0.05957238375390905,8100.832448972423,0.05498650343544673,7.36665918807378,73.92676768919152,-137.52714297620096,152.26046135234853,9.174162719372127
S2-moderate,0.25,20,c,12,2,1,2,2,-1.2992874833145365,1.4829875936218846,1.0504869209847085,0.3948318293032854,8.849559746367547,3.7879430950805104,1.425327704522565,16.273791788212527,9.174162719372127
S2-moderate,0.25,21,a,8,3,1,3,3,-1.9559466233972924,-0.2528785947121833,0.05548730253702637,0.5739460127390784,6.99683474836023,133.35758061506758,-254.3792203225691,268.3728898192896,9.174162719372127
S2-moderate,0.25,21,b,8,3,1,3,3,1.443455667351608,0.23351676577960134,2561.59662347387,0.09843782010641686,8.383140763673916,106.97433530456912,-201.28270370339317,218.04898523074098,9.174162719372127
S2-moderate,0.25,21,c,8,3,1,3,3,-1.8102476862582846,1.8157729624422108,0.8435029121008537,0.42902024227234214,9.41832623485531,3.0827766738924995,3.376194981645832,15.46045748806479,9.174162719372127
S2-moderate,0.25,22,a,11,2,1,2,2,-2.92958704446362,10.292379244498647,8101.6550322518715,0.06579406354331677,79.51981286341345,,,,9.174162719372127
S2-moderate,0.25,22,b,11,2,1,2,2,1.697519688594153,0.23954780926939362,8093.465042491836,0.06535182039710048,8.882207827966127,79.22243721749965,-146.39091588581874,164.15533154175102,9.174162719372127
S2-moderate,0.25,22,c,11,2,1,2,2,-2.4592607456221556,3.342409090169338,0.8122653884892259,0.42617269256925977,11.08330717857151,3.2772477187722457,4.660019681361856,17.506594675781162,9.174162719372127
S2-moderate,0.25,23,a,10,2,1,2,2,-3.9583466258069153,10.241384125363957,215.242374071783,0.20321484906780932,30.80682486598903,256.9466531125999,-472.79936118281336,534.4130109147914,9.174162719372127
S2-moderate,0.25,23,b,10,2,1,2,2,0.9131846084545671,0.40449064554914954,715.1406560177243,0.15772338961812962,8.569648983080699,111.0967735361283,-209.17602594633334,226.31532391249473,9.174162719372127
S2-moderate,0.25,23,c,10,2,1,2,2,-2.5799477916049485,1.9822758546799644,0.2519875030432093,0.5206909638468357,9.259552344573839,2.493588946732173,4.3722078167316125,14.146896872416065,9.174162719372127
S2-moderate,0.25,8,a,6,3,1,3,3,-6.002761289029454,2.1711300008013685,0.0001234098043324388,0.9494664674970964,8.652438312789933,,,,9.174162719372127
S2-moderate,0.25,8,b,6,3,1,3,3,-10.524185345632802,11.999947517606408,0.00012341006281375012,0.9493788052230442,13.509665297367754,,,,9.174162719372127
S2-moderate,0.25,8,c,6,3,1,3,3,-2.7012239211965587,2.728050780841526,0.5868554773571536,0.4874259113362019,10.19293665131356,2.580811014301207,5.134640012378909,15.251233290248212,9.174162719372127
S2-moderate,0.25,9,a,11,2,1,2,2,-7.413314700093092,6.732741055933866,0.0008087972252223276,0.8749959480362375,11.094113828671263,65.60182396857857,-117.48309846987921,139.67132612722173,9.174162719372127
S2-moderate,0.25,9,b,11,2,1,2,2,-9.234056155747286,11.999999992587059,0.0032364847745959178,0.7953801620895715,14.503687839319802,,,,9.174162719372127
S2-moderate,0.25,9,c,11,2,1,2,2,-6.97042456723564,3.9872098656329644,0.00012340980413327846,0.9846775654139873,9.382509733430402,549.5374924645389,-1067.6911836515171,1086.456203118378,9.174162719372127
S2-moderate,0.25,10,a,7,3,1,3,3,-2.3927771903622936,3.4968093378408804,2.721896792109251,0.4025428444256524,11.608496499806654,34.45688110729361,-55.92574949006744,79.14274248968074,9.174162719372127
S2-moderate,0.25,10,b,7,3,1,3,3,1.0165417548468607,0.5555845921292335,1485.2172317207471,0.1342758931265756,9.361194538763003,,,,9.174162719372127
S2-moderate,0.25,10,c,7,3,1,3,3,-2.263732191016566,1.6953100419495897,0.4454190679197987,0.49368850315824325,9.121539715939923,2.3332212645535266,4.548510069452009,13.694569362427837,9.174162719372127
S2-moderate,0.25,11,a,10,2,1,2,2,-4.0351509663391845,-0.7533041287865627,0.00025725315775684316,0.8776921174292982,6.715991364305547,6010.468937977485,-11773.586657268273,11787.018639996886,9.174162719372127
S2-moderate,0.25,11,b,10,2,1,2,2,-8.732550458353145,9.761149635117999,0.00035713975629593747,0.8593727470969154,12.836894865385863,17.537720882846116,-21.536406435908525,47.210196166680255,9.174162719372127
S2-moderate,0.25,11,c,10,2,1,2,2,-1.9799372617853868,1.5092431228539296,0.44169475211473347,0.47029864787522296,8.926986577110535,2.79749779972436,3.4439916428207438,14.409981511400325,9.174162719372127
S2-moderate,0.25,40,a,14,1,1,1,1,-3.9011227862367353,4.725265930588648,0.13952674517075922,0.5369914559920523,11.511862157522774,64.79194334736066,-115.47801329166367,138.5017376067092,9.174162719372127
S2-moderate,0.25,40,b,14,1,1,1,1,-0.9604564850090613,0.963192679740054,3.227411208537611,0.3756356205920908,8.456953969044319,5.242832611236007,-1.8188091259503416,18.73271706403898,9.174162719372127
S2-moderate,0.25,40,c,14,1,1,1,1,0.18111929781580183,1.7366343339287706,283.85333817366296,0.1760054417043876,11.88961282963554,22.386958417046163,-31.98801939117076,55.767245050441836,9.174162719372127
S2-moderate,0.25,41,a,10,2,1,2,2,-5.220103442445646,0.7397255692667395,0.0001234098041457466,0.9497736659932912,7.713169208801414,4797.828094907207,-9395.857100823745,9411.283439241346,9.174162719372127
S2-moderate,0.25,41,b,10,2,1,2,2,-2.9751259471706786,2.2342406051698767,0.12537684482089195,0.561787954475914,9.290518439693763,3.879590506270419,1.6866607726402272,16.8943761067473,9.174162719372127
S2-moderate,0.25,41,c,10,2,1,2,2,-4.303374435837499,1.896712726333302,0.0037333401392420948,0.757784056601765,8.599147913305567,44.499735677806406,-78.61873133674708,95.81702716335822,9.174162719372127
S2-moderate,0.25,42,a,9,2,1,2,2,-1.4973655549269116,6.577207535319075,3238.419519556082,0.10149138125581109,37.4254187408828,1090.857278218345,-2100.615558840463,2175.466396322229,9.174162719372127
S2-moderate,0.25,42,b,9,2,1,2,2,1.2559294034364439,0.4500686036757877,2435.969791195305,0.1099986029162104,9.253088193625903,45.69362055525235,-80.30476241790782,98.81093880515962,9.174162719372127
S2-moderate,0.25,42,c,9,2,1,2,2,-1.068856317225608,1.5270164030399,6.005466816152572,0.34957728042578073,9.481909191082838,4.339858315433483,0.9759431948265416,17.987875187339135,9.174162719372127
S2-moderate,0.25,43,a,11,2,1,2,2,0.6801613154456452,0.9204311022894971,349.5446949990755,0.16026049205085094,9.856663955286725,103.25130017070377,-192.512165736227,212.22549364680046,9.174162719372127
S2-moderate,0.25,43,b,11,2,1,2,2,1.345035502662923,0.3487542916884252,1751.5819911437666,0.10651464045737725,8.640918386884845,,,,9.174162719372127
S2-moderate,0.25,43,c,11,2,1,2,2,-0.9219114379851523,1.5460405744542296,5.481970223101265,0.33550075661677564,9.40582932410122,5.377218728946749,-1.1333257216286565,19.944984369831097,9.174162719372127
S2-moderate,0.25,36,a,9,2,1,2,2,-7.829834885112764,6.465854860367897,0.00012340980416887648,0.9450776875161078,10.705905188126168,342.66647468902494,-660.9080439116688,682.3198542879211,9.174162719372127
S2-moderate,0.25,36,b,9,2,1,2,2,-5.569281760844843,6.259463089571948,0.01950877141703786,0.6590691160500678,11.927129800210642,2.9337217206697033,6.177140887035146,17.677118713386136,9.174162719372127
S2-moderate,0.25,36,c,9,2,1,2,2,-2.703547297832958,2.5015443368133825,0.3214572516639714,0.5097504772994753,9.726856363945961,2.7003917633640446,4.434185763603826,15.019526964288097,9.174162719372127
S2-moderate,0.25,37,a,11,2,1,2,2,-2.2805408783928263,8.842317680232696,8103.081443369009,0.0680031430935225,67.38902825075573,1171.343813091741,-2228.402658922873,2363.1807154243847,9.174162719372127
S2-moderate,0.25,37,b,11,2,1,2,2,1.6092923487852433,0.3920315168250653,8102.565925934712,0.06757970970494502,9.925841616752045,,,,9.174162719372127
S2-moderate,0.25,37,c,11,2,1,2,2,-1.9415147418454364,3.104427119128061,2.649434899027456,0.3717430930501193,11.320659269041968,5.582155156939669,0.3798362053256845,22.261482332758252,9.174162719372127
S2-moderate,0.25,38,a,11,2,1,2,2,-2.9053272105051957,9.653638950418006,1517.3344604268625,0.10206816447434408,51.01828681555412,438.115952901725,-807.6732019242735,909.7097755553817,9.174162719372127
S2-moderate,0.25,38,b,11,2,1,2,2,1.46065170316865,0.3085897250206673,2094.577904481991,0.09315094614908072,8.628808113730884,47.05126937370717,-83.58998528562763,100.8476015130894,9.174162719372127
S2-moderate,0.25,38,c,11,2,1,2,2,-1.5920942640812163,2.405224699712194,1.9846120078913077,0.371058541555474,10.33838661902463,4.770580525464866,0.9882206037653276,19.688552634283933,9.174162719372127
S2-moderate,0.25,39,a,9,2,1,2,2,-3.4577715868936627,1.5155811834379298,0.01143655376032478,0.6667155408568256,8.460964974694823,53.94780618396244,-97.27479219081877,114.19672214020841,9.174162719372127
S2-moderate,0.25,39,b,9,2,1,2,2,0.8080555181545428,0.968240035246853,804.8203867546141,0.1380523612062315,10.593672416856304,,,,9.174162719372127
S2-moderate,0.25,39,c,9,2,1,2,2,0.09298202824944996,0.8580341044736859,58.434585459610645,0.23877260162237818,9.010372429165631,8.432776501335844,-7.517565803128306,25.53831066145957,9.174162719372127
S2-moderate,0.25,44,a,10,2,1,2,2,-2.313941499687904,-1.8585039912341155,0.0053978050370656816,0.7221708010281006,5.646439240226024,362.6574106185297,-705.1490242986459,716.4419027790981,9.174162719372127
S2-moderate,0.25,44,b,10,2,1,2,2,-1.3385890631853103,1.023746231847889,1.6203421863111696,0.41824949577369336,8.506206926649817,6.5110648422562845,-4.255245665177469,21.267659518477103,9.174162719372127
S2-moderate,0.25,44,c,10,2,1,2,2,-3.762064616855413,3.5513009885754654,0.0679096238874275,0.5849142719052378,10.306667306941943,2.784306905146924,4.849526050947792,15.763808562936095,9.174162719372127
S2-moderate,0.25,45,a,11,2,1,2,2,-0.8536800390236801,-1.7900901855619473,0.10005270345250968,0.5333719401975431,4.906926268814941,56.424996919561885,-105.68403552130984,115.49788805893972,9.174162719372127
S2-moderate,0.25,45,b,11,2,1,2,2,1.4857501336459853,0.465071069669754,3629.713241980831,0.08070952377089682,9.75245210713277,,,,9.174162719372127
S2-moderate,0.25,45,c,11,2,1,2,2,-0.08909032024239649,1.1250505058428772,31.332113201237853,0.25124549176955174,9.255721364940184,7.720828397118931,-5.876824224227034,24.3882669541074,9.174162719372127
S2-moderate,0.25,46,a,14,1,1,1,1,-3.22774825087966,10.843919210304506,5769.082489885228,0.07286339031842357,75.89712448444959,895.930551859527,-1680.0944898093185,1831.8887387782174,9.174162719372127
S2-moderate,0.25,46,b,14,1,1,1,1,1.4332538638688836,0.7303733134119601,5999.133831102046,0.07164677262817516,11.82741682182088,,,,9.174162719372127
S2-moderate,0.25,46,c,14,1,1,1,1,1.5947165995764354,0.47740875534145233,8103.083923955157,0.0656253673031572,10.448514784432435,75.37103553714441,-137.27600034585913,158.173029914724,9.174162719372127
S2-moderate,0.25,47,a,8,3,1,3,3,-1.913860080177833,1.5807328017265407,0.46104909774754566,0.4545614701578038,9.082232273286937,43.792219270413284,-76.74894029980402,94.91340484637789,9.174162719372127
S2-moderate,0.25,47,b,8,3,1,3,3,1.5429702185769916,0.3694052915855318,5188.2621275635,0.0766527100448447,9.566433412547386,62.41678541134478,-112.76821802445346,131.90108484954823,9.174162719372127
S2-moderate,0.25,47,c,8,3,1,3,3,-3.0332088637561707,3.0688620160282376,0.1544782085965549,0.5102760828804449,10.359372879923178,2.487037254294761,5.484869433296063,15.233876326550295,9.174162719372127
S2-moderate,0.25,52,a,8,3,1,3,3,-2.0308293281038567,7.836503579618022,3232.592457725213,0.09564475562216154,45.29761223887367,1153.2193397211408,-2214.970759889624,2305.565984367371,9.174162719372127
S2-moderate,0.25,52,b,8,3,1,3,3,1.2804289240333926,0.7512665724754619,4203.105929115069,0.08882602152937878,11.254183312996089,52.438817591568075,-91.52401055834275,114.03237718433493,9.174162719372127
S2-moderate,0.25,52,c,8,3,1,3,3,-0.3972149454820655,0.8877783348128,14.356976311798999,0.30156305924747473,8.714332947271577,5.254537979865686,-1.5843722486630192,19.013038143206174,9.174162719372127
S2-moderate,0.25,53,a,10,2,1,2,2,-3.4971810402280425,10.960188187154493,2621.239936764917,0.09978819456612392,58.11836213585616,,,,9.174162719372127
S2-moderate,0.25,53,b,10,2,1,2,2,1.337846020267598,0.175119463544737,1488.4437924094655,0.11636976719136378,7.946320183176663,,,,9.174162719372127
S2-moderate,0.25,53,c,10,2,1,2,2,-1.427360689307335,1.2072902383678656,1.1567854286409616,0.4171244274022547,8.72537461741229,3.0094061105461494,2.8270470258870732,14.623702208937509,9.174162719372127
S2-moderate,0.25,54,a,13,1,1,1,1,-2.7727979604748496,6.971681566104717,27.55498269581046,0.24699431465357788,20.52905090894995,62.62729918664971,-102.21819994589809,143.276301763798,9.174162719372127
S2-moderate,0.25,54,b,13,1,1,1,1,1.270808228987414,0.453064740673562,1139.906386615079,0.10877510109581191,9.092186466168908,52.833029664140085,-94.45864886968197,112.64302180201979,9.174162719372127
S2-moderate,0.25,54,c,13,1,1,1,1,0.7521676384102396,1.8410027292412448,1965.8123963856972,0.09284171514221384,16.49070728690537,62.09291637496898,-105.2091725030912,138.19058707690195,9.174162719372127
S2-moderate,0.25,55,a,10,2,1,2,2,-10.26195012947732,11.959777799739255,0.00012340980455854478,0.931042495055353,13.493756462072465,46.42250205549567,-77.49267563893568,104.48018856308062,9.174162719372127
S2-moderate,0.25,55,b,10,2,1,2,2,-4.592829445860485,3.43442084890171,0.007371019413766184,0.700481987254834,9.775597064448815,24.628661647649217,-38.49569275236656,58.04688688126419,9.174162719372127
S2-moderate,0.25,55,c,10,2,1,2,2,-2.322367695936806,2.4325739094994736,0.6032250038529647,0.46186296445100805,9.90294033604908,3.2507724795821558,3.5315433541340857,16.274337317964072,9.174162719372127
S2-moderate,0.25,48,a,11,2,1,2,2,-1.9597716262753866,8.130707656631854,8103.08306340107,0.06865019290939668,62.07881203620441,1258.4946431162841,-2404.525363208301,2528.6829872807098,9.174162719372127
S2-moderate,0.25,48,b,11,2,1,2,2,1.7408173753388447,0.09367758856684574,8101.7908640953165,0.06810806917108495,7.87125000118214,,,,9.174162719372127
S2-moderate,0.25,48,c,11,2,1,2,2,-1.3485956087852813,1.9495111951739625,3.2032077504903436,0.3618971476411211,9.926592743884957,4.237824071532769,1.620610190863836,18.232575296906077,9.174162719372127
S2-moderate,0.25,49,a,13,1,1,1,1,2.1714662651963716,-0.8814902375508091,8103.083843982153,0.07166637550343066,1.2786086505373682,40.22077388399545,-77.5526595924229,80.10987689349763,9.174162719372127
S2-moderate,0.25,49,b,13,1,1,1,1,1.4724349440532305,0.641461160023358,8103.083593511561,0.07143466146805132,11.346343780246404,92.8690077801726,-170.67356674886196,193.36625430935476,9.174162719372127
S2-moderate,0.25,49,c,13,1,1,1,1,1.369348935597841,0.8652356744824908,8103.083897729217,0.07142106190690686,12.818778176246118,59.78152729069859,-104.35086225432148,129.98841860681372,9.174162719372127
S2-moderate,0.25,50,a,10,2,1,2,2,-7.021630446908561,4.881515641855746,0.00012340980432592295,0.9380967517274461,9.904802297708303,1123.268147426477,-2191.660311639215,2211.469916234631,9.174162719372127
S2-moderate,0.25,50,b,10,2,1,2,2,-6.296369921615166,5.101272470796066,0.0008478943942744589,0.8284366332700116,10.348776750465266,90.32283435191913,-166.6807255608734,187.37827906180397,9.174162719372127
S2-moderate,0.25,50,c,10,2,1,2,2,-1.8774171000240163,1.9470468582504785,1.068289583805632,0.43390788734377994,9.495164092773319,3.1602081192105054,3.3012699954696663,15.68905819007697,9.174162719372127
S2-moderate,0.25,51,a,3,4,1,4,4,1.7456942002358793,-0.15486871199816332,8103.083878731611,0.08095792363913097,6.560140773639234,48.11798614308237,-87.74937907539959,100.86966062267805,9.174162719372127
S2-moderate,0.25,51,b,3,4,1,4,4,1.4731561791301342,0.43258767651222385,8102.573142521789,0.08114683571956213,9.979270354843557,80.94751809166262,-148.67494974271963,168.63349045240673,9.174162719372127
S2-moderate,0.25,51,c,3,4,1,4,4,-1.2040030651072633,1.2539101400123445,3.019289277792432,0.37837068471239754,9.082721756029182,3.0359573309925407,3.1323547286834543,15.03308878337491,9.174162719372127
S2-moderate,0.25,56,a,5,3,1,3,3,-4.733735880190135,1.6778961317710126,0.000880491641669539,0.8138272951297812,8.498479264388942,363.41041332231634,-703.7728424541662,720.769800982944,9.174162719372127
S2-moderate,0.25,56,b,5,3,1,3,3,-8.15304904925223,10.327853479486905,0.003280523366806257,0.7411030186220074,14.105457834912077,5.65424284749564,3.0233454939774216,25.18757017584673,9.174162719372127
S2-moderate,0.25,56,c,5,3,1,3,3,-1.8674701985955657,2.322360520674817,1.9719292945864704,0.4038536617062716,10.215251776486843,3.86585746327997,2.6383103790927276,17.79219317388096,9.174162719372127
S2-moderate,0.25,57,a,13,1,1,1,1,-5.21257589579235,0.8611535532058658,0.00012340980410670266,0.9496593269657587,7.704609580475259,4605.479466196037,-9018.869275702511,9034.27849486346,9.174162719372127
S2-moderate,0.25,57,b,13,1,1,1,1,-6.586754532378744,9.456806257976606,0.0530325996742399,0.6055120513349946,14.67669174065793,4.047946132353393,6.742863109887073,22.610520371428787,9.174162719372127
S2-moderate,0.25,57,c,13,1,1,1,1,-0.0383675182242931,0.3723148472705231,24.81109125347857,0.2893254043191291,7.820518424606662,8.01175688006675,-7.882236513215157,23.52327336242848,9.174162719372127
S2-moderate,0.25,58,a,11,2,1,2,2,-9.28096632661028,9.864874973794356,0.00012340980422391337,0.9306388261100544,12.443229104405178,90.3808710749534,-164.7000230938614,189.58648130267179,9.174162719372127
S2-moderate,0.25,58,b,11,2,1,2,2,-8.728580913787834,11.999999954391907,0.004378490374002337,0.7279434987520579,15.152514598411734,6.733389564781491,1.9553135575621834,28.349715639261284,9.174162719372127
S2-moderate,0.25,58,c,11,2,1,2,2,-2.1458535452285274,1.423900138380175,0.30211955010921865,0.5006521402391922,8.713084166034882,2.779710719794693,3.2649512677973744,14.161217064272389,9.174162719372127
S2-moderate,0.25,59,a,7,3,1,3,3,-3.756509247813117,-1.762529922134569,0.00012340980415920187,0.900441805777228,5.808946496691128,14458.052856891569,-28331.45393958722,28343.0718325806,9.174162719372127
S2-moderate,0.25,59,b,7,3,1,3,3,-8.993744114509504,9.557094329588601,0.00012340980436991795,0.9042802450160864,12.487056932558358,69.82733065190686,-124.37199628174888,149.34611014686558,9.174162719372127
S2-moderate,0.25,59,c,7,3,1,3,3,-0.6893359601007847,1.4898329355621676,7.924502244144772,0.30187918396442637,9.67168552760196,5.6928952784039595,-1.4861841858279234,20.829555241031844,9.174162719372127
S2-moderate,0.25,60,a,10,2,1,2,2,-2.596547048875848,-0.0566930194807769,0.00820894745344896,0.6528016352790837,6.99643933995043,126.22292102860905,-240.39593989956674,254.3888185794676,9.174162719372127
S2-moderate,0.25,60,b,10,2,1,2,2,-1.3007937003752577,2.2877818961642333,3.6168849355484474,0.33787370980932163,10.493146837341342,12.967034603657616,-14.921773972112199,35.90806764679488,9.174162719372127
S2-moderate,0.25,60,c,10,2,1,2,2,0.1594506899443387,0.8263360537783352,36.748156952151,0.2333047312641532,8.849993282915207,7.976044055148154,-6.782765804279981,24.482752370110397,9.174162719372127
S2-moderate,0.25,61,a,7,3,1,3,3,-3.922524687378804,-1.994690792316204,0.00012340980415671262,0.9344825823215879,5.904816565208372,,,,9.174162719372127
S2-moderate,0.25,61,b,7,3,1,3,3,-5.326942020409472,1.094250175803312,0.0001234098040925691,0.9327361202494951,7.989937008660741,5405.8738611510225,-10587.328135813825,10603.308009831146,9.174162719372127
S2-moderate,0.25,61,c,7,3,1,3,3,-2.243579449592792,1.8080123194059434,0.40223487609152947,0.48492687616190994,9.235195109583485,2.5018458436074793,4.331667361241596,14.138722857925373,9.174162719372127
S2-moderate,0.25,62,a,13,1,1,1,1,-5.709959775077879,2.142220928060198,0.00012340980430846033,0.9414196157806115,8.382835048523363,2251.06554348479,-4403.6245570207475,4420.390227117795,9.174162719372127
S2-moderate,0.25,62,b,13,1,1,1,1,-4.9933139785830845,0.575643810313766,0.00012340980413613818,0.9418119710072436,7.484586545745065,5174.22975377113,-10133.819378581222,10148.788551672711,9.174162719372127
S2-moderate,0.25,62,c,13,1,1,1,1,-4.693525077224459,0.9805558517456896,0.00038942518869151824,0.8766516113537655,7.766355937460806,1123.6404451048738,-2194.5284480406476,2210.0611599155695,9.174162719372127
S2-moderate,0.25,63,a,11,2,1,2,2,-4.522604394596433,-0.03349465485553786,0.00012340980439774462,0.9106267957920956,7.062752843235653,7984.525931486456,-15642.320506496346,15656.446012182818,9.174162719372127
S2-moderate,0.25,63,b,11,2,1,2,2,-4.816912902642085,1.1460740290375888,0.00022531044463935338,0.8771986753578676,7.867616410314225,2474.989781430237,-4843.02321729761,4858.758450118239,9.174162719372127
S2-moderate,0.25,63,c,11,2,1,2,2,-2.069281277109533,1.6666180242941966,0.3111626548950199,0.47849124960678713,8.945110722725671,2.637572373599018,3.7755638638537716,14.11465758159757,9.174162719372127
S2-moderate,0.25,80,a,9,2,1,2,2,-2.5199636089965916,2.272407895079329,0.4013306396805715,0.4937931447846176,9.662105545693711,45.95414924794931,-80.40637192046535,99.73058301185276,9.174162719372127
S2-moderate,0.25,80,b,9,2,1,2,2,0.3916011953352283,0.9504277071010332,263.3474060811481,0.19266357624697245,9.727018540005414,45.752244257526236,-79.94573241662552,99.39976949663635,9.174162719372127
S2-moderate,0.25,80,c,9,2,1,2,2,-0.37811795922234537,1.2370496941971338,36.2418443665028,0.27643470513541496,9.530584303509123,7.214678943805366,-4.60992658636887,23.671095193387117,9.174162719372127
S2-moderate,0.25,81,a,19,0,1,0,0,-3.5759036675095857,9.978360878658357,559.4012179980408,0.1745539908130285,33.67444727648876,,,,9.174162719372127
S2-moderate,0.25,81,b,19,0,1,0,0,-3.5759036675095857,9.978360878658357,559.4012179980408,0.1745539908130285,33.67444727648876,,,,9.174162719372127
S2-moderate,0.25,81,c,19,0,1,0,0,-3.5759036675095857,9.978360878658357,559.4012179980408,0.1745539908130285,33.67444727648876,,,,9.174162719372127
S2-moderate,0.25,82,a,9,2,1,2,2,-9.4918374775465,10.987333821546038,0.0001234098041855306,0.8888311876758669,13.266489429799526,71.11232805957624,-126.11111242376703,152.64409128336607,9.174162719372127
S2-moderate,0.25,82,b,9,2,1,2,2,-5.088237078777108,4.088720276669905,0.002279651725221555,0.7262160896473656,10.105073657578432,62.08569350294961,-111.58064956339523,131.7907968785521,9.174162719372127
S2-moderate,0.25,82,c,9,2,1,2,2,-1.793493400830338,1.4585563958421295,0.37004590627389894,0.4512938631608173,8.830816400460881,3.497357685650714,1.9761212955311258,15.685511505390636,9.174162719372127
S2-moderate,0.25,83,a,9,2,1,2,2,-10.206478703525631,11.762486639607808,0.00012340980422011452,0.9395251545564621,13.31280647395183,50.9743091331285,-86.59500356379118,113.22061651169483,9.174162719372127
S2-moderate,0.25,83,b,9,2,1,2,2,-8.369761774671474,7.744700781706179,0.0001234098043266843,0.9409647165754232,11.332934787651716,182.53919269313639,-346.4373086579126,369.103178233216,9.174162719372127
S2-moderate,0.25,83,c,9,2,1,2,2,-1.6564412561191157,0.8301037379475743,0.5510724524414862,0.47296214178693174,8.150550895574854,2.921442710101933,2.4246284008779755,13.876473390271734,9.174162719372127
S2-moderate,0.25,68,a,12,2,1,2,2,-3.484861651429097,11.502937341135535,8099.336793897712,0.06568555738825996,88.10625834004529,837.0448166322336,-1552.4714357050661,1728.6839523851568,9.174162719372127
S2-moderate,0.25,68,b,12,2,1,2,2,1.6473013163659158,0.3270298411746482,7626.563441299101,0.06677850840347685,9.451934826575545,154.6263706908607,-293.61018278765124,312.51405244080235,9.174162719372127
S2-moderate,0.25,68,c,12,2,1,2,2,-0.812597536959598,0.9378404093020931,3.329745350472727,0.3546452147973447,8.506190827819438,3.6509663178721783,1.350428336021154,15.661953319617723,9.174162719372127
S2-moderate,0.25,69,a,11,2,1,2,2,-2.0627638867941407,8.442258956241423,8103.083741085733,0.06360054852135508,68.62797350127114,570.092867929303,-1048.7335154833124,1185.9894624858546,9.174162719372127
S2-moderate,0.25,69,b,11,2,1,2,2,1.6391662070567197,0.3958254780280006,8102.791626771581,0.06351090959604383,10.080621920397695,117.77830482912056,-220.7606137048585,240.92185754565392,9.174162719372127
S2-moderate,0.25,69,c,11,2,1,2,2,-0.32227979847781896,1.3673030601706415,22.45976512222246,0.2632697543530789,9.734961129740048,6.121358311845775,-2.262680697942576,21.73260295742267,9.174162719372127
S2-moderate,0.25,70,a,8,3,1,3,3,-4.249077580047139,-1.1598927898921652,0.00012340980438484836,0.9250604074617751,6.525552343514213,12332.606188148167,-24164.938411942694,24177.989516629725,9.174162719372127
S2-moderate,0.25,70,b,8,3,1,3,3,-9.271207163622359,11.99999999623514,0.001326125266580333,0.7903955035207307,14.641714247084375,7.004811268340265,0.9125364426371192,28.37089205153163,9.174162719372127
S2-moderate,0.25,70,c,8,3,1,3,3,-2.6683679983546593,1.8463472840034436,0.13022011774177236,0.5395490086672823,9.06881918418168,3.805646980527006,1.6098881644751426,16.527750203888218,9.174162719372127
S2-moderate,0.25,71,a,11,2,1,2,2,2.288844024044206,-0.8467065373786581,8103.0830116905845,0.05310163821761796,-0.5774105966265349,42.91925347110637,-84.69760164334073,83.54278045008766,9.174162719372127
S2-moderate,0.25,71,b,11,2,1,2,2,1.7219845376462408,0.3909098974981806,8103.0832952017045,0.05269378803562479,10.540320507868998,106.82281113964224,-198.82854205315385,219.90918306889188,9.174162719372127
S2-moderate,0.25,71,c,11,2,1,2,2,-1.1408226706560658,1.9307893814718442,2.655060527085746,0.3371552595273352,9.977453306324204,5.086032780220903,0.009012232901113748,19.945894379747294,9.174162719372127
S2-moderate,0.25,84,a,11,2,1,2,2,-3.8101149779833916,11.998755438628262,5249.949551210924,0.07840747432440144,77.95910095582224,,,,9.174162719372127
S2-moderate,0.25,84,b,11,2,1,2,2,1.597996698476853,0.09596464563242402,3706.5663367567026,0.08724421834417122,7.698913358170136,71.06808466955076,-131.5919730443925,146.98979976073275,9.174162719372127
S2-moderate,0.25,84,c,11,2,1,2,2,-1.209426711012663,1.2670140789800388,1.9073474758073543,0.38601735452477154,8.87132700260179,3.3473824041916433,2.3105780479030704,15.432075957300508,9.174162719372127
S2-moderate,0.25,85,a,12,2,1,2,2,-3.3655095834831235,10.495784901605361,3204.2635091399898,0.11124932230728246,50.94725293009453,193.38697193247407,-328.08424713681296,429.978752997002,9.174162719372127
S2-moderate,0.25,85,b,12,2,1,2,2,0.7519619972361684,0.7909471496512488,820.1017653951628,0.15715442759667253,9.675875517606322,,,,9.174162719372127
S2-moderate,0.25,85,c,12,2,1,2,2,-3.353526099116267,2.0887411787646712,0.04497626889894279,0.6219797590660361,8.98633087777402,4.3668475924448815,0.42746687060660804,17.54519488494143,9.174162719372127
S2-moderate,0.25,86,a,15,1,1,1,1,1.2527066995350826,-1.5889297481111266,120.12512293230084,0.23792094037748726,3.8691845702564516,,,,9.174162719372127
S2-moderate,0.25,86,b,15,1,1,1,1,0.5991179853953161,0.336787891891541,251.3500174572767,0.20684865399803612,8.010374464792703,39.86838824996668,-70.13023062680186,86.15097955638727,9.174162719372127
S2-moderate,0.25,86,c,15,1,1,1,1,-1.8493705263308997,0.7902507963087446,0.46448234391882987,0.5059594536004558,8.021259143299751,2.6616959567542997,2.8044309302654424,13.23808735633406,9.174162719372127
S2-moderate,0.25,87,a,11,2,1,2,2,-0.9634111164343813,5.796590739948883,8103.0837046886845,0.07867231011954773,41.49208621722722,383.20556950659693,-709.5770286908631,792.5612011253176,9.174162719372127
S2-moderate,0.25,87,b,11,2,1,2,2,1.4897644770733176,0.46521901207162475,8029.804866668164,0.07853290421484313,10.094605437052026,,,,9.174162719372127
S2-moderate,0.25,87,c,11,2,1,2,2,-1.5709517087422535,1.279252998475057,1.150578602369514,0.43104705078327543,8.804211432991295,2.6356104918416787,3.6385097917057063,13.969913074276883,9.174162719372127
S2-moderate,0.25,64,a,9,2,1,2,2,-3.123499893860776,5.889543248490188,9.205724228601522,0.35647007563962196,15.205224572619905,,,,9.174162719372127
S2-moderate,0.25,64,b,9,2,1,2,2,0.7816156529174965,0.32756622516253053,530.8439477084987,0.179692482641499,8.2504220944956,14.839218329527602,-20.833911390105122,37.334755579096324,9.174162719372127
S2-moderate,0.25,64,c,9,2,1,2,2,-3.9149118167068933,1.4867109590412788,0.008718203796298563,0.724442180136503,8.463018741191823,21.931855299768824,-34.52262776049898,51.448665242882626,9.174162719372127
S2-moderate,0.25,65,a,11,2,1,2,2,-3.470036157122994,10.346944813657164,1606.4942282099128,0.1345577171991782,42.89836923229751,2810.327217801319,-5465.24176243094,5551.0385008955345,9.174162719372127
S2-moderate,0.25,65,b,11,2,1,2,2,1.1584458850932333,0.007593546109494989,966.2634468897685,0.1514498536649113,7.280420330266218,25.251219232528157,-42.211059931214116,56.77190059174655,9.174162719372127
S2-moderate,0.25,65,c,11,2,1,2,2,-3.3601021249309095,1.7977112153014536,0.03241379033490214,0.6413264991839018,8.707774925900495,6.2594026637251154,-3.5604288597348113,20.975978711535802,9.174162719372127
S2-moderate,0.25,66,a,8,3,1,3,3,0.7486842763986359,1.9313314743727528,8103.083538877744,0.08677846081133204,17.796841709618025,129.6617226815229,-236.33546491958705,271.9291483388231,9.174162719372127
S2-moderate,0.25,66,b,8,3,1,3,3,1.5108052225373125,0.2750898329026341,8085.770022858611,0.08663469563504965,8.903619744328006,,,,9.174162719372127
S2-moderate,0.25,66,c,8,3,1,3,3,-1.372289065213697,0.9839509442630572,1.9244171276352358,0.41970089056469434,8.579507118580821,2.7393088310763156,3.210560467138728,13.948453770022915,9.174162719372127
S2-moderate,0.25,67,a,9,2,1,2,2,-9.482623538469015,9.763808596692353,0.0001234098041275636,0.963598855098294,12.227526082507742,137.9060009451942,-258.06326902201954,282.518321187035,9.174162719372127
S2-moderate,0.25,67,b,9,2,1,2,2,-5.8745837113826305,1.923893985382185,0.00012340980419491804,0.9634515479655021,8.381017870948062,3384.7802364630197,-6625.666341179538,6642.428376921434,9.174162719372127
S2-moderate,0.25,67,c,9,2,1,2,2,-5.329436605361584,1.1889701396663102,0.00019929391254373103,0.9359318736384651,8.00592052741159,1574.6946278430958,-3078.33883669376,3094.350677748583,9.174162719372127
S2-moderate,0.25,72,a,7,3,1,3,3,-2.6695745486945492,8.985058052997115,2801.362673289735,0.11010267760240085,45.15448006215816,574.2086859775684,-1080.2738640639454,1170.5828241882618,9.174162719372127
S2-moderate,0.25,72,b,7,3,1,3,3,0.9705182557975562,0.28770747267211594,670.5674847365426,0.1575203711855386,8.194270264599885,19.595919123367768,-30.213025461160647,46.60156599036042,9.174162719372127
S2-moderate,0.25,72,c,7,3,1,3,3,-2.9952209485359362,3.075270408571128,0.2882357817917648,0.5092253270078246,10.329506553526418,2.255823902136538,5.908172949874197,14.75084015717864,9.174162719372127
S2-moderate,0.25,73,a,12,2,1,2,2,-0.8027215744142071,3.187627908366734,215.6326766753572,0.21618067094538604,14.30719879497603,266.12651401997874,-507.291184015376,535.905581605328,9.174162719372127
S2-moderate,0.25,73,b,12,2,1,2,2,0.4901091460025917,0.9480381128090292,514.1225588896557,0.1815130059140517,9.82463512533938,18.322719132854626,-26.087234473898658,45.736504724577415,9.174162719372127
S2-moderate,0.25,73,c,12,2,1,2,2,-2.34061577389467,3.013005090902382,2.209481570599146,0.429931152492141,10.73882391003563,3.3382194182507097,4.196034077771989,17.28161374229927,9.174162719372127
S2-moderate,0.25,74,a,10,2,1,2,2,-4.05319565540832,11.999999979305464,2923.8774333676884,0.11002840476648072,57.76372567023894,216.88255804954466,-367.31827698178614,482.84572832226405,9.174162719372127
S2-moderate,0.25,74,b,10,2,1,2,2,1.492287956908266,0.3094179434083324,6532.880448000125,0.08789121180231126,8.96561847200899,83.7603399580353,-155.20163117857138,173.13286812258937,9.174162719372127
S2-moderate,0.25,74,c,10,2,1,2,2,-2.7020370982684128,2.4935990619995936,0.3086777957833505,0.506799648618192,9.77843049289597,2.3567198780811824,5.159344410207225,14.397516575584714,9.174162719372127
S2-moderate,0.25,75,a,8,3,1,3,3,-1.4354537196314174,6.928823611230335,8103.03394893654,0.07221521412085745,51.74764531801234,628.0882483506026,-1179.282700562018,1282.7779911980424,9.174162719372127
S2-moderate,0.25,75,b,8,3,1,3,3,1.3479257649973455,0.5753436851659042,3925.109062384269,0.09052177142547604,10.271115126162174,49.45976972275644,-86.66825221408507,107.21048246640942,9.174162719372127
S2-moderate,0.25,75,c,8,3,1,3,3,-1.3474716315254764,1.4986771975123456,2.0861363542577487,0.3886545347005936,9.203931596499807,3.4622049416664247,2.4181346037370153,15.989728589262597,9.174162719372127
S2-moderate,0.25,76,a,11,2,1,2,2,-0.9805935865099293,5.980139906726272,7387.835323773983,0.07067133892039522,46.43197943167697,,,,9.174162719372127
S2-moderate,0.25,76,b,11,2,1,2,2,1.6510714555871884,0.10830219875437352,4992.5490455272575,0.0798353562657977,7.786247613211921,44.708287663674554,-79.8403860180466,95.41288124447046,9.174162719372127
S2-moderate,0.25,76,c,11,2,1,2,2,-3.597664730255719,3.3141698162135476,0.046930914181258956,0.5806625494140819,10.073012545802834,3.376907922542571,3.4543946385114213,16.69163045309425,9.174162719372127
S2-moderate,0.25,77,a,8,3,1,3,3,-2.6238244679733067,-1.1452141959753157,0.0043909854489072074,0.7145452374696903,6.2787029500356795,353.2852247231755,-686.1476137775277,698.7050196775991,9.174162719372127
S2-moderate,0.25,77,b,8,3,1,3,3,1.3182930125698524,0.6455178069652225,3639.4966777664417,0.08993213720181426,10.66569500693097,53.64719499739558,-94.48087505956173,115.81226507342367,9.174162719372127
S2-moderate,0.25,77,c,8,3,1,3,3,-1.589805343903621,1.989336004994572,2.08277770453541,0.38944888283603224,9.847563215179923,3.723837906738845,2.5489750337067623,17.14615139665308,9.174162719372127
S2-moderate,0.25,78,a,7,3,1,3,3,-5.779633724241412,3.3928824842717544,0.0002790867262961601,0.8524786693222515,9.39293984571508,821.5060837742204,-1600.7293974323013,1619.5152771237315,9.174162719372127
S2-moderate,0.25,78,b,7,3,1,3,3,-5.469698772932056,6.513069675537109,0.017628412313067263,0.624177126189097,12.43144893540311,3.5526791245246403,5.4683258027075246,19.394572068098693,9.174162719372127
S2-moderate,0.25,78,c,7,3,1,3,3,-0.8109297717574897,1.5164701024098595,7.9069048270452145,0.31562298843933334,9.661752455705766,4.919894178619284,0.018937057863698925,19.304567853547834,9.174162719372127
S2-moderate,0.25,79,a,10,2,1,2,2,-1.9351823371171792,0.9761642979999794,0.8374103532789229,0.49776504669685684,8.385141161835863,,,,9.174162719372127
S2-moderate,0.25,79,b,10,2,1,2,2,0.12387896554505554,0.9178514194308537,227.05889702581342,0.23070769936136148,9.311634409136271,,,,9.174162719372127
S2-moderate,0.25,79,c,10,2,1,2,2,-2.8860428918786254,1.0098707035081005,0.07893221460068849,0.621150145952325,8.223719256940011,4.070034264175889,0.24659868331128898,16.200839830568732,9.174162719372127
S2-moderate,0.25,96,a,11,2,1,2,2,-7.84690303052998,6.605240524715517,0.00012340980440655704,0.939955037829174,10.782670843079556,307.3952637656442,-591.7009751557733,613.2663168419325,9.174162719372127
S2-moderate,0.25,96,b,11,2,1,2,2,-7.289411509753295,6.35529480476977,0.0003489493882798415,0.8813591413427709,10.866381967453588,130.9503506322411,-245.7915890346309,267.5243529695381,9.174162719372127
S2-moderate,0.25,96,c,11,2,1,2,2,-0.427982878543551,1.1400698918835461,23.32581559221192,0.29178679069953833,9.170668251500075,6.485244560670929,-3.540177518349232,21.881514021349382,9.174162719372127
S2-moderate,0.25,97,a,7,3,1,3,3,-4.492109121616021,-0.20921716619541952,0.0001234098049142187,0.9097715465421797,7.02265227545502,,,,9.174162719372127
S2-moderate,0.25,97,b,7,3,1,3,3,0.3894263920538583,1.1830133384426929,190.55243839400322,0.18047544062205334,10.3605538355927,34.41355477443922,-57.0887741023046,77.80988177348999,9.174162719372127
S2-moderate,0.25,97,c,7,3,1,3,3,-2.512635740352372,2.1911754134484367,0.19394018946172964,0.5028632283444202,9.427311912536286,3.037606935022593,3.4737117207029033,15.380912104369669,9.174162719372127
S2-moderate,0.25,98,a,10,2,1,2,2,-4.8687277445973205,11.001717350497888,22.977793034941687,0.2771387399172702,25.873911666605903,107.42286537662835,-184.67103558768042,236.4188589208922,9.174162719372127
S2-moderate,0.25,98,b,10,2,1,2,2,1.374151584444951,0.323435363613954,2395.72021462381,0.10232072763885257,8.753999821076658,79.51306786529156,-147.08874949518392,164.59674913733724,9.174162719372127
S2-moderate,0.25,98,c,10,2,1,2,2,-3.0263839866277578,3.1808926512879694,0.2003712075775446,0.5077160111631206,10.40950309006642,3.0431164221694877,4.445104501851836,16.373901678281,9.174162719372127
S2-moderate,0.25,99,a,14,1,1,1,1,0.17381357249207577,3.4384914285646273,8103.083733407084,0.07322746339260958,28.997519920745884,208.26571305099142,-379.1957768737508,437.1908167152426,9.174162719372127
S2-moderate,0.25,99,b,14,1,1,1,1,1.6368806240251867,0.24132265798047137,7740.345717019666,0.07424419883527048,8.647578282932743,73.10665364043481,-134.6388298825635,151.933986448429,9.174162719372127
S2-moderate,0.25,99,c,14,1,1,1,1,-0.9449239625473205,0.9179364571563366,3.0776565913249323,0.3783270958428002,8.346598809294955,3.713457277061525,1.0683562881261892,15.62484133046372,9.174162719372127
S2-moderate,0.25,88,a,10,2,1,2,2,-1.4582151241597887,5.200303402756794,282.18066513158635,0.18040754579905963,20.81502429577728,85.92410027607386,-147.5931176493356,189.22316624089015,9.174162719372127
S2-moderate,0.25,88,b,10,2,1,2,2,1.4138953088115924,0.24117831204586193,2820.1259518106604,0.10244282341764546,8.368681617874053,,,,9.174162719372127
S2-moderate,0.25,88,c,10,2,1,2,2,-0.6376099533885797,1.417294014071047,16.81041418545711,0.30113056631000024,9.59038142383857,5.239999866091285,-0.6798295926950537,19.860592440372194,9.174162719372127
S2-moderate,0.25,89,a,9,2,1,2,2,-3.2498087982717783,10.074995791048483,1579.9623158841614,0.12029606615091036,46.1527850998651,311.27005140533316,-563.925305120519,656.2308753202493,9.174162719372127
S2-moderate,0.25,89,b,9,2,1,2,2,1.4532791513613827,0.29707131011291527,3969.863874050665,0.09330499119326531,8.807634413973098,,,,9.174162719372127
S2-moderate,0.25,89,c,9,2,1,2,2,-1.4070566459180884,1.5422197134953954,2.422841916458573,0.39227707950211077,9.294196144865364,2.9331119414171467,3.5454023770633993,15.042989912667327,9.174162719372127
S2-moderate,0.25,90,a,7,3,1,3,3,-2.7482884658206466,9.422569272678224,3498.4722910246346,0.09378124049313823,53.85335882639042,,,,9.174162719372127
S2-moderate,0.25,90,b,7,3,1,3,3,1.3414008973911293,0.41469293992795897,2728.9108583343536,0.1008542005868651,9.236265570522349,,,,9.174162719372127
S2-moderate,0.25,90,c,7,3,1,3,3,-3.2836112832338165,2.901980197477471,0.08389519082177754,0.5566165377667085,9.941753119170892,2.355204199116384,5.325637712665277,14.557868525676508,9.174162719372127
S2-moderate,0.25,91,a,12,2,1,2,2,-0.2712646663718752,4.116429628072897,5726.441152426578,0.09055724827761305,28.37726144330192,189.51554842833198,-343.0663879865852,399.820910873189,9.174162719372127
S2-moderate,0.25,91,b,12,2,1,2,2,1.279226375058835,0.6675705837392187,4809.889402927024,0.09531122755618512,10.516689756658183,,,,9.174162719372127
S2-moderate,0.25,91,c,12,2,1,2,2,-0.2866541733695102,0.9919484236535567,30.8158438790751,0.28402683326893996,8.923229131171865,6.945850931392424,-4.690388536341274,22.536846798685005,9.174162719372127
S2-moderate,0.25,92,a,10,2,1,2,2,-0.9376213761903465,5.91274475986474,6240.985576019209,0.06816818714729293,47.50306482227733,487.2705612976287,-907.5296860476917,1002.5358156922464,9.174162719372127
S2-moderate,0.25,92,b,10,2,1,2,2,1.6754255589267055,0.326052454234913,8099.957579648001,0.06250418477762368,9.649108919381337,,,,9.174162719372127
S2-moderate,0.25,92,c,10,2,1,2,2,-0.5357338480226828,1.2418806917934537,9.215572951015186,0.2969665733982882,9.294683960785626,5.526113168314281,-1.5362988236028947,20.125666745174147,9.174162719372127
S2-moderate,0.25,93,a,10,2,1,2,2,-3.298312935769429,10.910410820865625,8100.98431781483,0.07637237320804674,73.3345245339618,,,,9.174162719372127
S2-moderate,0.25,93,b,10,2,1,2,2,1.5805232485813097,0.28810671160432644,7714.089304229701,0.0772997540523159,9.051115331036039,120.5669945984521,-227.2558518061653,245.3580824682374,9.174162719372127
S2-moderate,0.25,93,c,10,2,1,2,2,-0.13026955448640287,1.6666022584408793,116.46293434544421,0.21865697252641897,10.975593713675245,9.851219019253326,-8.33244076787727,30.28362819522776,9.174162719372127
S2-moderate,0.25,94,a,10,2,1,2,2,-3.9002157556466113,11.970739892420543,8017.283209611982,0.0915259273305511,67.76996893395327,,,,9.174162719372127
S2-moderate,0.25,94,b,10,2,1,2,2,1.3134842318579456,0.2538712007694277,3564.5799407688005,0.1146274749963065,8.408601811371481,24.19410819732399,-39.01097889344883,55.828182516191795,9.174162719372127
S2-moderate,0.25,94,c,10,2,1,2,2,-2.3487044489961235,1.170663700313776,0.23606636353205476,0.5399213131421227,8.467270621336013,2.5144539070517347,3.539031522728588,13.395509719943437,9.174162719372127
S2-moderate,0.25,95,a,12,2,1,2,2,-6.130429392814657,7.544839178155247,0.014024866029999155,0.6593078468757179,12.779416118330674,49.63462661176247,-84.5026644268171,110.06149666347845,9.174162719372127
S2-moderate,0.25,95,b,12,2,1,2,2,0.2642266693357004,0.5759355308144096,63.929078473701885,0.23539880705069044,8.378784809955631,18.74417133017715,-28.35911591723982,45.116685537151085,9.174162719372127
S2-moderate,0.25,95,c,12,2,1,2,2,-1.4880602122577027,1.4954812340256496,1.4884716021848923,0.4119694547823368,9.019247688266306,4.152920883668488,0.8796723256318142,17.1588230509008,9.174162719372127
S2-moderate,0.25,104,a,10,2,1,2,2,-7.4244703770418,6.130210415854901,0.00013253139395572928,0.9157548205582755,10.598970392851077,440.101018365613,-851.9831751631513,873.1811159488535,9.174162719372127
S2-moderate,0.25,104,b,10,2,1,2,2,-2.690500333341861,1.7395061426550742,0.08502485607146704,0.555569111662151,8.817668467267712,6.325646475615333,-3.580370803871066,21.21570773840649,9.174162719372127
S2-moderate,0.25,104,c,10,2,1,2,2,-1.335259776397356,1.9049942867361334,3.270932527022624,0.36527298023255333,9.79787942126912,4.996538645021856,0.00484362966371954,19.59091521287452,9.174162719372127
S2-moderate,0.25,105,a,13,1,1,1,1,-5.684268768539727,1.780747455109633,0.00012340980425188473,0.9547633422698306,8.235480784900806,3925.4992216408646,-7685.6016149712095,7702.072576541011,9.174162719372127
S2-moderate,0.25,105,b,13,1,1,1,1,-9.968442349807539,11.0776253737076,0.00012340980461195136,0.9557558263801375,12.83729357516068,28.97228395295585,-43.947339522500535,69.6219266728219,9.174162719372127
S2-moderate,0.25,105,c,13,1,1,1,1,-3.0634845542705524,2.507215850842167,0.129921403014451,0.5610580647710723,9.470573404041913,4.052114204729281,1.5285755015293585,17.41257130655447,9.174162719372127
S2-moderate,0.25,106,a,14,1,1,1,1,-4.871629190660439,0.5060982565799023,0.0001234098040985946,0.9374090365704226,7.35606635276955,5474.420675549974,-10722.311293946612,10737.023426652151,9.174162719372127
S2-moderate,0.25,106,b,14,1,1,1,1,-7.170900893164685,5.483132744186795,0.0001234098905185464,0.938678509493293,10.062494009428496,676.7743792451995,-1316.3909149706144,1336.5159029894714,9.174162719372127
S2-moderate,0.25,106,c,14,1,1,1,1,-5.053326969582627,0.698929492922119,0.00012340980410912065,0.9491343537168062,7.505151219689319,5901.971543940667,-11560.146512684276,11575.156815123655,9.174162719372127
S2-moderate,0.25,107,a,10,2,1,2,2,-5.414414250130854,1.100345936948482,0.00012340980415018754,0.9549314380068474,7.9113197663132455,5296.858898730106,-10373.741352935189,10389.563992467816,9.174162719372127
S2-moderate,0.25,107,b,10,2,1,2,2,-8.987331669855589,9.770313049440349,0.00032822937977770096,0.8999175812612332,12.54239415445794,21.50345463959098,-29.603602482331112,54.68839079124699,9.174162719372127
S2-moderate,0.25,107,c,10,2,1,2,2,-0.20968248514640567,1.6221096984666132,95.02333735053278,0.23337818951366027,10.620355377960458,11.47412039841285,-11.868507357205104,33.10921811312602,9.174162719372127
S2-moderate,0.25,100,a,12,2,1,2,2,-0.5531305214058002,4.166141911503557,977.6762081923674,0.12525130520047023,22.740371069819048,119.60438214387358,-211.6799103253387,257.1606524649768,9.174162719372127
S2-moderate,0.25,100,b,12,2,1,2,2,1.3898567499114065,0.7728266317394388,5904.444096365427,0.07427334179726801,12.003729954420029,101.17654511818414,-186.2986545574127,210.30611446625278,9.174162719372127
S2-moderate,0.25,100,c,12,2,1,2,2,-1.0995855616379573,1.771904983452238,4.938416919633497,0.34483707092017346,9.689940455307141,4.026671949493289,1.797808456742608,17.582072453871675,9.174162719372127
S2-moderate,0.25,101,a,10,2,1,2,2,-0.5327452290641992,5.0360387354074465,8103.078433293164,0.06844017514434025,41.389251970359254,382.20404862947595,-707.7169180888089,790.4954220295275,9.174162719372127
S2-moderate,0.25,101,b,10,2,1,2,2,1.574038610591657,0.37345357622517605,6547.75974870516,0.07348285576642147,9.585590312373526,63.69210933629888,-115.2486500861596,134.41983071090664,9.174162719372127
S2-moderate,0.25,101,c,10,2,1,2,2,-1.417200707479545,2.5246660264974192,5.206982334381528,0.33766975255203635,10.888568910920764,5.910071736083285,-0.6949588378505869,22.472096659692113,9.174162719372127
S2-moderate,0.25,102,a,11,2,1,2,2,-0.7574931465696295,5.435220462396103,8103.046720769963,0.07393791518721446,41.3585841865245,,,,9.174162719372127
S2-moderate,0.25,102,b,11,2,1,2,2,1.5179765790757767,0.4919759663385018,8094.446215630164,0.07369138551652586,10.368309759605108,93.92805855738747,-173.72730215064357,194.46392166985376,9.174162719372127
S2-moderate,0.25,102,c,11,2,1,2,2,-0.7436584649070684,1.7157534177966838,16.405542075228595,0.2986798185231211,10.039796230306207,6.647280994436766,-2.988635113907449,23.068227574519863,9.174162719372127
S2-moderate,0.25,103,a,6,3,1,3,3,-4.1864803859089,-1.4248570733548152,0.00012340980609111998,0.9347390006915447,6.356256887751526,11842.702378916229,-23204.913885414873,23217.62639919038,9.174162719372127
S2-moderate,0.25,103,b,6,3,1,3,3,-4.437951814391712,4.652336975561299,0.049083259274272865,0.6017558091972723,11.165518384372959,3.7232574147547255,3.868067946281986,18.46296882246393,9.174162719372127
S2-moderate,0.25,103,c,6,3,1,3,3,-1.407884306415535,1.7793658488929815,3.6967057304719066,0.3785369887915496,9.665913236639932,3.996236674008048,1.833433281886025,17.498393191393838,9.174162719372127
S2-moderate,0.25,108,a,11,2,1,2,2,0.10528643525035816,3.648749690872979,8102.6002448997415,0.06844305518669716,32.03095761171941,262.59071105925585,-482.63737873918575,546.6992939626246,9.174162719372127
S2-moderate,0.25,108,b,11,2,1,2,2,1.6580690476125008,0.26037363236496225,7831.056010690788,0.06921435103614784,8.964580727847414,66.09607900083344,-120.58135363310029,138.51051508879513,9.174162719372127
S2-moderate,0.25,108,c,11,2,1,2,2,-1.9661127336288513,1.498928716915366,0.3321914010814928,0.4720794573577926,8.833889788856919,3.0559233382829785,2.844390106306869,14.82338947140697,9.174162719372127
S2-moderate,0.25,109,a,12,2,1,2,2,-7.301024858681065,6.128883170737663,0.00012340980426585912,0.9096685764195915,10.53019973020675,672.9654542592884,-1308.4578534576358,1329.5182529180493,9.174162719372127
S2-moderate,0.25,109,b,12,2,1,2,2,-6.0737850295912095,6.044325523585689,0.002047522563454919,0.7500455269272911,11.140323027161374,33.09797440487412,-53.730514767620434,76.01116082194318,9.174162719372127
S2-moderate,0.25,109,c,12,2,1,2,2,-1.071655266102681,1.4137805762406157,2.6673444955169088,0.365332556332016,9.003557253963539,4.389755729391493,0.39979412342785636,17.60732038449922,9.174162719372127
S2-moderate,0.25,110,a,11,2,1,2,2,-1.273659008769826,6.519082148127419,8103.083678468186,0.07604291943867376,47.01271895086324,278.01194603260694,-497.88068254493953,591.906120446666,9.174162719372127
S2-moderate,0.25,110,b,11,2,1,2,2,1.599317048363857,0.27904047652372,8103.063848408349,0.0756396038144691,9.003020070726695,,,,9.174162719372127
S2-moderate,0.25,110,c,11,2,1,2,2,-0.8238672991506935,1.0289761381153653,5.703669596527579,0.3495256684685578,8.731893016782722,4.024238850911412,0.844529803809503,16.61925622975594,9.174162719372127
S2-moderate,0.25,111,a,12,2,1,2,2,-0.7020623109665167,2.883653998057349,106.95740351755246,0.22340706476543976,13.362283875455233,58.36261256306884,-101.0263347918246,127.75090254273506,9.174162719372127
S2-moderate,0.25,111,b,12,2,1,2,2,0.8915475461363256,0.5329334922438194,613.8089101631558,0.15517704544151298,8.836008115194174,,,,9.174162719372127
S2-moderate,0.25,111,c,12,2,1,2,2,-3.3657292814103736,2.7495366922352096,0.06023260370600548,0.585491599082579,9.583898741807209,3.7147588821356807,2.3031051215710034,16.864692362043414,9.174162719372127
S2-moderate,0.25,116,a,13,1,1,1,1,-4.3434157067294095,11.04543989636759,149.1560979068017,0.20767955226095622,31.999152595496817,,,,9.174162719372127
S2-moderate,0.25,116,b,13,1,1,1,1,1.0297172553911027,0.15184204422682435,517.525642737508,0.1595811270690871,7.663737882943831,37.97394646308699,-66.76382953555883,82.0913053014465,9.174162719372127
S2-moderate,0.25,116,c,13,1,1,1,1,0.6068866168364733,0.7477498167339066,287.119234794944,0.17885968506243127,9.235291933622179,13.426852233338476,-17.080854869462424,35.551438736706785,9.174162719372127
S2-moderate,0.25,117,a,10,2,1,2,2,0.5861554981761735,2.514271320298721,8103.083772064273,0.073484089856695,23.247741471649622,153.66985284166012,-277.93963560757425,324.43511855087354,9.174162719372127
S2-moderate,0.25,117,b,10,2,1,2,2,1.653438774207752,0.19817427656763986,8102.931867077677,0.07316311038820215,8.55108223358646,,,,9.174162719372127
S2-moderate,0.25,117,c,10,2,1,2,2,-3.1953508533229016,2.862135900181446,0.09228825371604502,0.5488570049655247,9.917540686201164,2.567034901403454,4.886244732393066,14.948836640009262,9.174162719372127
S2-moderate,0.25,118,a,13,1,1,1,1,-7.944769495019006,8.968070695582936,0.0013395270939862952,0.8171643596996605,12.535335158587033,29.063562395433923,-44.42820039889612,69.49887071607019,9.174162719372127
S2-moderate,0.25,118,b,13,1,1,1,1,-5.041292081512719,6.347361975749867,0.07771551855093621,0.5904713454701056,12.421395836784228,5.136231788977864,2.3545665141378844,22.48822515943057,9.174162719372127
S2-moderate,0.25,118,c,13,1,1,1,1,0.22750089496140616,0.996752222215718,148.71106640768213,0.2155710725413636,9.432457869738256,12.554031532623148,-15.172991794983291,34.037907534459805,9.174162719372127
S2-moderate,0.25,119,a,13,1,1,1,1,-0.9264800227775176,-1.9992769051212527,0.12636844331414693,0.5541123379483307,5.019600102757289,67.1573997133741,-126.60648463081651,136.6456848363311,9.174162719372127
S2-moderate,0.25,119,b,13,1,1,1,1,-0.1290247242175585,1.0369319991063857,45.79751066598997,0.260979381306068,9.115586745191932,23.60336680363031,-37.14616210381177,55.377335594195635,9.174162719372127
S2-moderate,0.25,119,c,13,1,1,1,1,1.495882848812396,0.4909637642826161,8103.08391472871,0.07754456734661856,10.143955831542058,52.12124121480366,-92.01179977899781,112.29971144208193,9.174162719372127
S2-moderate,0.25,112,a,11,2,1,2,2,-5.183649054621339,11.372028722729434,11.164159756740668,0.3013405320143742,24.840846885411644,87.55776220281587,-146.76921359902988,196.45090736985318,9.174162719372127
S2-moderate,0.25,112,b,11,2,1,2,2,-2.1875617402716623,2.851379659330454,0.8838758487839992,0.42483628281753394,10.45529964121993,8.248202766021064,-5.710880717365011,26.621479999804873,9.174162719372127
S2-moderate,0.25,112,c,11,2,1,2,2,-1.959613645956555,2.347696940479394,0.883583224518727,0.4254739484776008,9.874766151384769,3.860218638479988,2.308876647513749,17.44065565525579,9.174162719372127
S2-moderate,0.25,113,a,10,2,1,2,2,0.9889382391550323,1.4305978702727415,6472.067876717448,0.08583057383425814,15.147332798849149,144.67588720392843,-268.41219555222983,298.70686114992816,9.174162719372127
S2-moderate,0.25,113,b,10,2,1,2,2,1.3114183993411106,0.30676880767559667,2637.0218307153755,0.1112251046370763,8.648026307291383,41.27464536458055,-72.24879208194957,89.54484469653235,9.174162719372127
S2-moderate,0.25,113,c,10,2,1,2,2,-3.075376563893408,2.04031110609823,0.07474429866795224,0.5798919940289371,9.156070837957886,2.807457624815592,3.653555005196962,14.65858667071881,9.174162719372127
S2-moderate,0.25,114,a,9,2,1,2,2,-1.6155074063598844,6.799148863022314,2269.42400230009,0.10430083645797081,37.54908896983029,421.35057462269634,-788.282862155911,863.3810400955716,9.174162719372127
S2-moderate,0.25,114,b,9,2,1,2,2,1.334869508734922,0.3841894518261677,2244.0386053958987,0.10432855431727558,8.964106036352325,,,,9.174162719372127
S2-moderate,0.25,114,c,9,2,1,2,2,-0.6948003197567533,1.3339703326722572,10.442905182578956,0.31409362693875037,9.343695400314111,5.410115846176204,-1.2599368103806885,19.94732761100891,9.174162719372127
S2-moderate,0.25,115,a,13,1,1,1,1,0.5414462294426201,2.5841402797965385,8103.083706324761,0.07623280641891293,23.00062433320401,162.28365859335594,-295.06950178916765,341.0707504555757,9.174162719372127
S2-moderate,0.25,115,b,13,1,1,1,1,1.5617706102518296,0.3251360418035101,7298.496470151964,0.07872116905460065,9.123345525229245,,,,9.174162719372127
S2-moderate,0.25,115,c,13,1,1,1,1,1.2015010556948198,0.7837047501276598,3373.7982053720957,0.09851091027111306,10.941781821951817,40.57387732433309,-68.5815564468874,90.46512009079105,9.174162719372127
S2-moderate,0.25,124,a,8,3,1,3,3,-7.908652014906959,8.414424605622397,0.0008163415333715909,0.8360430432280898,12.207533875855463,52.846297190754164,-91.36930533432293,115.78437308603385,9.174162719372127
S2-moderate,0.25,124,b,8,3,1,3,3,-2.551896357774064,1.3086630546593896,0.11970199034107,0.560586132126136,8.496866821632025,9.375098482117702,-9.877988554834797,26.871722198098848,9.174162719372127
S2-moderate,0.25,124,c,8,3,1,3,3,-2.1425450765281964,1.713294427461349,0.5068602275819962,0.48123332411843833,9.098163587838112,2.6410219350647033,3.921855712731012,14.274471462945211,9.174162719372127
S2-moderate,0.25,125,a,14,1,1,1,1,-1.0278292034639174,4.130473941720828,254.39275672907448,0.19130082056751585,17.361783894703674,,,,9.174162719372127
S2-moderate,0.25,125,b,14,1,1,1,1,0.8992644684375672,1.174554342121903,2166.6152292412185,0.11540630749867345,11.97440759904106,57.377592982516354,-100.48360816628914,124.43242336437126,9.174162719372127
S2-moderate,0.25,125,c,14,1,1,1,1,0.22801283414914175,0.9320810561219955,125.20195997699446,0.219806927598439,9.231201612807414,9.422424734926578,-9.236411514688044,27.698814740302872,9.174162719372127
S2-moderate,0.25,126,a,15,1,1,1,1,-1.1252002731875383,6.2176320059485555,7974.592956419155,0.07609963169917074,45.024033009858854,880.8588562711982,-1681.4276007448336,1771.4756667645513,9.174162719372127
S2-moderate,0.25,126,b,15,1,1,1,1,1.4389401202310106,0.4930572675869578,5455.7842566919535,0.08533819701794038,9.849194802031656,105.55300747085816,-197.0308983007376,216.7292879048009,9.174162719372127
S2-moderate,0.25,126,c,15,1,1,1,1,0.5078445997858828,1.7209401837881273,1017.774483884708,0.1342872084185992,13.207751235375214,31.245048246460517,-48.03141802290377,74.4469204936542,9.174162719372127
S2-moderate,0.25,127,a,11,2,1,2,2,-6.245807871623105,3.8110821236705577,0.00012340980423440544,0.918328047134201,9.231655142350617,,,,9.174162719372127
S2-moderate,0.25,127,b,11,2,1,2,2,-8.842726189068923,11.99999997235253,0.0019017912015131156,0.7602611474280632,14.658080516162796,6.176045850777804,2.553253081770263,26.76290795055533,9.174162719372127
S2-moderate,0.25,127,c,11,2,1,2,2,-0.022089367651812738,0.8893905585989792,22.99400654640373,0.25871025562692374,8.666182752670354,8.300969340426711,-7.603418191337207,24.935783696677916,9.174162719372127
S2-moderate,0.25,120,a,8,3,1,3,3,-3.514544440760298,11.187397870588393,6456.167147624026,0.08724423808598541,66.6746544436379,270.76680767882334,-464.01853681573914,597.367845703015,9.174162719372127
S2-moderate,0.25,120,b,8,3,1,3,3,1.48230043190551,0.3201161951786816,6456.869116660445,0.08750984801552752,9.11987212505773,36.27846534072746,-61.9846133571527,80.22435760726816,9.174162719372127
S2-moderate,0.25,120,c,8,3,1,3,3,-1.935140235893134,1.9461806428182815,1.066664940501448,0.4343812002843766,9.625346748397849,2.777606512496881,4.181338020680059,15.06935547611564,9.174162719372127
S2-moderate,0.25,121,a,10,2,1,2,2,-2.2944025837388526,8.65413486928746,5453.483839578271,0.08118072462380796,56.61977530021057,883.5709611832649,-1675.1474864044267,1788.387037004848,9.174162719372127
S2-moderate,0.25,121,b,10,2,1,2,2,1.4116374718937519,0.7567223300739617,8075.116639309913,0.0714962341244381,12.202677475953985,156.81460531332718,-295.1483011880307,319.55365613993865,9.174162719372127
S2-moderate,0.25,121,c,10,2,1,2,2,1.0085972412586903,0.5577956181222171,837.9743873862923,0.13688738654152657,9.172549453901638,16.60655089642481,-23.375692210522338,41.720791118325614,9.174162719372127
S2-moderate,0.25,122,a,9,2,1,2,2,-3.585733281578147,-1.9422907380695593,0.00012340980409706662,0.8913900651368201,5.514949794716709,19078.66448386766,-37387.980311709354,37399.01021129878,9.174162719372127
S2-moderate,0.25,122,b,9,2,1,2,2,-8.104983101725853,11.999999994741547,0.010704282686980036,0.6422878039349587,16.20205936973678,5.99983340787651,4.4426019770586045,27.961516762414956,9.174162719372127
S2-moderate,0.25,122,c,9,2,1,2,2,-3.2944961420188386,3.148745892026823,0.06586051567114559,0.5462426275748757,10.139311358826786,4.420246084093433,1.4757882311994504,18.802834486454124,9.174162719372127
S2-moderate,0.25,123,a,17,0,1,0,0,-0.9421962751789389,5.672198922562928,8103.083893497908,0.0856641392017843,37.857458538880365,,,,9.174162719372127
S2-moderate,0.25,123,b,17,0,1,0,0,-0.9421962751789389,5.672198922562928,8103.083893497908,0.0856641392017843,37.857458538880365,,,,9.174162719372127
S2-moderate,0.25,123,c,17,0,1,0,0,-0.9421962751789389,5.672198922562928,8103.083893497908,0.0856641392017843,37.857458538880365,,,,9.174162719372127
S2-moderate,0.25,128,a,13,1,1,1,1,-1.3188474580277028,6.892349644175026,8103.083720780493,0.0599029751032001,60.43486988372859,560.3351806308283,-1037.8019034234405,1158.6716431908978,9.174162719372127
S2-moderate,0.25,128,b,13,1,1,1,1,1.778306868363855,0.16254925930151065,8103.083761019163,0.05967300054485871,8.339242603644916,71.20828756469103,-131.2264364239209,147.90492163121073,9.174162719372127
S2-moderate,0.25,128,c,13,1,1,1,1,-1.882484473061653,1.915977031922366,0.4524975244931563,0.43834431247284744,9.338322129237415,2.950628511914436,3.5551965141281068,15.121447744346725,9.174162719372127
S2-moderate,0.25,129,a,10,2,1,2,2,-0.516945486026048,1.7387945882919955,14.908070508374676,0.2670527774593096,10.323610273636248,46.77250748562844,-81.34881986482557,101.99604041209807,9.174162719372127
S2-moderate,0.25,129,b,10,2,1,2,2,1.3010338641245127,0.4432004640584085,1094.1285529058048,0.10546819238748001,9.069585858977161,79.77591149418555,-147.28832750348147,165.42749922143577,9.174162719372127
S2-moderate,0.25,129,c,10,2,1,2,2,0.12251690467201554,1.024782526244064,38.781191587656046,0.2258383406828355,9.327583952428807,9.0506601347802,-8.411383948052816,27.06655185291043,9.174162719372127
S2-moderate,0.25,130,a,11,2,1,2,2,-6.975744874551342,5.239818863455574,0.00012340980432933883,0.9091624773412202,10.167873363173015,873.130292269297,-1701.1360532955803,1721.4718000219261,9.174162719372127
S2-moderate,0.25,130,b,11,2,1,2,2,-9.684726465923184,11.999999933996236,0.00031492201912468277,0.8561158146206345,14.000314324256932,10.642708850525329,-6.8590117207183905,34.85964036923225,9.174162719372127
S2-moderate,0.25,130,c,11,2,1,2,2,-1.8167258245563467,0.9483457843644416,0.258161315111823,0.4876935017091759,8.1808438952513,3.3016286320715276,1.7097706860648607,14.65191710443774,9.174162719372127
S2-moderate,0.25,131,a,8,3,1,3,3,-3.778291241263437,6.908587595282144,2.3760936138919284,0.3804414178746288,15.967940189698938,38.92883182867415,-60.331168154718924,92.2670485341168,9.174162719372127
S2-moderate,0.25,131,b,8,3,1,3,3,-2.1704712816430747,0.8449700178887671,0.11097324501681821,0.5355518660139844,8.093205433994164,5.525902786637042,-2.737365009883961,18.923775877872288,9.174162719372127
S2-moderate,0.25,131,c,8,3,1,3,3,-1.431770459341918,1.8836562804680912,2.6257132675130936,0.3752734992564626,9.79184334468404,3.554927656564665,2.824313170171922,16.759373519196156,9.174162719372127
S2-moderate,0.25,136,a,11,2,1,2,2,-4.605618881338223,11.326035564550272,95.1728936835763,0.22510801297709074,30.68655201091069,105.3834316223897,-175.86117853621252,237.23428255803393,9.174162719372127
S2-moderate,0.25,136,b,11,2,1,2,2,-0.8415540599260227,1.35657651218266,8.366166346121828,0.33418234491991355,9.227760906708578,7.530122461358002,-5.5310079167292105,23.986529730146366,9.174162719372127
S2-moderate,0.25,136,c,11,2,1,2,2,-0.11889182058265858,0.8500563374879102,32.819284910665054,0.26929232060750274,8.758794066356238,8.271856754253633,-7.453747257255273,24.97133538996775,9.174162719372127
S2-moderate,0.25,137,a,11,2,1,2,2,-6.112594206357789,8.165543982374878,0.024421321152798863,0.6167052333264709,13.636069931723176,29.5877595682654,-44.354873205307385,71.62701306875374,9.174162719372127
S2-moderate,0.25,137,b,11,2,1,2,2,-0.7695164271527513,0.44887677979243146,2.3613154576522555,0.3790880431396786,7.781854505467331,5.8114185081340235,-3.608316469564846,19.172025480499507,9.174162719372127
S2-moderate,0.25,137,c,11,2,1,2,2,-2.444611723820284,3.6242255897918705,1.267876012675805,0.40664181163866864,11.597361494915539,4.203199926479237,3.3592410191948314,19.835481970636245,9.174162719372127
S2-moderate,0.25,138,a,11,2,1,2,2,-9.05003062010913,9.524841632410588,0.00012340980627663457,0.9265500658727343,12.247944042264285,92.0352212263702,-168.1377748705976,192.6336629551262,9.174162719372127
S2-moderate,0.25,138,b,11,2,1,2,2,-3.732729750678597,2.4030482381211815,0.01512332554549948,0.6549291101873185,9.094853059398208,18.868882974558012,-27.8874779992365,46.07718411803292,9.174162719372127
S2-moderate,0.25,138,c,11,2,1,2,2,-3.7889920776394472,3.6389535661128765,0.05244546765160838,0.5873783134044229,10.302650881025928,3.0737183627769875,4.278273591363612,16.327028170688244,9.174162719372127
S2-moderate,0.25,139,a,9,2,1,2,2,-4.308420554603548,-0.9505053602322291,0.0001234098041745854,0.9311525862556947,6.577832937784514,11829.133840360519,-23178.098462472808,23191.25412834838,9.174162719372127
S2-moderate,0.25,139,b,9,2,1,2,2,-8.487475972991286,8.136357734244921,0.00012766556081531737,0.9309468646987589,11.582477634788411,205.93542018416642,-392.04352906730065,415.20848433687746,9.174162719372127
S2-moderate,0.25,139,c,9,2,1,2,2,-3.3302827891426623,1.6617587515391845,0.020632318924030956,0.643655512075145,8.594586848766212,13.297724919113994,-17.46847506901802,34.657648766550444,9.174162719372127
S2-moderate,0.25,132,a,11,2,1,2,2,-0.7604704365220454,3.0307535733820794,119.6484666373035,0.22090705222574541,13.78741443795841,60.57356862421879,-104.93459848057584,132.50942735649267,9.174162719372127
S2-moderate,0.25,132,b,11,2,1,2,2,1.381674427231676,0.46700454409877157,4527.926293612958,0.09338565685153459,9.604598584128226,,,,9.174162719372127
S2-moderate,0.25,132,c,11,2,1,2,2,-2.4222839361091157,1.516591322493651,0.17482339156260976,0.5336044571954615,8.693526978996891,3.379808633816825,2.0692237820783905,15.317830175915391,9.174162719372127
S2-moderate,0.25,133,a,10,2,1,2,2,-9.403377536664086,10.181977394135412,0.00012340980425126367,0.9343766955127942,12.524878931635817,96.89498453022368,-177.3858010301683,202.43555889343992,9.174162719372127
S2-moderate,0.25,133,b,10,2,1,2,2,-9.857385121315613,11.126632985968325,0.00012340980585685398,0.9369250722181339,12.976555423166865,31.570980070139584,-48.90142847093855,74.85453931727227,9.174162719372127
S2-moderate,0.25,133,c,10,2,1,2,2,-3.5241301171311714,1.9768280129095586,0.01724412027571882,0.6541249366794095,8.76862314856468,15.642070104979712,-21.88927090084622,39.42651719797558,9.174162719372127
S2-moderate,0.25,134,a,10,2,1,2,2,-7.210983134181111,11.559706827506734,0.05941401177529851,0.5536773616197107,17.180295169373476,36.053077015530505,-53.482437312915124,87.84302765166208,9.174162719372127
S2-moderate,0.25,134,b,10,2,1,2,2,1.2745838599598223,0.5415360343817136,1564.9482902626382,0.10263722022153636,9.658844253786922,63.72213822760643,-115.23425169020467,134.55194019777852,9.174162719372127
S2-moderate,0.25,134,c,10,2,1,2,2,-1.5345687217838189,1.7431152952116113,1.1830178633612156,0.4010453030643507,9.367675874685792,4.038735385399015,1.4518999762162288,17.283451773155356,9.174162719372127
S2-moderate,0.25,135,a,13,1,1,1,1,-1.1702896217177299,6.376379034601584,8103.081081643344,0.07119326667489422,48.761322410328226,737.4523404852753,-1396.6187052555806,1494.141350076237,9.174162719372127
S2-moderate,0.25,135,b,13,1,1,1,1,1.5678985858176342,0.4261649190363254,8102.905146885266,0.07101529867431199,10.041390062759671,,,,9.174162719372127
S2-moderate,0.25,135,c,13,1,1,1,1,-0.48677282197142674,1.6685621811443898,29.208690770448012,0.2664568526377548,10.295382113468198,7.576866553612341,-4.5550034472781125,25.14576767421451,9.174162719372127
S2-moderate,0.25,140,a,13,1,1,1,1,-6.220567353570367,6.631829670889022,0.0044636703930562615,0.7296315382529516,11.66491920904305,39.734761381099055,-66.21378203220412,89.54362045029022,9.174162719372127
S2-moderate,0.25,140,b,13,1,1,1,1,-0.5367696459214119,1.5849806346471036,25.207518591195374,0.28124425502219286,9.927913289857464,9.484154092406628,-8.66068715508769,28.51651373480262,9.174162719372127
S2-moderate,0.25,140,c,13,1,1,1,1,1.2970341696002152,0.9871939034991617,8103.083914065378,0.07343498039201676,13.46879437243287,74.05056352198193,-131.6676431655472,158.60523191041295,9.174162719372127
S2-moderate,0.25,141,a,9,2,1,2,2,-7.3404502436118655,8.33614119113313,0.0024344381760286462,0.7624048703278765,12.641192413084337,56.78909535491983,-98.66338919716941,123.94577402333809,9.174162719372127
S2-moderate,0.25,141,b,9,2,1,2,2,-0.429223282371753,1.1588367708679308,23.368097388725488,0.28846986749900133,9.28082189573271,10.596353953421819,-11.487650220412672,30.049294011878093,9.174162719372127
S2-moderate,0.25,141,c,9,2,1,2,2,-1.1251186482857307,1.5582992001539648,5.675491258151398,0.35617833508821906,9.468543619908287,4.841496087764855,-0.020614343402401758,18.957701583218977,9.174162719372127
S2-moderate,0.25,142,a,11,2,1,2,2,-4.969517939472899,0.569886560720582,0.00012340980422723938,0.9274170208362531,7.568724929244608,7479.0765564298745,-14651.151963291159,14666.289413149647,9.174162719372127
S2-moderate,0.25,142,b,11,2,1,2,2,-9.948673354948795,11.999999992921168,0.00023511947734673616,0.890572618068667,13.755189750032676,14.978519056297664,-15.602168142057623,43.112547642122976,9.174162719372127
S2-moderate,0.25,142,c,11,2,1,2,2,-0.4740204314100566,2.207475418193014,61.572702404115844,0.2325125653881868,11.803478922364786,14.143959454281854,-15.918172206822444,39.52513005155201,9.174162719372127
S2-moderate,0.25,143,a,13,1,1,1,1,-3.0619716332658626,10.580134890457531,7696.9830837154495,0.0658793098504797,81.42678751326453,,,,9.174162719372127
S2-moderate,0.25,143,b,13,1,1,1,1,1.6239719785360966,0.30924635957980673,6124.849518374304,0.07094375026883802,9.195217902547117,,,,9.174162719372127
S2-moderate,0.25,143,c,13,1,1,1,1,-1.1662993538668596,1.087713805719239,1.4690721038970724,0.39303586403032453,8.560980554782748,4.661259103863997,-0.574919411400133,17.696880520965628,9.174162719372127
S2-moderate,0.25,148,a,13,1,1,1,1,-5.454908135558558,1.6485460987784815,0.0001234098047393911,0.9335614333413979,8.142674346419017,3029.065105073955,-5928.715838425567,5945.001187118405,9.174162719372127
S2-moderate,0.25,148,b,13,1,1,1,1,-5.8967874115188685,6.584282213084146,0.009014067859047757,0.6895443942970617,11.873987639617896,5.316796611367984,1.4532577682120458,22.294717511023748,9.174162719372127
S2-moderate,0.25,148,c,13,1,1,1,1,0.039784184757559765,1.154143205935529,76.91864728711526,0.23101458119490417,9.586935071697468,12.945601943836405,-15.785978496413602,34.95984863980854,9.174162719372127
S2-moderate,0.25,149,a,10,2,1,2,2,2.3727591249783666,-1.372315164792398,8103.083836753919,0.07378075183487603,-1.6056039414891092,24.395187058824607,-49.41929197290295,46.20808408992473,9.174162719372127
S2-moderate,0.25,149,b,10,2,1,2,2,1.6310083488476463,0.13842976188949818,6262.4305620809955,0.07989241492970856,8.07853394802611,52.84941297042855,-95.50441207809786,111.66147997415007,9.174162719372127
S2-moderate,0.25,149,c,10,2,1,2,2,-1.6826596495456894,1.839976947825792,1.309640054452847,0.4119216766128097,9.514992601054278,3.1338565291553326,3.372746671194128,15.657238530914427,9.174162719372127
S2-moderate,0.25,150,a,9,2,1,2,2,-4.412420831518314,6.200319977581689,0.15371879073098582,0.5070944851827421,13.217403082478558,36.38351703321623,-58.09297993352486,84.52778609848197,9.174162719372127
S2-moderate,0.25,150,b,9,2,1,2,2,1.3046544556255597,0.555101749301294,2112.2287840938075,0.0973852620815671,9.913467147745063,46.680870020160505,-81.57935685876507,101.4062911542552,9.174162719372127
S2-moderate,0.25,150,c,9,2,1,2,2,-1.0521683872845538,0.9243783896941877,1.9538984022300654,0.38410062473327694,8.470595045388366,2.9613181554609187,2.6665181139203806,14.274671976856352,9.174162719372127
S2-moderate,0.25,151,a,9,2,1,2,2,-1.4458995006598219,6.528773255393428,2423.978019391123,0.09804557192409022,38.21228999578224,,,,9.174162719372127
S2-moderate,0.25,151,b,9,2,1,2,2,1.5206089825319609,0.2774264041494625,3777.3666538815723,0.08603253850850001,8.738672185914583,46.7559486899137,-82.90130330931899,100.37864768114815,9.174162719372127
S2-moderate,0.25,151,c,9,2,1,2,2,-0.583719391753037,0.9724074086566514,7.850956314511955,0.320960203997282,8.741413406228096,5.107723692955568,-1.269541074946737,18.75236788740293,9.174162719372127
S2-moderate,0.25,164,a,12,2,1,2,2,-0.8838810841848903,3.049776481113133,59.84645560463886,0.23706323443794214,13.350116800189632,84.39671943981975,-152.06441371518852,178.76464731556777,9.174162719372127
S2-moderate,0.25,164,b,12,2,1,2,2,1.37658439135343,0.7431531393389115,6033.466120222885,0.07757354545925721,11.67064361234385,406.2982678915137,-784.6593284360297,808.0006156607174,9.174162719372127
S2-moderate,0.25,164,c,12,2,1,2,2,0.6209749345626828,0.6174090343053897,205.3437014931521,0.1859071482566302,8.762398562337133,13.171348410845201,-17.052969950748338,34.5777670754226,9.174162719372127
S2-moderate,0.25,165,a,15,1,1,1,1,-3.9789218014768513,0.9135229010155106,0.0016156021653280395,0.7882795615417061,7.729724489952709,450.93132773919604,-876.079437379699,891.5388863596044,9.174162719372127
S2-moderate,0.25,165,b,15,1,1,1,1,-3.326347064176591,1.6623378452202733,0.017516569341684312,0.6540453629447692,8.43823175638242,22.531301058115744,-35.722306842353646,52.59877035511849,9.174162719372127
S2-moderate,0.25,165,c,15,1,1,1,1,-4.873495821304167,4.863590518369773,0.014557504477582993,0.6637450612649031,10.772807480619118,4.592798903101014,1.7710870423060658,19.774527918932172,9.174162719372127
S2-moderate,0.25,166,a,12,2,1,2,2,-1.3120365888542644,0.7891907139744067,0.7199188487129171,0.43287369047355534,8.053382487670119,44.297362654000516,-78.76785292428052,94.87461789962076,9.174162719372127
S2-moderate,0.25,166,b,12,2,1,2,2,-1.608164147223215,1.2795591678052567,0.6001961878617489,0.44233333115734635,8.604467079868426,3.8823192086773886,0.9952612543727017,16.21367290536415,9.174162719372127
S2-moderate,0.25,166,c,12,2,1,2,2,-0.9579160011492969,2.0267805360811595,8.7575560731443,0.3093469821780819,10.370111412068226,5.75053441575515,-0.9007289346699494,21.640951758806402,9.174162719372127
S2-moderate,0.25,167,a,13,1,1,1,1,-4.361002165229368,11.81839303712355,497.37566469454356,0.16315818382975864,40.83984713675093,,,,9.174162719372127
S2-moderate,0.25,167,b,13,1,1,1,1,1.1740955562885924,0.42454739968241895,1542.7400452416632,0.12404359823341002,8.828432863465514,,,,9.174162719372127
S2-moderate,0.25,167,c,13,1,1,1,1,-3.231643068491091,3.336974332558011,0.1697588828270625,0.5309647442574728,10.349812613644273,2.9069956169706357,4.652205901166034,16.04741932612251,9.174162719372127
S2-moderate,0.25,144,a,8,3,1,3,3,-4.184205246440833,-1.474032244849877,0.00012340980456055218,0.940840423000471,6.31132437283122,85816.60609809162,-168191.14590334712,168203.76855209278,9.174162719372127
S2-moderate,0.25,144,b,8,3,1,3,3,-4.688268521684913,0.6882380900676728,0.0003878960799027384,0.876187963772859,7.762917594718721,1245.9854702191126,-2434.323729294946,2449.8495644843833,9.174162719372127
S2-moderate,0.25,144,c,8,3,1,3,3,-2.973275054633875,2.0413946287367533,0.1041750233588054,0.5679198949258066,9.17676060240766,2.3334262622297666,4.603329167857401,13.750192036957918,9.174162719372127
S2-moderate,0.25,145,a,10,2,1,2,2,1.5084874559499675,0.4044537124920595,8103.083384628115,0.0797141300320381,9.706550045585214,61.8225086458101,-111.4633403341187,130.87644042528913,9.174162719372127
S2-moderate,0.25,145,b,10,2,1,2,2,1.568287768648708,0.07279026624932863,5117.190065656223,0.09191452879286377,7.693166852414319,,,,9.174162719372127
S2-moderate,0.25,145,c,10,2,1,2,2,-2.2444672238763843,2.4242512254021458,0.8220370139120902,0.450016653182496,9.998927234422343,3.211821868524905,3.7038720473553886,16.293982421489297,9.174162719372127
S2-moderate,0.25,146,a,7,3,1,3,3,-1.292231790871378,1.7598379758206093,2.2272614251661627,0.36179833163101505,9.729870466046162,45.10990636870516,-78.68392136258996,98.14366229468229,9.174162719372127
S2-moderate,0.25,146,b,7,3,1,3,3,1.4257368719606927,0.5581048676267213,3346.060760680717,0.08051966579572843,10.527836698394337,94.73024944744232,-175.14004046508796,196.19571386187664,9.174162719372127
S2-moderate,0.25,146,c,7,3,1,3,3,-0.5500793895604574,1.279321904429752,10.65650675495703,0.2940255468006669,9.45856629903229,4.4105053862366805,0.814134588388475,18.102998009676107,9.174162719372127
S2-moderate,0.25,147,a,13,1,1,1,1,-5.206631992356044,3.24629817123724,0.001413218877609134,0.8015657132687178,9.29449496174848,170.65242194083754,-325.17810591682604,343.76709584032295,9.174162719372127
S2-moderate,0.25,147,b,13,1,1,1,1,-3.6736566788782152,1.217800268614105,0.005865948286030241,0.7214991989225212,8.097069968819998,66.99910781899659,-123.21876835272926,139.41290829036924,9.174162719372127
S2-moderate,0.25,147,c,13,1,1,1,1,-1.035114188415055,1.136623173884628,3.812554401748557,0.37445974789909353,8.716547671999223,4.882619853468184,-0.8532113909986538,18.286306734997098,9.174162719372127
S2-moderate,0.25,152,a,12,2,1,2,2,-3.5261697097721196,11.267558035193769,7299.4994490038025,0.08531043107512855,68.32242190067751,352.6589520206941,-622.8764228855218,759.5212666868767,9.174162719372127
S2-moderate,0.25,152,b,12,2,1,2,2,1.4786912926148026,0.16802762535274018,4486.824869904477,0.09855013651306757,8.090819191058696,,,,9.174162719372127
S2-moderate,0.25,152,c,12,2,1,2,2,-0.6337493308743237,1.3149303593026218,17.134826406657382,0.30739082005491264,9.383471609594508,6.350703523054871,-3.063678572084676,21.830621791273693,9.174162719372127
S2-moderate,0.25,153,a,12,2,1,2,2,-10.468979091862472,11.969816577901014,0.0001234098044948669,0.9642829535828042,13.243548423901892,40.56009483657584,-66.25277666531576,92.73987351311956,9.174162719372127
S2-moderate,0.25,153,b,12,2,1,2,2,-9.899760884037974,11.999999980010465,0.0004724264039260666,0.8869060058297447,13.757275463172139,10.411407118634553,-6.648707517735524,34.1632584440798,9.174162719372127
S2-moderate,0.25,153,c,12,2,1,2,2,-2.9146467852204268,3.2076040299422854,0.5381937930089469,0.4967953493139019,10.441481021786927,3.3484658299220023,3.878608591676781,17.004353451897074,9.174162719372127
S2-moderate,0.25,154,a,14,1,1,1,1,-2.7585929173934947,7.550678510723436,231.39433631343258,0.21121749535220607,23.953931638796323,,,,9.174162719372127
S2-moderate,0.25,154,b,14,1,1,1,1,0.6566687225817238,0.872393972875634,744.7049702979707,0.16552764266793604,9.770453177791957,,,,9.174162719372127
S2-moderate,0.25,154,c,14,1,1,1,1,1.3481377805948784,0.6101295701887091,8103.083864533141,0.0896071064308441,10.458026486946034,80.35429415224793,-147.03349605459738,167.94954902848946,9.174162719372127
S2-moderate,0.25,155,a,8,3,1,3,3,0.869853656219485,-0.29083510550458624,211.4173299741975,0.20595408390140088,6.633642714398571,,,,9.174162719372127
S2-moderate,0.25,155,b,8,3,1,3,3,1.242524223549478,0.3906664012283535,2609.6243226604092,0.11565721143084814,8.927921097830035,34.29070712419956,-58.28062987001215,76.13647206567222,9.174162719372127
S2-moderate,0.25,155,c,8,3,1,3,3,-3.5169314546412553,3.042412995426774,0.08647886104657296,0.5809585912110546,9.946669368187392,2.4143349761845108,5.214659768250382,14.678678968124402,9.174162719372127
S2-moderate,0.25,156,a,8,3,1,3,3,-7.075435059368614,3.934575835484573,0.00012340980423631047,0.9927959773478124,9.414998396288622,1230.3886541250617,-2402.102450675542,2420.932447468119,9.174162719372127
S2-moderate,0.25,156,b,8,3,1,3,3,-6.525400204385821,2.7069796060371427,0.000123409804851549,0.994556694633511,8.822544760419015,1189.8246590465678,-2323.1909348885033,2340.8360244093415,9.174162719372127
S2-moderate,0.25,156,c,8,3,1,3,3,-5.103933679599242,1.3188341613787509,0.0006475859395711634,0.8923589877436677,8.191596923850309,353.3595883710862,-684.3804698753772,700.7636637230778,9.174162719372127
S2-moderate,0.25,157,a,12,2,1,2,2,-9.283113072072211,10.255185104682226,0.0001234098041802838,0.9213190438797476,12.571439002293609,67.13191700167553,-119.00470053412258,144.14757853870978,9.174162719372127
S2-moderate,0.25,157,b,12,2,1,2,2,-7.696497323214139,6.778969309787341,0.00012340980445587604,0.9228610054793143,10.816910892619982,349.3274396972356,-673.8522897255494,695.4861115107893,9.174162719372127
S2-moderate,0.25,157,c,12,2,1,2,2,-2.3867855769052677,2.8670155493579124,0.5608740224994015,0.45183653255326545,10.26838700611756,3.315156086208138,3.770800474020848,16.765973538214272,9.174162719372127
S2-moderate,0.25,158,a,10,2,1,2,2,-4.166618458175238,-1.6340104122967505,0.00012340980441835349,0.9535816946478872,6.19859626954875,13197.28002112088,-25859.994939017382,25872.392131556477,9.174162719372127
S2-moderate,0.25,158,b,10,2,1,2,2,-10.39084356163924,11.871398967042268,0.00012340980499613678,0.9551213594517386,13.288686430884056,15.22718361114734,-16.556045032943295,43.13341789471141,9.174162719372127
S2-moderate,0.25,158,c,10,2,1,2,2,-2.0544720453015337,1.7701685272450864,0.7967121434495028,0.46772033970989657,9.191125907879218,2.8461407641621443,3.612792515190108,14.769459300568329,9.174162719372127
S2-moderate,0.25,159,a,13,1,1,1,1,0.7589938340200864,2.1718419481537525,8103.031510213696,0.07243503363370922,21.17724296213091,,,,9.174162719372127
S2-moderate,0.25,159,b,13,1,1,1,1,1.553775871693484,0.2504125769658493,4962.863126457043,0.08424650686584063,8.565387352815735,303.175996642334,-585.6486470431953,602.7794217488267,9.174162719372127
S2-moderate,0.25,159,c,13,1,1,1,1,0.11859137355606338,0.7856696822960407,56.282125440729594,0.24231706900163605,8.761999218479543,7.848893069028218,-6.621548515321816,24.145546952280903,9.174162719372127
S2-moderate,0.25,160,a,12,2,1,2,2,-1.3310566989533905,6.860062847608841,8103.083718093111,0.06346596247095823,57.23465329459081,452.1837730611083,-829.0292562986147,943.4985628877962,9.174162719372127
S2-moderate,0.25,160,b,12,2,1,2,2,1.6278660415793897,0.42941435737293787,8058.36476029325,0.06334265588178868,10.288912997385326,,,,9.174162719372127
S2-moderate,0.25,160,c,12,2,1,2,2,-1.448570290549179,1.7673611346930724,1.4038322115386734,0.3893569035337246,9.427929596789625,3.4959970336865083,2.5759013207052064,16.279957872874043,9.174162719372127
S2-moderate,0.25,161,a,11,2,1,2,2,-2.0960311753612535,-1.9987581271706245,0.005882654305294175,0.7087125102689432,5.305275544956028,304.62876794295033,-591.7561382780365,602.3666893679484,9.174162719372127
S2-moderate,0.25,161,b,11,2,1,2,2,-1.2977424611011652,2.089663775018308,5.090610394860871,0.35153826853033526,10.1020867259253,10.035825233829009,-9.567769287517823,29.771942739368424,9.174162719372127
S2-moderate,0.25,161,c,11,2,1,2,2,-2.168462640874468,1.3899390813524541,0.22506163260403375,0.5107872197584482,8.562078276593022,3.4284272709670502,1.8424843018826582,15.281672251303386,9.174162719372127
S2-moderate,0.25,162,a,8,3,1,3,3,-4.970326426932419,11.48781170269261,42.520073809681065,0.25911628886350874,28.066472308826942,128.23175826542436,-223.2631555656512,279.39610018330507,9.174162719372127
S2-moderate,0.25,162,b,8,3,1,3,3,-9.497227965413511,11.999999995329034,0.0007392203757975975,0.8185742551121606,14.413712839298222,32.031601916231395,-48.36707328363949,77.19449896223594,9.174162719372127
S2-moderate,0.25,162,c,8,3,1,3,3,-1.7574490127441025,1.779941074328275,1.3964794218993366,0.4221420155031243,9.477594550934512,2.7048554549359682,4.1761752758733115,14.779013825995712,9.174162719372127
S2-moderate,0.25,163,a,13,1,1,1,1,-5.149020856016392,0.7446023761293069,0.00012340980414525356,0.9432564112884401,7.675778229648571,4287.796127036552,-8396.250203812324,8411.60176027162,9.174162719372127
S2-moderate,0.25,163,b,13,1,1,1,1,-7.47797005047021,10.00588729001548,0.011191525839548012,0.6870164998101586,14.23312131108761,4.931302619136453,4.567945780712122,23.898296841463097,9.174162719372127
S2-moderate,0.25,163,c,13,1,1,1,1,-1.9935586178063271,3.029890487834396,3.2117707471935604,0.38477366255916046,11.085330967072588,7.251820054209974,-3.1279751615442635,25.29863709568944,9.174162719372127
S2-moderate,0.25,172,a,13,1,1,1,1,-2.8050814445396317,10.053068130329198,8103.083763866131,0.0639517150945786,79.86328665737976,520.6165378670944,-940.5263773180585,1100.252950632818,9.174162719372127
S2-moderate,0.25,172,b,13,1,1,1,1,1.7895206010709055,0.06764922884325678,8103.081339381227,0.06374107699872718,7.626375299953714,610.249259015056,-1188.440193961811,1203.6929445617184,9.174162719372127
S2-moderate,0.25,172,c,13,1,1,1,1,-1.0965115187169419,1.7493444579247157,3.7232642978919874,0.3429626435401856,9.706465075048458,5.237477857246755,-0.558802894981195,19.97173304507811,9.174162719372127
S2-moderate,0.25,173,a,11,2,1,2,2,-2.961778238015178,8.531356835881422,332.3983322127905,0.1779169376889036,29.582419742236823,109.19745784240459,-184.44066483220706,243.6055043166807,9.174162719372127
S2-moderate,0.25,173,b,11,2,1,2,2,0.9092480011202948,0.4960312453139317,618.7648139001063,0.1547235013974922,8.743957980946302,26.24905166611234,-42.70323791296498,60.19115387485759,9.174162719372127
S2-moderate,0.25,173,c,11,2,1,2,2,-0.6785028332755525,1.2499135572299245,12.581393250071663,0.31962832549212133,9.145391766794829,5.028621929526302,-0.7105261069450375,19.001309640534693,9.174162719372127
S2-moderate,0.25,174,a,10,2,1,2,2,-4.8526329544076745,5.121027459680288,0.020719609008082045,0.6317982713742513,11.290369869263563,28.66057843743715,-44.883331644198506,67.46407138272563,9.174162719372127
S2-moderate,0.25,174,b,10,2,1,2,2,-0.6111046355026858,1.3257782021546851,13.313581740382574,0.3030928865190844,9.414330577135502,10.023737569682623,-10.231834049923492,29.060495204194495,9.174162719372127
S2-moderate,0.25,174,c,10,2,1,2,2,-2.525916553596085,2.1377559068119085,0.21766840298357512,0.5060425507520855,9.404422004569527,3.2605793017115907,3.013804004478051,15.795040004661004,9.174162719372127
S2-moderate,0.25,175,a,9,2,1,2,2,-9.472824306170075,10.645622943382394,0.00021127555682294444,0.9023804026034706,13.046897865440373,64.19926999164726,-112.7813591519513,138.87515488283205,9.174162719372127
S2-moderate,0.25,175,b,9,2,1,2,2,0.06338924204378124,1.435788506708936,160.07845753265772,0.2069853310931955,10.653269034747986,45.121276730846375,-77.7828082941761,99.08934636367206,9.174162719372127
S2-moderate,0.25,175,c,9,2,1,2,2,-1.9102239566344785,1.551446318324618,0.7243959049858595,0.4594169363892622,9.016494438564724,2.9586931087580024,3.2175625040921902,14.815426373037258,9.174162719372127
S2-moderate,0.25,168,a,8,3,1,3,3,-4.997786954148213,0.6965724704604647,0.0001234098042062447,0.9199973963163772,7.668111093912425,11760.477581802541,-23042.444390229775,23057.780612417602,9.174162719372127
S2-moderate,0.25,168,b,8,3,1,3,3,-9.549216337554693,11.434688238324089,0.000310967032972401,0.8688389829880389,13.639079353115259,9.019920965732592,-4.039640883118365,31.31779958934888,9.174162719372127
S2-moderate,0.25,168,c,8,3,1,3,3,-2.0804580731474505,1.6190823364648046,0.3605376813614463,0.480288028963199,8.950435793801491,3.090412805301977,2.8933379980482226,15.00753358955476,9.174162719372127
S2-moderate,0.25,169,a,6,3,1,3,3,-4.729286306223203,0.35001935764096037,0.00012340980414959213,0.9020870837933335,7.439442569290415,6825.606451405623,-13370.503374829974,13385.382259968554,9.174162719372127
S2-moderate,0.25,169,b,6,3,1,3,3,-5.668432229497235,4.495910856653769,0.0012169870351644119,0.774694476350812,10.23745959215923,110.25923022128612,-205.86666060467184,226.34157978899032,9.174162719372127
S2-moderate,0.25,169,c,6,3,1,3,3,-0.5024416787529596,0.9501060467889553,9.715310771869852,0.30994856910601554,8.796229299096627,4.252951838802693,0.4605968670599516,17.131861731133302,9.174162719372127
S2-moderate,0.25,170,a,9,2,1,2,2,2.1870485229454877,-1.8572734284548424,1074.772157089857,0.12704987016517824,0.043001439836149666,,,,9.174162719372127
S2-moderate,0.25,170,b,9,2,1,2,2,1.5422858506058277,0.3520436236480555,5859.595141485609,0.07830381653594864,9.393513729866035,79.43732107010541,-146.30077459588534,165.08780205561743,9.174162719372127
S2-moderate,0.25,170,c,9,2,1,2,2,-0.8712451226474184,1.590586402910389,8.511540880106852,0.3198447761887408,9.741332943144522,5.980718526311364,-1.9806599700972178,21.463325856386263,9.174162719372127
S2-moderate,0.25,171,a,9,2,1,2,2,-2.2078540789315717,8.687304360951865,8103.083605625222,0.06721097081296962,67.10131066278281,513.850350801808,-940.0268703520333,1074.2294916775988,9.174162719372127
S2-moderate,0.25,171,b,9,2,1,2,2,1.7322142875865292,0.053268031426645726,6782.232590042044,0.07138187901086655,7.6007069623268695,,,,9.174162719372127
S2-moderate,0.25,171,c,9,2,1,2,2,-1.985362027878998,1.6478238865482384,0.4016493195068491,0.46146304076799155,9.101829397522069,2.3440024497335883,4.507669016370578,13.69598977867356,9.174162719372127
S2-moderate,0.25,180,a,14,1,1,1,1,-4.156249500023222,10.461463445614319,275.3461286363611,0.2190344555809804,29.486009232262333,,,,9.174162719372127
S2-moderate,0.25,180,b,14,1,1,1,1,0.3328659957482313,0.3550920565471274,166.64808627267217,0.24025301980785102,8.016258419172278,,,,9.174162719372127
S2-moderate,0.25,180,c,14,1,1,1,1,-3.6766797655955976,4.182324448414004,0.34419542563221206,0.539055925137056,11.059675964042569,3.4186709786062703,4.359203970981977,17.76014795710316,9.174162719372127
S2-moderate,0.25,181,a,8,3,1,3,3,-5.537765692490152,5.151585806288791,0.005887967273178735,0.7191139890809395,10.873890824424768,31.953196725120637,-51.75322394773488,73.50100559658442,9.174162719372127
S2-moderate,0.25,181,b,8,3,1,3,3,0.9958435755405078,0.4339260707706294,857.5716186477412,0.14534002338339513,8.733188139647686,34.215516417505754,-58.32799175110252,75.79436803039789,9.174162719372127
S2-moderate,0.25,181,c,8,3,1,3,3,-2.9109828283969845,1.4212384433192047,0.05220649490309801,0.5997576535535514,8.531909602753252,5.564112419133217,-2.3735503446798862,19.43736955018639,9.174162719372127
S2-moderate,0.25,182,a,6,3,1,3,3,-10.006935915022309,11.870828601684607,0.0001234098041818394,0.8913469143217639,13.808177314714214,38.32574471005338,-61.30890199766691,88.92525662709534,9.174162719372127
S2-moderate,0.25,182,b,6,3,1,3,3,-7.738981958572552,6.898809147961087,0.00012340980418603262,0.8936720741191888,11.218521532619967,281.93330151186035,-541.3605954730982,563.7976385383382,9.174162719372127
S2-moderate,0.25,182,c,6,3,1,3,3,-1.2374953387591021,1.9481080925796135,3.5805884757207345,0.3433103221720174,10.130652407587545,4.242810190939624,1.8148972401063723,18.44640757506872,9.174162719372127
S2-moderate,0.25,183,a,12,2,1,2,2,-4.068901068149092,-1.7129185871024093,0.00012340980480960765,0.9505496324635222,6.057020477781335,11784.547717406673,-23091.232079733003,23103.346120688562,9.174162719372127
S2-moderate,0.25,183,b,12,2,1,2,2,-5.2501873008882285,0.8350682383066215,0.00012351931345555572,0.9514895449462162,7.737080665886602,,,,9.174162719372127
S2-moderate,0.25,183,c,12,2,1,2,2,-2.6793727867262347,1.7310381228570009,0.13658655743938017,0.5546825891153249,8.84604091277698,3.094178041833226,2.7815633890291878,14.910518436524772,9.174162719372127
S2-moderate,0.25,176,a,10,2,1,2,2,-1.2679166959094272,6.5726309164334396,8103.083883334457,0.07211124135413412,49.49623339570912,555.5114856026406,-1039.2862713838072,1138.2787381752255,9.174162719372127
S2-moderate,0.25,176,b,10,2,1,2,2,1.673853007560632,0.17983946114835925,8103.017908430701,0.07192216652712435,8.408041499638284,,,,9.174162719372127
S2-moderate,0.25,176,c,10,2,1,2,2,-2.7043681555670656,2.514663146887095,0.20184894382014731,0.5076807865812186,9.743533960522509,2.56580658899336,4.714645454799958,14.772422466245061,9.174162719372127
S2-moderate,0.25,177,a,11,2,1,2,2,-3.7330103850125482,8.923383454831987,58.62176334262144,0.25525613978585404,23.640290673358358,167.31746202843772,-304.2959088870276,351.5764902337444,9.174162719372127
S2-moderate,0.25,177,b,11,2,1,2,2,0.9597781938638583,0.3592645715205953,703.0706716940794,0.15561027749801967,8.37284845116962,24.11776996239833,-38.89711206255305,55.64280896489228,9.174162719372127
S2-moderate,0.25,177,c,11,2,1,2,2,-0.9881349261068986,1.499668659401061,8.222622800664393,0.3434069753829048,9.429376125097537,4.412181372456646,0.7816595418240038,18.07709270837107,9.174162719372127
S2-moderate,0.25,178,a,8,3,1,3,3,-2.8279803051330727,8.454251095508624,660.9881288154334,0.16334825846040357,31.40304858724817,120.40510990553581,-204.58663038218893,267.39272755668526,9.174162719372127
S2-moderate,0.25,178,b,8,3,1,3,3,1.111782977117457,0.7961676047160413,3441.9044665660244,0.10843392376921342,10.788178301433591,,,,9.174162719372127
S2-moderate,0.25,178,c,8,3,1,3,3,-1.6862775085030814,1.1873187649134243,1.0930876615347507,0.4533600689502464,8.640124438115016,2.716481895048138,3.3159177591655506,13.964331117064482,9.174162719372127
S2-moderate,0.25,179,a,11,2,1,2,2,-3.0322434988055624,10.278457047592774,4887.442165794616,0.08053428629764212,66.23947866335786,379.0105828234004,-676.6076134300421,809.0865707567579,9.174162719372127
S2-moderate,0.25,179,b,11,2,1,2,2,1.675272207201481,0.19747323334257072,7170.788486039874,0.0711621125475396,8.456133618529561,113.11903064779978,-213.2530924172406,230.1653596542997,9.174162719372127
S2-moderate,0.25,179,c,11,2,1,2,2,-2.055734022670147,1.5444890300783078,0.2930123335101986,0.4839288146662654,8.808167902169625,2.7920721377640674,3.3358070699142974,14.280528734424953,9.174162719372127
S2-moderate,0.25,184,a,9,2,1,2,2,-7.066482488400149,5.220751140751506,0.00012340980472226847,0.9120416708791023,10.238504312611445,1468.7656368512412,-2868.4892456458574,2888.9662542710803,9.174162719372127
S2-moderate,0.25,184,b,9,2,1,2,2,-6.886401684488633,4.816886678839553,0.00012340980475489892,0.9127162091366905,10.026907526586715,1096.0245475762256,-2138.1417318946224,2158.195546947796,9.174162719372127
S2-moderate,0.25,184,c,9,2,1,2,2,-1.7301259454467632,1.6312422480705009,0.8993980309523918,0.42851236131377834,9.23422672745784,2.871000835899742,3.607168489509956,14.861284965405723,9.174162719372127
S2-moderate,0.25,185,a,8,3,1,3,3,-1.5279931671384013,6.115956518428494,1058.850247048697,0.13320578029225577,28.736561116920875,,,,9.174162719372127
S2-moderate,0.25,185,b,8,3,1,3,3,-1.6384239329922705,2.7178699488239593,5.286418924839796,0.35243788968197565,11.084976504396812,9.105433135419972,-6.761344504663954,28.93129751345758,9.174162719372127
S2-moderate,0.25,185,c,8,3,1,3,3,0.7904469782846254,0.7449638762627422,582.0341291472741,0.15343248241706317,9.614070246805477,14.02425001370089,-17.872954690233627,37.10109518384458,9.174162719372127
S2-moderate,0.25,186,a,10,2,1,2,2,-1.0748982963428029,5.878812108966146,5986.55327340859,0.08887824861114925,37.98112154857947,237.65588881994643,-427.8158612523708,503.77810434952977,9.174162719372127
S2-moderate,0.25,186,b,10,2,1,2,2,1.477856804523518,0.16853324312416018,4115.71915568609,0.09857442083946073,8.085649295141943,39.37870568803794,-69.09519561121498,85.26649420149887,9.174162719372127
S2-moderate,0.25,186,c,10,2,1,2,2,-1.4710967913303459,1.0559177663083479,1.3357514055296804,0.4330607264435831,8.528062050735237,2.633448994434587,3.366596866520225,13.689527234950248,9.174162719372127
S2-moderate,0.25,187,a,11,2,1,2,2,-8.732581012511107,8.814337794834078,0.00012340980415985074,0.9282503794056085,11.881798302510164,173.08729499716046,-327.36306607338423,351.12666267840456,9.174162719372127
S2-moderate,0.25,187,b,11,2,1,2,2,-9.316143070507405,10.086212275635429,0.0001288580456105593,0.9279876333575799,12.51688716346344,50.70188835320497,-86.85698795698914,111.89076228391602,9.174162719372127
S2-moderate,0.25,187,c,11,2,1,2,2,-0.6360652382956604,1.2272526376755848,10.048300323740142,0.3155865437319289,9.097297987313697,6.221630933660772,-3.096874567761727,21.29147054238912,9.174162719372127
S2-moderate,0.25,196,a,13,1,1,1,1,-0.35262195217413317,4.577177920957848,7722.842373145026,0.07273282883485961,36.46174485170606,,,,9.174162719372127
S2-moderate,0.25,196,b,13,1,1,1,1,1.4606367935107634,0.5521864244321,6231.473987651458,0.07777682856848044,10.54078264868347,53.070255976363825,-93.47500771531118,114.55657301267813,9.174162719372127
S2-moderate,0.25,196,c,13,1,1,1,1,-1.6542564567076394,2.1660495065664307,2.0714940839265186,0.3912970381218856,9.974522898659371,3.7488390625417463,2.6269333522406493,17.322112445078094,9.174162719372127
S2-moderate,0.25,197,a,12,2,1,2,2,0.10092993847898679,3.6535759916795976,8103.083815156936,0.0688597058593841,31.900731515957748,202.38517020261048,-364.7669130861677,428.5683761180832,9.174162719372127
S2-moderate,0.25,197,b,12,2,1,2,2,1.740888173603489,0.08905014096319597,8103.076868001769,0.06882633809962926,7.78808049128774,62.01769565478185,-113.7643693962509,129.34053037882637,9.174162719372127
S2-moderate,0.25,197,c,12,2,1,2,2,-0.4960943574568373,2.0155277430283567,36.6598636891471,0.24635850744074184,11.194768472468066,8.527880230561745,-5.519569643904088,27.90910658884022,9.174162719372127
S2-moderate,0.25,198,a,11,2,1,2,2,-10.1853305462038,11.84951110324846,0.00012340980428087172,0.9393589438033652,13.292618003049594,34.71041817549662,-54.73855150924827,81.32378751534746,9.174162719372127
S2-moderate,0.25,198,b,11,2,1,2,2,-5.075099009688277,0.7199996267743287,0.00012340980459741752,0.9403215064706348,7.603946882136231,5937.396500188021,-11629.479355420548,11644.68724918482,9.174162719372127
S2-moderate,0.25,198,c,11,2,1,2,2,-4.115140334762955,2.95303567064016,0.012793157819515883,0.6745098776528313,9.427950993701154,11.830472666676366,-13.759349353070055,32.61525134047236,9.174162719372127
S2-moderate,0.25,199,a,12,2,1,2,2,-2.3878711416032585,6.826386847016716,386.8599669702997,0.20387670011999576,22.997057718497135,98.24009450691673,-169.54998935287085,215.54410478986512,9.174162719372127
S2-moderate,0.25,199,b,12,2,1,2,2,0.47519635427378415,1.0415665782343817,762.2215377966809,0.1772832042453755,10.1745716579027,48.657760909957204,-85.19288729397431,105.54203060977972,9.174162719372127
S2-moderate,0.25,199,c,12,2,1,2,2,-2.366297911342245,1.6644810655564415,0.5471296503736294,0.5137673911129012,8.987494947560805,2.4914335129213088,4.104374992358932,13.870614902762679,9.174162719372127
S2-moderate,0.25,188,a,10,2,1,2,2,-1.2698686294480819,5.478049141645524,946.918649098509,0.13848555332909154,25.769870226175723,230.78782723593548,-426.56595922650996,478.1056996788614,9.174162719372127
S2-moderate,0.25,188,b,10,2,1,2,2,1.0209726596610582,0.584257170356641,1110.6072831486426,0.13330300037687492,9.361060429532337,38.68762560727187,-66.46529240809005,85.18741326715474,9.174162719372127
S2-moderate,0.25,188,c,10,2,1,2,2,-1.3454784343558182,1.5661578626993111,2.9666916224642494,0.38539408014801085,9.306838722468271,3.7935780600313986,1.8715623522654026,16.74211509267114,9.174162719372127
S2-moderate,0.25,189,a,13,1,1,1,1,-1.8747585268711502,7.852426234391536,8103.083676920432,0.07531352704981596,55.45687745685254,,,,9.174162719372127
S2-moderate,0.25,189,b,13,1,1,1,1,1.364198734985706,0.6420056648947237,5344.977808013438,0.08566211819888121,10.701327754636125,96.10619954926106,-177.66336205293516,199.06601756220738,9.174162719372127
S2-moderate,0.25,189,c,13,1,1,1,1,-0.4782596127538766,2.6971637256362717,146.45001270646569,0.20493813229444793,13.467903851256134,19.39810943620587,-24.551692011873946,51.48749971438621,9.174162719372127
S2-moderate,0.25,190,a,10,2,1,2,2,-3.682256337987072,11.140819421759133,2749.66471353428,0.11293887957240727,52.990139062598075,255.8590060199948,-448.4842978568086,554.4645759820048,9.174162719372127
S2-moderate,0.25,190,b,10,2,1,2,2,1.2261491591331506,0.38628427101435936,2299.1297367878574,0.11794575390957955,8.882322097793244,25.86870912902179,-41.81941612163198,59.584060317218466,9.174162719372127
S2-moderate,0.25,190,c,10,2,1,2,2,-1.831412616107794,1.5490509228672462,1.023930293897338,0.4488949004500442,9.06638502550606,2.688651135938658,3.796725632073586,14.336044418938535,9.174162719372127
S2-moderate,0.25,191,a,7,3,1,3,3,-0.26698470900891547,4.163262472670139,4938.426339202147,0.08554277848138356,29.98679993719832,240.49634239441096,-441.3773695694605,501.35096944385714,9.174162719372127
S2-moderate,0.25,191,b,7,3,1,3,3,1.2264253854679419,0.5579457790522435,2268.178820240983,0.10712198114233859,9.77532420014692,57.765883986716304,-103.44372794893606,122.99437634922991,9.174162719372127
S2-moderate,0.25,191,c,7,3,1,3,3,-1.4324603983099038,1.3398483484987507,1.5665181020876906,0.4087028246914865,8.949701826653287,3.1369893421525816,2.8013156961482304,15.098087957158345,9.174162719372127
S2-moderate,0.5,4,a,11,4,1,4,4,-3.9941379488955207,-1.6579585481114287,0.0001234098042282026,0.9340764981682044,6.034492097469356,27112.95577520092,-53134.3823417236,53146.45132591853,9.174162719372127
S2-moderate,0.5,4,b,11,4,1,4,4,-8.245605303535156,8.709203272152923,0.00042448270080534405,0.8655710951711777,12.180430759381942,28.012783722322276,-42.72361644307959,67.08447796184348,9.174162719372127
S2-moderate,0.5,4,c,11,4,1,4,4,-1.7402951502794763,1.5296559533988372,0.902210403524376,0.4420327976393146,8.976782404563384,2.8956019156118677,3.3015069363989342,14.652057872727834,9.174162719372127
S2-moderate,0.5,5,a,9,5,1,5,5,-1.1471956394528253,1.2600743550088664,3.498561223392917,0.3753261488886862,9.008157643532986,43.782319729483284,-76.8036121858717,94.81992747293766,9.174162719372127
S2-moderate,0.5,5,b,9,5,1,5,5,1.2754820593632525,0.5722934893344853,3250.705178788122,0.09975586828840838,10.041053924859579,217.59257442094247,-416.43255524353907,436.5146630932582,9.174162719372127
S2-moderate,0.5,5,c,9,5,1,5,5,-2.1903714888504995,1.8268347031413987,0.45545246425086083,0.4784004469611796,9.251220295339932,2.5853570577187845,4.1840135750346725,14.318427015645192,9.174162719372127
S2-moderate,0.5,6,a,8,6,1,6,6,-4.366379358415169,-0.9022028740223522,0.00012340980447750251,0.9333820326352952,6.65302104307251,19401.907719841965,-38020.38734121682,38033.69338330296,9.174162719372127
S2-moderate,0.5,6,b,8,6,1,6,6,-8.96449724678924,9.078533038694339,0.00012340980432010222,0.9342893100618276,12.054528998575146,119.44344960680226,-222.05033041998217,246.15938841713245,9.174162719372127
S2-moderate,0.5,6,c,8,6,1,6,6,-1.1932124780859041,1.2055670484584906,2.5299208849840835,0.38628979436679844,8.84971038939713,3.6531115091576063,1.6897433999394575,16.009677378854803,9.174162719372127
S2-moderate,0.5,7,a,11,4,1,4,4,-1.3876607104797256,1.2907420244835464,1.4166798036801818,0.408771851903482,8.819750907193816,51.8584035902065,-92.82085242535355,110.46035423974119,9.174162719372127
S2-moderate,0.5,7,b,11,4,1,4,4,1.0495411111313748,0.6051082208890866,980.4524733184894,0.12863746604034473,9.453525072217104,52.49314637823429,-93.43115126431128,112.33820140874549,9.174162719372127
S2-moderate,0.5,7,c,11,4,1,4,4,-0.8234038253394438,1.3959419252002512,6.801533498251516,0.3273980284760082,9.339685160710161,4.747584196593892,0.03459112181460533,18.644779199605715,9.174162719372127
S2-moderate,0.25,192,a,10,2,1,2,2,-1.4537109391253331,6.687521766124172,3802.0624745316336,0.08974205981218199,41.83946805022566,624.1813069645182,-1181.5334134233701,1265.2123495238213,9.174162719372127
S2-moderate,0.25,192,b,10,2,1,2,2,1.538310220855974,0.3056722917405077,5003.5315229471435,0.08224595680604167,8.96817557010328,44.63046603757779,-78.50593047678724,96.44228161699381,9.174162719372127
S2-moderate,0.25,192,c,10,2,1,2,2,-2.7419695114184863,2.1679438350952527,0.12047424498107023,0.5337377683914508,9.310432060126157,3.3816278395240844,2.682563285540958,15.938300834711356,9.174162719372127
S2-moderate,0.25,193,a,10,2,1,2,2,-1.4007662593014945,2.211404702293848,8.398473453842916,0.35404417663966864,10.362816949436581,51.33498692137681,-90.25190856329668,110.97754246216984,9.174162719372127
S2-moderate,0.25,193,b,10,2,1,2,2,-0.36940329328725197,0.5350931554872965,17.355755546206186,0.3197977568216576,8.145046907209617,12.558126348269614,-16.468428448702333,32.75852226312157,9.174162719372127
S2-moderate,0.25,193,c,10,2,1,2,2,-3.599916328958537,3.979409352173615,0.21861122151011592,0.5366170233154101,10.955330476456737,2.741146466894274,5.582782124994744,16.32787882791873,9.174162719372127
S2-moderate,0.25,194,a,10,2,1,2,2,-3.5305667645320398,11.484493500128002,8102.596709502839,0.0726641917966627,80.27365132276238,625.1286143718967,-1144.9559185515832,1305.503221197108,9.174162719372127
S2-moderate,0.25,194,b,10,2,1,2,2,1.5362113264461996,0.1830101939232931,4048.0761004836027,0.09003197454140112,8.183488797889561,33.95760651301387,-58.3721969688004,74.73917456457953,9.174162719372127
S2-moderate,0.25,194,c,10,2,1,2,2,-1.7451428552686938,1.5870569011773386,0.814770037824824,0.43730869982054005,9.076765750772948,2.927840466366297,3.3383038842160504,14.815227617329846,9.174162719372127
S2-moderate,0.25,195,a,9,2,1,2,2,-2.4563481052514917,7.891500349043884,826.2628933279208,0.147737687410118,32.203863205263914,,,,9.174162719372127
S2-moderate,0.25,195,b,9,2,1,2,2,0.8663869792713097,0.1544886504660402,352.0917452889246,0.17868877039174405,7.749999146672887,17.944817583083342,-27.42119702531156,42.92119531865733,9.174162719372127
S2-moderate,0.25,195,c,9,2,1,2,2,-4.412222575842143,3.6452221345019717,0.0158447719520419,0.6593489840641373,10.124779404509097,5.269264909346653,-0.20279004281105628,20.45234885182925,9.174162719372127
S2-moderate,0.5,8,a,12,4,1,4,4,-2.6499071788235433,8.679870222861428,1547.442236311823,0.12731028883547452,38.89524082071207,130.83168010689027,-217.5301402256583,295.3206218670824,9.174162719372127
S2-moderate,0.5,8,b,12,4,1,4,4,1.5262466888233444,0.3510771281279242,7562.050875864487,0.08143005401914873,9.270498995393305,,,,9.174162719372127
S2-moderate,0.5,8,c,12,4,1,4,4,-2.8531701910258027,2.368997499536695,0.14704580684702273,0.538981273949015,9.452695639236685,2.864196238672434,3.8389741667836255,15.066417111689745,9.174162719372127
S2-moderate,0.5,9,a,12,4,1,4,4,-2.241732685023898,8.133256373814515,4175.8750985478355,0.10644294896134866,42.68625904901642,,,,9.174162719372127
S2-moderate,0.5,9,b,12,4,1,4,4,1.0643454589492047,0.33518567028800994,1296.2601723611904,0.1436872955132031,8.390513262937622,28.75753738149005,-47.97322428884716,64.75425081472241,9.174162719372127
S2-moderate,0.5,9,c,12,4,1,4,4,-3.2572162105932643,2.227096560204682,0.0728261552600116,0.6023261639035529,9.134585036243735,3.6879134337239714,1.9064075280433075,16.362762544444163,9.174162719372127
S2-moderate,0.5,10,a,8,6,1,6,6,-3.894796288722585,-1.6570433246393654,0.00012340980422737705,0.9157637623621309,5.974419922272169,22063.289904444853,-43237.27917325581,43249.22801310035,9.174162719372127
S2-moderate,0.5,10,b,8,6,1,6,6,-3.077623805875289,0.7968173373400426,0.011960262809158706,0.6589054504020873,7.906598603216938,44.92835190869594,-80.1513530225685,95.96455022900237,9.174162719372127
S2-moderate,0.5,10,c,8,6,1,6,6,-3.2353860583232112,2.989321375614024,0.09579048776486176,0.5453038062570436,10.061287160380934,2.349483648125503,5.45638382778917,14.666190492972696,9.174162719372127
S2-moderate,0.5,11,a,11,4,1,4,4,-1.59456647679118,7.1969125345379545,8100.4210439000735,0.07817228470869184,49.841673841472996,375.4344535257642,-685.9963336245015,785.6796813074476,9.174162719372127
S2-moderate,0.5,11,b,11,4,1,4,4,1.4020748292637117,0.14202697423669697,2479.1967727144997,0.11135306889714681,7.789971388957773,41.02763206440539,-72.6227098282375,88.20265260615304,9.174162719372127
S2-moderate,0.5,11,c,11,4,1,4,4,-2.2392567360443643,1.1758185812216841,0.18270921427597164,0.5324879857910876,8.339861337892815,3.0392630528590137,2.3830152147458934,14.296707461039738,9.174162719372127
S2-moderate,0.5,0,a,11,4,1,4,4,-10.40609199566487,11.913393338113625,0.00012340980419400126,0.9556247332644243,13.297660886860406,47.15388526525928,-79.1222559641817,105.71757773790253,9.174162719372127
S2-moderate,0.5,0,b,11,4,1,4,4,-5.311667074580684,0.796861280635244,0.0001234098042295346,0.9576683065273871,7.763137104728461,7189.684594005144,-14083.759727347835,14099.286001557291,9.174162719372127
S2-moderate,0.5,0,c,11,4,1,4,4,-4.459248255954664,1.8972272007484523,0.0026556593172427146,0.7775375762929588,8.579480623064313,67.64118583311844,-123.99480748142875,141.15376872755738,9.174162719372127
S2-moderate,0.5,1,a,10,5,1,5,5,2.3579268476598783,-1.5765485954049936,4449.918856859841,0.08826162496638715,-1.3543773456565689,24.703106931469236,-49.771577237578036,47.062822546264904,9.174162719372127
S2-moderate,0.5,1,b,10,5,1,5,5,-1.2120656540642856,1.917879197430918,5.665496341405025,0.34697641115256955,9.983356879737297,10.788821647341772,-11.162344984678672,31.129058744153266,9.174162719372127
S2-moderate,0.5,1,c,10,5,1,5,5,-1.389008765836159,1.4531617279675602,1.9500480856864666,0.3989646764114664,9.071614210234447,3.2996534984319705,2.604412191846193,15.5388162286227,9.174162719372127
S2-moderate,0.5,2,a,9,5,1,5,5,-9.758916621022248,10.915482360142258,0.000123409804320321,0.9317643262483941,12.94253668216211,62.74237279015833,-110.03025429113407,135.9153276554583,9.174162719372127
S2-moderate,0.5,2,b,9,5,1,5,5,1.3291673096987169,0.5465196881711119,3178.7561581897744,0.09533201370712056,9.92597449055104,50.244267792074496,-88.55098081150079,108.40292979260288,9.174162719372127
S2-moderate,0.5,2,c,9,5,1,5,5,-1.4975803991595968,1.9863178752114437,3.0406548401169364,0.3828970599428746,9.789023478806827,3.74766085576865,2.4437431752297156,17.134303782383938,9.174162719372127
S2-moderate,0.5,3,a,12,4,1,4,4,-0.4099602056371616,4.657874567078027,8102.805147921509,0.07523494254444843,36.01461298499847,341.7078401546112,-633.7204469530091,705.7496729230061,9.174162719372127
S2-moderate,0.5,3,b,12,4,1,4,4,1.5896233678687,0.31895346806305347,8103.083617489839,0.07466813214924266,9.252856773511736,,,,9.174162719372127
S2-moderate,0.5,3,c,12,4,1,4,4,-1.1588437657674922,1.3488546573398055,3.1003521813631236,0.37437812625452416,9.052903320887015,3.832420821346379,1.5414965374467,16.56431010432733,9.174162719372127
S2-moderate,0.5,12,a,9,5,1,5,5,-4.413681908347139,-0.6664378309288918,0.00012340980417251596,0.9321838675685922,6.734707338287176,8375.877317992556,-16409.683174853064,16423.15258952964,9.174162719372127
S2-moderate,0.5,12,b,9,5,1,5,5,1.0167111418466608,0.43031303105716623,636.893600872229,0.14405486532922168,8.618179642314407,32.36076431628327,-54.80775292978975,72.04411221441856,9.174162719372127
S2-moderate,0.5,12,c,9,5,1,5,5,-2.554092977232525,1.8895752794964822,0.16575508850842008,0.5288241521610865,9.037581669675697,2.862316639128887,3.427544144633348,14.647619194718047,9.174162719372127
S2-moderate,0.5,13,a,8,6,1,6,6,-5.678181042269054,1.954355977784588,0.0001234098041165671,0.9323033646466783,8.42654013980397,3712.5486835876313,-7268.035170543542,7284.888250823151,9.174162719372127
S2-moderate,0.5,13,b,8,6,1,6,6,-7.996151572839965,6.964426229630391,0.00012340980424627797,0.9340355756399518,11.01291210573706,364.61578439521924,-703.6208935037141,725.6467177151883,9.174162719372127
S2-moderate,0.5,13,c,8,6,1,6,6,-2.1072033048364758,1.562037890800454,0.4123111167453416,0.48499645563677607,8.934240880061461,2.5520758462956215,3.932264135507464,13.936217624615459,9.174162719372127
S2-moderate,0.5,14,a,12,4,1,4,4,1.02282787527618,0.6981929624172314,1030.3203016531938,0.12639992303989936,9.846895136384344,,,,9.174162719372127
S2-moderate,0.5,14,b,12,4,1,4,4,1.228850048127207,0.5772752994116903,1955.0871307471984,0.10655748227322952,9.782657098692257,62.69711423910103,-113.10142874453916,132.66674294192367,9.174162719372127
S2-moderate,0.5,14,c,12,4,1,4,4,-0.7152789272064233,1.3441556327343607,8.493602032226438,0.3163154078948599,9.325726333063184,4.910826176973709,-0.29931610814180765,18.950768774268177,9.174162719372127
S2-moderate,0.5,15,a,12,4,1,4,4,-8.440908839899741,8.678566338230038,0.00012340980555184726,0.9097277480798114,11.800914625012867,157.8715417638154,-297.62162141587635,321.2234506659021,9.174162719372127
S2-moderate,0.5,15,b,12,4,1,4,4,1.6452533501919864,0.12880457863621875,3132.4439046443317,0.08027266988737068,7.72129669799695,39.8282421261164,-70.34062343673219,85.78321683272608,9.174162719372127
S2-moderate,0.5,15,c,12,4,1,4,4,-2.088453765462849,2.025958161072124,0.3301883872273344,0.4642198542358881,9.270820311077335,2.825041304424507,3.733841099567246,14.807799522587423,9.174162719372127
S2-moderate,0.5,20,a,11,4,1,4,4,-0.4986635287792811,1.0174019816965596,12.142390512180066,0.3084044656729941,8.85405061739239,44.63007170887288,-78.61928255943845,96.32738379422322,9.174162719372127
S2-moderate,0.5,20,b,11,4,1,4,4,1.1399853734897873,0.31546408812388105,872.9260441668866,0.1344413215722344,8.328651500774711,,,,9.174162719372127
S2-moderate,0.5,20,c,11,4,1,4,4,-2.0630889630421905,2.292523256717998,0.7812751074668983,0.4370780499660752,9.855048962843815,3.248532792130191,3.4880416876712985,16.222056238016332,9.174162719372127
S2-moderate,0.5,21,a,13,3,1,3,3,-8.898768532779059,9.316719370316207,0.0001234098044016875,0.9274745171750434,12.071891734991462,173.37558105227245,-327.73800292616755,351.8817863961505,9.174162719372127
S2-moderate,0.5,21,b,13,3,1,3,3,-6.565117813001756,6.065326894033108,0.000879262439543543,0.8148965489992156,10.858373280129605,66.14970384568397,-118.7926638454017,140.5094104056609,9.174162719372127
S2-moderate,0.5,21,c,13,3,1,3,3,-1.7051761681674569,1.3239235507713618,0.579003529883962,0.4558862228213772,8.578906662978929,3.4745782005861408,1.768858528362105,15.388954797595751,9.174162719372127
S2-moderate,0.5,22,a,9,5,1,5,5,-6.275778522342026,3.3016481406545277,0.00012340980416932084,0.9324606683302951,9.12611714966265,2039.4911517153382,-3988.2030870005156,4006.4553212998408,9.174162719372127
S2-moderate,0.5,22,b,9,5,1,5,5,-5.682171107091248,4.762893296952604,0.0023486652668813913,0.7650757640666495,10.399328091042031,30.579071708648033,-49.53455113857581,70.33320732065987,9.174162719372127
S2-moderate,0.5,22,c,9,5,1,5,5,-2.839188927436606,1.9505954799045737,0.09893971633383918,0.5606335996028806,9.037016538170105,3.11004028207137,2.94144959484143,15.13258348149878,9.174162719372127
S2-moderate,0.5,23,a,10,5,1,5,5,-4.718603028520725,11.550874397769034,93.34733242758384,0.22348127064411175,31.415669094359746,74.79270383175492,-115.17533672225079,178.00667491097028,9.174162719372127
S2-moderate,0.5,23,b,10,5,1,5,5,1.1557502911224673,0.5309933307169477,1678.1721431137444,0.11809879629542742,9.4447418928919,,,,9.174162719372127
S2-moderate,0.5,23,c,10,5,1,5,5,-2.0877258383905435,1.8382473214247603,0.5249764185290297,0.46288560046105737,9.33488897078192,2.6940748281366487,4.0545993359781525,14.615178605585687,9.174162719372127
S2-moderate,0.5,16,a,10,5,1,5,5,-2.255691023807737,1.0979713099144128,0.09921663596391384,0.5377965305350467,8.22530570394527,39.4470013993654,-69.08939633691203,85.54000774480257,9.174162719372127
S2-moderate,0.5,16,b,10,5,1,5,5,-7.790822306810581,7.042792748175376,0.0001234098128307042,0.9101705718883942,11.07300399270848,470.7927266086179,-911.6637843435947,933.8097923290115,9.174162719372127
S2-moderate,0.5,16,c,10,5,1,5,5,-2.3813382693516107,1.8964516317446862,0.21176715769838736,0.5065406716102088,9.086238804838189,2.4221166630080004,4.338977378988169,13.833500230688209,9.174162719372127
S2-moderate,0.5,17,a,13,3,1,3,3,-1.980164407433251,1.605899291348503,0.5898399862460172,0.47216041139616205,8.916294915962736,69.98190729357015,-128.24572294885567,146.07831278078115,9.174162719372127
S2-moderate,0.5,17,b,13,3,1,3,3,1.1495121093764658,0.539465160750866,1699.0240052792108,0.12044884653390588,9.315476658264968,35.52145129164614,-60.30528855195524,78.93624186848518,9.174162719372127
S2-moderate,0.5,17,c,13,3,1,3,3,-1.1295335064922973,1.2171207858411623,3.388121109387759,0.38297371575540756,8.776002881593877,4.037334406948182,0.8629728504310616,16.689032912756694,9.174162719372127
S2-moderate,0.5,18,a,9,5,1,5,5,-3.451432830472321,11.51868292033264,8103.083567898589,0.0596424464958493,96.47282339193589,819.4824439276522,-1509.6832526691267,1702.6288994529984,9.174162719372127
S2-moderate,0.5,18,b,9,5,1,5,5,1.7142777957619721,0.285379485761152,8088.866614707249,0.05991598345238415,9.401290818700232,,,,9.174162719372127
S2-moderate,0.5,18,c,9,5,1,5,5,-1.2116047959097997,1.7241532225952114,2.363625614994572,0.3577961976490844,9.602480508025842,3.446692382451424,2.847087572632497,16.357873443419187,9.174162719372127
S2-moderate,0.5,19,a,10,5,1,5,5,-1.1406543015843789,6.220936558107203,8101.025426734033,0.0768234670730828,44.80141864962057,,,,9.174162719372127
S2-moderate,0.5,19,b,10,5,1,5,5,1.6143103427147147,0.2527005611749874,8102.381256875645,0.07538364012377784,8.830218625383502,,,,9.174162719372127
S2-moderate,0.5,19,c,10,5,1,5,5,-1.8926262349590814,1.249003772304134,0.4913883060099861,0.4769673695548643,8.61301925974211,2.4366365000202204,3.8372994762867476,13.388739043197472,9.174162719372127
S2-moderate,0.5,28,a,11,4,1,4,4,-2.96559496051145,-0.30455629233246073,0.004484176023258475,0.7233965698770967,6.853190862882456,204.16048123064485,-393.29399941554715,407.00038114131206,9.174162719372127
S2-moderate,0.5,28,b,11,4,1,4,4,1.2718272532103372,0.2554758464711585,1155.1206701358317,0.12189454684772076,8.107202226942913,37.313868590767875,-65.02663633482246,81.24104078870829,9.174162719372127
S2-moderate,0.5,28,c,11,4,1,4,4,-1.1637150637889193,1.492272403871599,3.0772400807630684,0.371029604848777,9.14795413401087,4.125820158076859,1.061495217490874,17.23441305053087,9.174162719372127
S2-moderate,0.5,29,a,11,4,1,4,4,-2.939640858560284,-1.3254308330053668,0.0016903602881178808,0.7787420297479064,6.06961982048534,999.3330892474132,-1952.5872436635962,1964.7264833045667,9.174162719372127
S2-moderate,0.5,29,b,11,4,1,4,4,-3.4514841796949476,0.7156242485172575,0.004673194159905982,0.7217717044927143,7.712170667757023,159.51391285486224,-304.9293535608337,320.3536948963478,9.174162719372127
S2-moderate,0.5,29,c,11,4,1,4,4,-1.6449387437991398,1.629993306870563,1.102295239638454,0.4237308943630395,9.140314596371779,2.743399928860934,3.763349540614602,14.517279652128956,9.174162719372127
S2-moderate,0.5,30,a,12,4,1,4,4,0.029372817615487753,3.3628652965510852,4100.407994319388,0.09586946662608786,23.643553023315608,114.28841999900206,-200.35763402471568,247.6447400713469,9.174162719372127
S2-moderate,0.5,30,b,12,4,1,4,4,1.2958351822150371,0.10902607826611865,1486.757556658241,0.1262648987110528,7.669170738983173,37.185112640324185,-65.21231079711735,80.55065227508369,9.174162719372127
S2-moderate,0.5,30,c,12,4,1,4,4,-2.7659016068003996,2.545330605170885,0.22898097272036722,0.5135861317120218,9.765073036587996,2.3134527330275487,5.230788999918244,14.299357073257749,9.174162719372127
S2-moderate,0.5,31,a,11,4,1,4,4,-1.2638467500348898,6.028440684811146,2883.1745854351643,0.10533524750915169,33.83766859496905,239.43309757617143,-435.44257936119146,503.11791655112955,9.174162719372127
S2-moderate,0.5,31,b,11,4,1,4,4,1.2289027248738895,0.3301969065943162,1647.9413807302908,0.12240151255099069,8.493089648354172,32.20472954537035,-54.6270203924247,71.61319968913304,9.174162719372127
S2-moderate,0.5,31,c,11,4,1,4,4,-3.4217881459775428,2.7011067183544553,0.05913971467405843,0.5962768924000387,9.508943332711496,2.929805689593584,3.7666296994075346,15.251256966015458,9.174162719372127
S2-moderate,0.5,24,a,12,4,1,4,4,-1.1675808860152448,4.931627637687887,633.8588300103196,0.15926240103495465,21.757539405223575,176.8467343214521,-324.855690648346,368.3707694587931,9.174162719372127
S2-moderate,0.5,24,b,12,4,1,4,4,1.1639125588408308,0.15876913538958093,1043.7132329867802,0.14120560414215527,7.7794573314789845,32.26174707708223,-55.45240501794254,71.01131968090051,9.174162719372127
S2-moderate,0.5,24,c,12,4,1,4,4,-3.1844846018041615,1.33783978110792,0.025069672248962702,0.645271506559124,8.339366170078737,8.817794949212066,-8.943194353436109,25.621926693593583,9.174162719372127
S2-moderate,0.5,25,a,6,7,1,7,7,-3.9847831883655376,-1.9725844619490185,0.00012340980699878116,0.9369300194462379,5.999741195924137,14413.377894049958,-28243.701826707766,28255.70130909961,9.174162719372127
S2-moderate,0.5,25,b,6,7,1,7,7,1.2992753735347033,0.4843990909917937,3468.252551108462,0.10140180822259251,9.645573090466955,,,,9.174162719372127
S2-moderate,0.5,25,c,6,7,1,7,7,-2.2815255913229895,1.7556249153294992,0.42735158976940324,0.4927282669103392,9.175054608380167,2.2303150624495522,4.803717411801843,13.54639180495849,9.174162719372127
S2-moderate,0.5,26,a,12,4,1,4,4,-2.7950086878436293,9.639844304560857,3504.9298809978027,0.08793912101841496,57.962546953029495,,,,9.174162719372127
S2-moderate,0.5,26,b,12,4,1,4,4,1.592915401422998,0.30333353539739294,5596.482369080425,0.0755507676354936,9.040650797613907,52.9606953343629,-94.76040465393586,112.84170624916368,9.174162719372127
S2-moderate,0.5,26,c,12,4,1,4,4,-1.3598102164459558,1.3984254034389627,1.5882010046153643,0.40110155181538865,8.925089311584484,3.050003279567329,2.9471927309034696,14.902985892265498,9.174162719372127
S2-moderate,0.5,27,a,13,3,1,3,3,2.5354262750067966,-1.430637512523023,8103.083699984405,0.05699901039017809,-5.081801198535763,,,,9.174162719372127
S2-moderate,0.5,27,b,13,3,1,3,3,1.7605163145267753,0.2657506342544447,8103.083492252113,0.056167988950838015,9.184734946854297,325.1340865480957,-628.0663648337421,646.4358347274507,9.174162719372127
S2-moderate,0.5,27,c,13,3,1,3,3,-0.6112276756684415,1.3747145764738025,6.354243331458416,0.30555449166194865,9.250701012282768,4.856017388922433,-0.2669181783054331,18.768320202870967,9.174162719372127
S2-moderate,0.5,44,a,8,6,1,6,6,-5.933427692350774,3.2312215651606717,0.000123409804255759,0.8942563683555191,9.101863463031235,3361.261667390189,-6578.849947236789,6597.053674162851,9.174162719372127
S2-moderate,0.5,44,b,8,6,1,6,6,-7.242943897282402,7.264476623683851,0.0004639687254809117,0.8217159212262414,11.600204748236282,89.90223948400627,-164.60494676991084,187.8053562663834,9.174162719372127
S2-moderate,0.5,44,c,8,6,1,6,6,-2.138804370707568,1.7822395866405871,0.26288635594651316,0.4798033711170827,9.062704811862547,2.463190716850519,4.234939719782132,13.89046990394296,9.174162719372127
S2-moderate,0.5,45,a,14,3,1,3,3,-2.2063947648341733,8.314242051826458,4348.3184317732475,0.09088382779077332,49.60512050208036,410.9275908495196,-755.7981578167892,855.0083988209499,9.174162719372127
S2-moderate,0.5,45,b,14,3,1,3,3,1.583144431344361,0.2304456588740691,5977.905035529086,0.08137730705616616,8.527114423325417,38.929571415074406,-67.7734434838004,84.82767233045124,9.174162719372127
S2-moderate,0.5,45,c,14,3,1,3,3,-1.9652233267006802,1.529000703415662,0.5190424060997472,0.4726868544766142,8.862117670832278,2.33811787844074,4.279490837479227,13.44474450418533,9.174162719372127
S2-moderate,0.5,46,a,13,3,1,3,3,-5.410906406595305,1.6915151405714954,0.00012340980427190827,0.9294855510311091,8.123516585225113,3708.950238905006,-7261.285372119815,7277.532405290265,9.174162719372127
S2-moderate,0.5,46,b,13,3,1,3,3,-8.287112478277283,7.905226293639105,0.00012340980417527945,0.931777175114645,11.355197641028694,194.71127172484853,-370.2718823236666,392.98227760572394,9.174162719372127
S2-moderate,0.5,46,c,13,3,1,3,3,-0.5024585824414903,2.0242647159632132,32.92918514550778,0.2504268378913521,11.03043577106499,9.574366594436647,-7.734977928814249,29.79584947094423,9.174162719372127
S2-moderate,0.5,47,a,12,4,1,4,4,-3.1364838781058477,10.57568857202779,8103.083909876733,0.07621360564151847,71.36354955739286,479.33893436115835,-868.1234981782865,1010.8505972930722,9.174162719372127
S2-moderate,0.5,47,b,12,4,1,4,4,1.6357541129434399,0.20672232165261772,8103.00831397115,0.07585135549085568,8.48660979779437,70.473998074038,-129.63988827386524,146.61310786945396,9.174162719372127
S2-moderate,0.5,47,c,12,4,1,4,4,-1.8586411994938463,1.3168180655743291,0.4855184588122487,0.4728481300885196,8.608669267998673,2.6357889469328404,3.4426178611615503,13.774720674835795,9.174162719372127
S2-moderate,0.5,32,a,11,4,1,4,4,0.6599466453910185,-1.4016174613369117,18.873177464108622,0.3028656128207034,4.828558378661745,50.39541643783771,-93.94464282539799,103.60175958272147,9.174162719372127
S2-moderate,0.5,32,b,11,4,1,4,4,0.9673782654303089,0.4818563686024733,819.4062681200234,0.14739034760246486,8.806275979082804,24.49693551407648,-39.20683536010729,56.8193873182729,9.174162719372127
S2-moderate,0.5,32,c,11,4,1,4,4,-1.5367069104427284,1.6713570097015322,2.178259646716111,0.4071192849730762,9.285337524119877,3.3383008858968113,2.74238801820397,15.828287030035783,9.174162719372127
S2-moderate,0.5,33,a,9,5,1,5,5,-5.720817881013276,11.364859821589349,13.413873973037719,0.36730450968381934,21.843021669630264,35.71147872869587,-48.15019047328188,91.8362338125424,9.174162719372127
S2-moderate,0.5,33,b,9,5,1,5,5,-8.500714510230399,7.043415702437072,0.00012340980422304,0.9939843180198975,10.861219931005808,125.61677542138253,-235.3431357489602,257.06557561097185,9.174162719372127
S2-moderate,0.5,33,c,9,5,1,5,5,-3.037243085580261,1.4490402098864474,0.10897332467877621,0.6152024010430391,8.584085267887325,2.5796934326737997,3.527979048692175,13.640191487082475,9.174162719372127
S2-moderate,0.5,34,a,12,4,1,4,4,-0.1289786865200367,3.910618980627974,4099.824764117439,0.08425205966260324,28.794553114075885,,,,9.174162719372127
S2-moderate,0.5,34,b,12,4,1,4,4,1.5232173133995723,0.1493629896951061,2752.2389653794257,0.09462160748238084,7.8622192093261845,,,,9.174162719372127
S2-moderate,0.5,34,c,12,4,1,4,4,-2.5740672376583063,1.9196761262301578,0.12203932453728271,0.5324014289654161,8.993692055429085,2.772055963985303,3.5605622028884296,14.426821907969739,9.174162719372127
S2-moderate,0.5,35,a,10,5,1,5,5,-0.44263055450150096,4.760065039066895,8103.0838189553315,0.07299773176186056,37.567246424500844,267.3139144353628,-486.3583984352319,561.4928912842336,9.174162719372127
S2-moderate,0.5,35,b,10,5,1,5,5,1.5954769225031917,0.3390399604901533,8103.072125858902,0.0723099945927803,9.471863674243592,,,,9.174162719372127
S2-moderate,0.5,35,c,10,5,1,5,5,-0.5184146520748776,1.6272607081436656,24.672167209490453,0.27138735790549534,10.215734268270388,5.932988763305542,-1.4127100284893093,21.844178565030084,9.174162719372127
S2-moderate,0.5,40,a,9,5,1,5,5,-2.562352256921225,1.5393181728936318,0.10523918389167636,0.5475734212071316,8.70865674978387,48.686174270432595,-86.71449136530465,104.1318048648724,9.174162719372127
S2-moderate,0.5,40,b,9,5,1,5,5,1.486440585658625,0.22020610547754482,3310.829191919372,0.09402542362542478,8.348865544359372,34.40306154341518,-59.07989603864934,75.77762712736808,9.174162719372127
S2-moderate,0.5,40,c,9,5,1,5,5,-1.9525933819173362,1.9948074255366015,0.7688523448978647,0.43824213939611883,9.560020372601661,2.9794832045745534,3.720340599093551,15.399700146109772,9.174162719372127
S2-moderate,0.5,41,a,11,4,1,4,4,-2.1261949030372778,8.210871994342995,6463.02544922037,0.08578256081053393,51.62096595820502,269.8613344775022,-477.2975304376165,580.5394623540266,9.174162719372127
S2-moderate,0.5,41,b,11,4,1,4,4,1.420167041955224,0.2826065607750001,4012.369740494738,0.09900250060899128,8.64569708845662,66.28555798779327,-121.27160926275948,138.5630034396727,9.174162719372127
S2-moderate,0.5,41,c,11,4,1,4,4,-1.7024735675311542,1.7108629392333692,1.5328567207060322,0.42259861260198556,9.336087212424346,2.818319530697962,3.8122824353305136,14.859891989518179,9.174162719372127
S2-moderate,0.5,42,a,11,4,1,4,4,-3.5899753417042914,0.07590095912570469,0.0019871141414269156,0.7803386093764417,7.230583999555465,339.1879523051819,-657.5655865084907,672.0267545076017,9.174162719372127
S2-moderate,0.5,42,b,11,4,1,4,4,0.47487076775955384,0.5334408590977144,134.28392465586168,0.21058232036293748,8.412354156154425,20.636230582890658,-32.03391456297527,48.85862287528413,9.174162719372127
S2-moderate,0.5,42,c,11,4,1,4,4,-2.1431854504841685,1.1631244747197957,0.21197692264668358,0.5209694709216381,8.335581370140536,3.0557306482731867,2.346459353069859,14.324703387211214,9.174162719372127
S2-moderate,0.5,43,a,10,5,1,5,5,-0.12265234714058985,3.8601087468334874,8103.058615372555,0.085533225154287,28.30777213394457,238.62673215753497,-439.3920286433099,496.0075729111991,9.174162719372127
S2-moderate,0.5,43,b,10,5,1,5,5,1.5052815236551729,0.33545079288743096,8099.066115653153,0.08456573779860514,9.18829829226986,54.506891822713285,-97.64324658946896,116.01984317400868,9.174162719372127
S2-moderate,0.5,43,c,10,5,1,5,5,-1.5891780561954931,1.129709099835692,1.2516685295299967,0.4445128181180844,8.588841340176174,2.5396957273178584,3.6111291829429133,13.566553497409434,9.174162719372127
S2-moderate,0.5,36,a,9,5,1,5,5,-7.306864060691134,5.596523394824712,0.00012340980410317562,0.9283231496217249,10.325040723383744,800.2999872910034,-1558.2341111948458,1578.8841926416135,9.174162719372127
S2-moderate,0.5,36,b,9,5,1,5,5,1.0926640505563219,0.5157185437112158,1005.2757653872407,0.12801492191808117,9.153661264803265,51.341679223186,-91.47418091844968,109.7815034480562,9.174162719372127
S2-moderate,0.5,36,c,9,5,1,5,5,-3.1422489486952303,2.1374273079759925,0.05399913185531398,0.589113300533937,9.11460809704639,4.106348758465873,1.0663124224925138,17.162903771600263,9.174162719372127
S2-moderate,0.5,37,a,7,6,1,6,6,-2.9588403311758826,-1.7551856283191414,0.0011126312508958271,0.7914034526413315,5.864406266235262,2108.337616181786,-4126.401388701097,4138.130201233567,9.174162719372127
S2-moderate,0.5,37,b,7,6,1,6,6,1.3615606587284068,0.3529495878917088,2526.499378762456,0.10134972879792138,8.97449979439016,59.53135282595405,-107.70480769542655,125.65380728420686,9.174162719372127
S2-moderate,0.5,37,c,7,6,1,6,6,-1.9910209360970768,2.0747867681939987,0.8311118256067219,0.43367851162324683,9.760482206702097,2.7906780194864735,4.290853796061041,15.230110617343152,9.174162719372127
S2-moderate,0.5,38,a,10,5,1,5,5,-2.4600512042090674,9.191923713589272,8103.083654386444,0.06976419499214145,68.26211761598861,591.6147447041014,-1091.2814747269088,1227.8057099588862,9.174162719372127
S2-moderate,0.5,38,b,10,5,1,5,5,1.6236275675889038,0.3208389749366817,8102.548095229866,0.06925046694261378,9.474669616848455,285.8157506019493,-550.7139077772543,569.6632470109513,9.174162719372127
S2-moderate,0.5,38,c,10,5,1,5,5,-1.433011918132384,2.138988352793154,2.971825839373566,0.3580557696606878,10.276375888421088,3.955335291909425,2.5240611694983937,18.028690607343783,9.174162719372127
S2-moderate,0.5,39,a,6,7,1,7,7,-1.0760103439248874,2.7232755847825896,23.806058433766015,0.2760447073652304,12.136718083654442,38.99785625064421,-64.29767564187844,88.57111180918733,9.174162719372127
S2-moderate,0.5,39,b,6,7,1,7,7,-8.846807693023466,9.088453214357823,0.00012340980430064206,0.9054069528929897,12.308438088332112,285.7080845346565,-547.6691176915199,572.285993868184,9.174162719372127
S2-moderate,0.5,39,c,6,7,1,7,7,-1.3772188643507517,1.8331826642915972,2.833400484956502,0.3670375525819359,9.86023047509927,3.608816513591687,2.7870800816461605,16.93338086855238,9.174162719372127
S2-moderate,0.5,60,a,7,6,1,6,6,-8.671354359227477,9.264469499919198,0.00012340980412979394,0.8871976982704616,12.362166563988785,230.93044756674993,-440.2531936005564,464.97752672853403,9.174162719372127
S2-moderate,0.5,60,b,7,6,1,6,6,-5.745260608323771,5.769562238435707,0.002834587119888474,0.7125092447473226,11.260912562995395,29.881384377910617,-47.305524625907225,69.82734975189801,9.174162719372127
S2-moderate,0.5,60,c,7,6,1,6,6,-0.18162057197438133,1.1011929350945566,17.9139812158807,0.26117164595079695,9.206125744710198,5.364988761067383,-1.3090590044440376,19.721310493864433,9.174162719372127
S2-moderate,0.5,61,a,10,5,1,5,5,-3.7671279020267017,-1.6802870012021314,0.00028114430792199627,0.9040841310821817,6.103385231030324,5931.288918594971,-11619.009277116636,11631.216047578697,9.174162719372127
S2-moderate,0.5,61,b,10,5,1,5,5,1.1656206837227758,0.6689459410562573,2943.5777490284017,0.10935044801337451,10.178313109376251,,,,9.174162719372127
S2-moderate,0.5,61,c,10,5,1,5,5,-3.0172355194011695,1.932881487192922,0.08286411131153067,0.587192802641944,8.942445780688109,3.508322600714589,2.0662598371396186,15.8186317242366,9.174162719372127
S2-moderate,0.5,62,a,14,3,1,3,3,-2.623594987373854,8.01182934135383,498.68438698079126,0.16610268962900138,29.649511535662413,91.9198267246663,-150.5100383098459,209.80906138117072,9.174162719372127
S2-moderate,0.5,62,b,14,3,1,3,3,1.3902863081582173,0.06820042809167162,1993.8131497455572,0.1178375071033753,7.432706812069761,27.195594087050228,-45.86967813671914,60.73509176085866,9.174162719372127
S2-moderate,0.5,62,c,14,3,1,3,3,-2.1944932771116887,1.3132612942987971,0.25646952924885114,0.5199177092448841,8.47816774832567,2.402759871171039,3.768844937332334,13.187490559319007,9.174162719372127
S2-moderate,0.5,63,a,12,4,1,4,4,-1.0037529699338927,5.60542495726494,4378.552522607263,0.09635367703667451,34.291306013554866,196.69498426770798,-351.22377909082536,419.80639111793505,9.174162719372127
S2-moderate,0.5,63,b,12,4,1,4,4,-2.416876110957313,2.385272541707103,0.5294179266922729,0.4797441975925574,9.733904312183412,5.013880386708939,-0.0931206685578676,19.56092929292469,9.174162719372127
S2-moderate,0.5,63,c,12,4,1,4,4,-1.1517063657234319,1.6185086958926111,5.8236040821443344,0.3590733200426188,9.472199381210139,4.437819450861918,0.7742330876294599,18.170165674790816,9.174162719372127
S2-moderate,0.5,48,a,13,3,1,3,3,-1.0294387514278642,5.979222632430501,8103.0835875189205,0.0777814615087361,42.81760219227237,266.8899609074692,-480.2771090216702,565.9123134062149,9.174162719372127
S2-moderate,0.5,48,b,13,3,1,3,3,1.593128776449051,0.274975602538419,7914.910816003899,0.07795250642685427,8.813686318870696,,,,9.174162719372127
S2-moderate,0.5,48,c,13,3,1,3,3,-1.5814181872216,1.6755087359331677,1.7412502626117525,0.41607631479661217,9.183038302332006,2.948813324095796,3.4034703899724086,14.962606214691604,9.174162719372127
S2-moderate,0.5,49,a,10,5,1,5,5,-3.434293753007591,11.31457965662798,8103.083878493881,0.07023699947940264,81.67680432554872,549.8010831355772,-995.9135172812947,1159.2671259323922,9.174162719372127
S2-moderate,0.5,49,b,10,5,1,5,5,1.543508264359501,0.33673151910336746,5473.703727837622,0.07978205794288881,9.193002678517413,66.85599068845485,-121.8423312215993,140.22833657863413,9.174162719372127
S2-moderate,0.5,49,c,10,5,1,5,5,-1.6508604315552726,1.9458141176818176,1.4519202296285225,0.404106145080354,9.6235118111319,3.1468652716742027,3.4557692144506102,15.79125440781319,9.174162719372127
S2-moderate,0.5,50,a,12,4,1,4,4,-0.3973707386146477,3.835096983231972,2011.9077562559894,0.12362505443239781,21.79075683774208,,,,9.174162719372127
S2-moderate,0.5,50,b,12,4,1,4,4,-10.30472527480665,11.994189826041708,0.00013810743138396013,0.9371876356302464,13.45104814236632,,,,9.174162719372127
S2-moderate,0.5,50,c,12,4,1,4,4,-3.4536928397194457,2.3074112901218555,0.03900932510191762,0.620286611962518,9.175421628114675,4.56380019471723,0.2305376138320181,18.120305642397334,9.174162719372127
S2-moderate,0.5,51,a,7,6,1,6,6,-7.452069280909685,5.771462163237613,0.00012340980442480468,0.9338640418741004,10.422809826300044,862.1841611280889,-1679.427094025633,1700.272713678233,9.174162719372127
S2-moderate,0.5,51,b,7,6,1,6,6,-10.087512110870634,11.999998897394956,0.00020985052716455697,0.9036184721972781,13.710358867294493,10.670998785485809,-7.204414431328351,34.625132165917336,9.174162719372127
S2-moderate,0.5,51,c,7,6,1,6,6,-0.7752497935050691,1.048368022779045,7.264227860568501,0.33962495579518626,8.858575047757087,3.8225105290797723,1.3665920802355869,16.350558015278587,9.174162719372127
S2-moderate,0.5,56,a,14,3,1,3,3,1.0709825014022152,1.235332179099332,8103.083905055862,0.08809565717123155,13.831153780110057,82.30104941545333,-147.47593896402975,175.13824652424984,9.174162719372127
S2-moderate,0.5,56,b,14,3,1,3,3,1.5664640781925345,0.08019219032957861,6786.548992977347,0.09286226034078965,7.673291860807354,27.925584038398245,-47.0598471016998,62.40643082331451,9.174162719372127
S2-moderate,0.5,56,c,14,3,1,3,3,-3.337885909689607,3.0800526179846126,0.1194952975178977,0.5594001153735134,10.008652288062953,2.274530245246475,5.550654925632805,14.4666496504931,9.174162719372127
S2-moderate,0.5,57,a,8,6,1,6,6,-4.041612089535905,-1.0918854629844066,0.00012340980408957194,0.9029979106064349,6.327543287272817,17745.64012386856,-34774.48798210401,34787.14306867856,9.174162719372127
S2-moderate,0.5,57,b,8,6,1,6,6,-2.3049838851447735,2.916507316814176,0.6696567983726474,0.43016817836355553,10.59624942612928,5.990873219559343,-1.1456463201525526,22.33814517241111,9.174162719372127
S2-moderate,0.5,57,c,8,6,1,6,6,-1.8404414006003065,1.594371423946499,0.5385496149822114,0.450799391068423,8.99599450843255,2.7099514212211475,3.6845873229859682,14.307401693879132,9.174162719372127
S2-moderate,0.5,58,a,8,6,1,6,6,-0.5596996009627833,3.992425748033936,1666.3380423317751,0.13331719795260677,21.4271839835707,,,,9.174162719372127
S2-moderate,0.5,58,b,8,6,1,6,6,0.3414695903226026,0.39985866825362937,123.73970808366913,0.2311000678343099,8.264216353291824,18.840183158781603,-28.66186410005819,45.19029680664183,9.174162719372127
S2-moderate,0.5,58,c,8,6,1,6,6,-3.683117246344121,2.107931157545626,0.0244615439733434,0.6511414964966676,9.092586716912493,5.198089087503679,-1.095480683025393,19.28065411685038,9.174162719372127
S2-moderate,0.5,59,a,9,5,1,5,5,-3.6463776667389096,-1.9939337724540087,0.0001234098045912044,0.9071070959158748,5.54513066956851,19918.431963529845,-39033.864146360356,39044.95440769949,9.174162719372127
S2-moderate,0.5,59,b,9,5,1,5,5,-8.781936423006716,11.999999999524569,0.0019823927577698216,0.7353023372850763,15.072880854026616,5.8508553421988765,3.605415104563045,26.540346603490185,9.174162719372127
S2-moderate,0.5,59,c,9,5,1,5,5,-2.962465959477657,2.977851554473771,0.1386630784856408,0.5142380546149161,10.12916464970759,2.654809310624766,4.925834015061439,15.33249528435374,9.174162719372127
S2-moderate,0.5,52,a,6,7,1,7,7,-2.7933024618379942,-0.0651863133647576,0.019240301800759464,0.6664032068628114,7.378813039915446,56.100072020465305,-102.57530765029973,117.33293373013062,9.174162719372127
S2-moderate,0.5,52,b,6,7,1,7,7,-0.39001717298969907,0.7946237604330582,24.745626897883742,0.302520623605771,8.71825440291068,20.97624172036635,-32.39442390001387,49.83093270583523,9.174162719372127
S2-moderate,0.5,52,c,6,7,1,7,7,-2.7775633223962046,2.272988668215862,0.27021798207290704,0.5243458421195646,9.596088589014437,2.153637879400792,5.375035909647669,13.817141268381206,9.174162719372127
S2-moderate,0.5,53,a,8,6,1,6,6,-2.5385953305806237,0.2520522821510111,0.024712168000342306,0.6203617030465122,7.476167732880457,68.06275219502231,-125.92437525803778,140.8767107237987,9.174162719372127
S2-moderate,0.5,53,b,8,6,1,6,6,1.2901687544724898,0.34320382380405845,1627.113145826027,0.11199171115696675,8.714166087412861,,,,9.174162719372127
S2-moderate,0.5,53,c,8,6,1,6,6,-3.0399055982366727,2.4456120743647487,0.08560807342998024,0.5531535279596124,9.538474487419265,2.7748344605694673,4.09989888164248,14.977050093196048,9.174162719372127
S2-moderate,0.5,54,a,12,4,1,4,4,-2.7705858107226478,9.79251387709283,4065.23227869677,0.07561545229742495,67.08645778632501,646.5651687551929,-1200.1579866319153,1334.3309022045655,9.174162719372127
S2-moderate,0.5,54,b,12,4,1,4,4,-1.7103134498639645,1.3767020959733043,0.4013264761837025,0.44986347281451017,8.663287171138169,5.532971164882661,-2.1811370395304763,19.507711381806814,9.174162719372127
S2-moderate,0.5,54,c,12,4,1,4,4,-1.9089530091772404,1.8867443150799765,0.4416758364304897,0.4449478805662144,9.262153329883905,2.6997696375004954,3.9707020738281766,14.553604585939633,9.174162719372127
S2-moderate,0.5,55,a,10,5,1,5,5,-1.8115586732285474,-0.08025317393216566,0.1379464980492003,0.5500113491620747,7.156375059669961,47.5673826408334,-86.07398175519927,100.38673187453918,9.174162719372127
S2-moderate,0.5,55,b,10,5,1,5,5,1.4137293976679666,0.4390878973490001,4667.275411289951,0.0908064986139586,9.519892749873536,43.19582361646373,-75.14236582094009,94.18215132068715,9.174162719372127
S2-moderate,0.5,55,c,10,5,1,5,5,-1.758302049679446,1.3110018823847864,0.7939259619330401,0.45825186124880235,8.690687221939434,2.6776382720825196,3.442612645031634,13.938761798847235,9.174162719372127
S2-moderate,0.5,76,a,13,3,1,3,3,0.026986270376514625,3.707187143565186,8102.701795932725,0.07555708415113728,30.056394301815956,,,,9.174162719372127
S2-moderate,0.5,76,b,13,3,1,3,3,1.5532346980150393,0.27621465825577673,6020.39389048794,0.08243023244940445,8.791229361297894,38.84962466860093,-67.35263580205877,84.93509452465456,9.174162719372127
S2-moderate,0.5,76,c,13,3,1,3,3,-2.602261363664172,2.852834676124563,0.47684715083890505,0.47558155496835147,10.221924921777513,2.6201605732074906,5.086504564579007,15.357345278976018,9.174162719372127
S2-moderate,0.5,77,a,12,4,1,4,4,-7.207381384461455,5.775243477546223,0.00012340980810185295,0.9132363688247872,10.383874394288329,753.3369490104227,-1466.1294138894273,1486.897162678004,9.174162719372127
S2-moderate,0.5,77,b,12,4,1,4,4,-6.899275118608658,5.127466360217386,0.00012340980414009422,0.9119921007958681,10.049507076224932,863.386135790277,-1682.1562238239264,1702.2552379763763,9.174162719372127
S2-moderate,0.5,77,c,12,4,1,4,4,-0.317590505545734,0.9944653390294713,14.342624651125726,0.2872666233775462,8.849977234784873,5.4909454389788035,-1.9120780666880588,19.612032536257807,9.174162719372127
S2-moderate,0.5,78,a,11,4,1,4,4,-0.8328332300309269,5.218114838854019,1845.21284620134,0.0984140923883365,31.81776145164597,,,,9.174162719372127
S2-moderate,0.5,78,b,11,4,1,4,4,1.6998891036058668,0.2392718347550704,6645.5840740439535,0.06593510210514218,8.728085987430417,69.02572040170084,-126.55984000683485,144.01601198169567,9.174162719372127
S2-moderate,0.5,78,c,11,4,1,4,4,-1.2057585091057001,1.1432017986057512,1.2486425938237586,0.4000050005508084,8.49936544314868,3.2600797823794285,2.1097264829578224,14.889004403339538,9.174162719372127
S2-moderate,0.5,79,a,10,5,1,5,5,-4.020793449594805,11.777042718337876,1083.7999407938448,0.1196315437318015,52.855271426449626,285.2143337948048,-506.154550685953,611.8650935388522,9.174162719372127
S2-moderate,0.5,79,b,10,5,1,5,5,1.5058620731458134,0.34968767941404943,3742.4927857692396,0.08394223034137953,9.135574020672271,187.40337766840668,-358.1682967905627,376.4394448319072,9.174162719372127
S2-moderate,0.5,79,c,10,5,1,5,5,-0.37874169406919755,1.0759310463036889,14.7640962502917,0.2884652890620423,9.044846215019186,4.925608794068695,-0.6091696232892225,18.698862053327595,9.174162719372127
S2-moderate,0.5,68,a,13,3,1,3,3,-1.1888307805324734,6.545405485158716,8103.08361128149,0.0638063392270647,54.697459411040285,,,,9.174162719372127
S2-moderate,0.5,68,b,13,3,1,3,3,1.7135367524371614,0.23444037489450978,8100.66381123437,0.06389667370078525,8.827773642018323,181.77267607055398,-347.44012482973324,365.09567211376987,9.174162719372127
S2-moderate,0.5,68,c,13,3,1,3,3,-0.7053685046391256,1.4870021109688598,8.901281459964203,0.30884052413802254,9.522305927973877,4.53067919038141,0.6423378893212224,18.40227396662653,9.174162719372127
S2-moderate,0.5,69,a,10,5,1,5,5,1.3812507907866989,0.7623784233326025,8103.083750091867,0.07468580685568037,12.096232896258387,85.92169730398459,-156.30719931010367,180.49966510262044,9.174162719372127
S2-moderate,0.5,69,b,10,5,1,5,5,1.4693479574351382,0.3021920595497484,4253.868393792785,0.0909634179224441,8.863245628937435,49.53362237593926,-88.22087025171085,105.94736150958572,9.174162719372127
S2-moderate,0.5,69,c,10,5,1,5,5,-0.5765902016169913,1.1566160827904368,13.687064671366842,0.3067370450640302,9.185858493241284,4.168588583220657,1.0155750037639457,17.356141982718622,9.174162719372127
S2-moderate,0.5,70,a,11,4,1,4,4,-2.441082413180907,9.13397723439643,8103.083647595183,0.07129782485202923,66.52763303047712,388.5036741034287,-694.9255760737296,827.9808421346838,9.174162719372127
S2-moderate,0.5,70,b,11,4,1,4,4,1.6275164412339576,0.29805725317862103,8103.083843045465,0.07066673061363611,9.228504175227942,,,,9.174162719372127
S2-moderate,0.5,70,c,11,4,1,4,4,-2.5566781945455563,2.96561790482178,0.42988533944292845,0.4601364067694295,10.456305232189056,2.6442700505051087,5.273631167801133,15.638979296576979,9.174162719372127
S2-moderate,0.5,71,a,10,5,1,5,5,-10.012310658261338,11.002630091153364,0.00012340980438918847,0.957842323191416,12.855205395990138,58.262047919746266,-101.33631019225932,127.0467209842396,9.174162719372127
S2-moderate,0.5,71,b,10,5,1,5,5,-5.927589183320885,4.198718469954175,0.0011387724802739713,0.8315222115105503,9.859234023509332,97.34572221128644,-180.93487555965288,200.65334360667157,9.174162719372127
S2-moderate,0.5,71,c,10,5,1,5,5,-2.766734398892165,1.1820333941213095,0.07505974547264113,0.5979506349740356,8.322357480147646,4.273563239098307,-0.05367255413937144,16.698387514434664,9.174162719372127
S2-moderate,0.5,64,a,6,7,1,7,7,-4.605183745862199,-0.1061889342146099,0.00012340980416993967,0.9050053938545934,7.231958554835687,9193.428990608989,-18011.557757465205,18026.021674574877,9.174162719372127
S2-moderate,0.5,64,b,6,7,1,7,7,0.9948864397890369,0.7622137437139913,842.3413175479641,0.12401015115991336,10.240596848002545,37.26557783155333,-62.798593564916224,83.27978726092131,9.174162719372127
S2-moderate,0.5,64,c,6,7,1,7,7,-1.3057088110423498,1.7417148356814531,3.0055634119328976,0.3659501374146503,9.687001921998764,3.534611876605359,2.7592899445247268,16.6147138994728,9.174162719372127
S2-moderate,0.5,65,a,12,4,1,4,4,-1.1504093081385203,6.180786299164154,8030.985768367785,0.08095710350589727,42.634468585411014,418.7678673611754,-778.1354693251391,863.4044064959611,9.174162719372127
S2-moderate,0.5,65,b,12,4,1,4,4,1.0017299224262364,0.46160414293956475,979.1912899713619,0.14461251919821003,8.751605070897854,29.494989232350996,-49.057511548906795,66.56072169070251,9.174162719372127
S2-moderate,0.5,65,c,12,4,1,4,4,-3.5058296594046965,2.681371604111308,0.051657258795609166,0.6088389224435258,9.452237057151041,3.424440747420383,2.7404565250156665,16.164017589286416,9.174162719372127
S2-moderate,0.5,66,a,7,6,1,6,6,-4.704627768256393,0.1982714684136619,0.00012340980473199813,0.8995681476221625,7.424036879260725,6996.185324375583,-13704.847228064556,13719.69530182308,9.174162719372127
S2-moderate,0.5,66,b,7,6,1,6,6,-2.291457482720503,2.2391308762466773,0.3798786403705885,0.46306731133272316,9.777339580216672,4.490915986769085,0.9753059885541067,18.57937317187924,9.174162719372127
S2-moderate,0.5,66,c,7,6,1,6,6,-1.39397225368671,1.7244520558614786,2.0800498614446137,0.3776781282330386,9.603044579576265,3.6086203535153483,2.5302786528079846,16.675810506344547,9.174162719372127
S2-moderate,0.5,67,a,11,4,1,4,4,-3.305099755951802,11.01619640862583,8095.2160820786385,0.07139851063070402,78.53832683221906,,,,9.174162719372127
S2-moderate,0.5,67,b,11,4,1,4,4,1.6201950551320783,0.3160616944074013,8102.918289953126,0.07091576586998413,9.30169128682826,,,,9.174162719372127
S2-moderate,0.5,67,c,11,4,1,4,4,-0.3450349974393205,1.1079211738227053,21.494729460605374,0.28286637739051446,9.141154706786383,5.392313051075028,-1.4275846666859664,19.70989408025873,9.174162719372127
S2-moderate,0.5,72,a,11,4,1,4,4,1.2244272005110353,0.5666693443821184,1691.2701665926543,0.1078830018448247,9.683014803079583,141.25028680174853,-267.1624601343009,286.52848974046003,9.174162719372127
S2-moderate,0.5,72,b,11,4,1,4,4,1.4489238511725269,0.3188330956720802,2818.383819571914,0.09328181543761263,8.802940477723881,,,,9.174162719372127
S2-moderate,0.5,72,c,11,4,1,4,4,-0.7343556815998817,1.3083037008313427,7.321562402785736,0.32111598764900523,9.233712966697714,4.650157903650549,0.11957095311835886,18.34785498027707,9.174162719372127
S2-moderate,0.5,73,a,10,5,1,5,5,1.2236990360220275,1.131265634437319,8103.081952060959,0.07382809997883266,14.40617302762945,215.07514683413663,-407.1333687369422,435.9457147922011,9.174162719372127
S2-moderate,0.5,73,b,10,5,1,5,5,-2.4809914651698577,3.176972243687918,0.891906591308518,0.43946125538898073,10.803406081780683,5.544361122341877,-0.06334203529346993,21.670154198854835,9.174162719372127
S2-moderate,0.5,73,c,10,5,1,5,5,-1.6474334517202331,1.556750213485526,1.1056469352421927,0.42834908211976747,9.048289633610908,2.871331992851108,3.420582339965116,14.675996927256701,9.174162719372127
S2-moderate,0.5,74,a,11,4,1,4,4,-2.1923741906744594,8.423162312357725,8103.083512882282,0.0812659091475942,55.305560106767665,862.6963214979027,-1635.5481596243092,1746.1592798378445,9.174162719372127
S2-moderate,0.5,74,b,11,4,1,4,4,1.5778962381601533,0.21877273287037968,8054.386110245852,0.08173544069497411,8.598621325655717,,,,9.174162719372127
S2-moderate,0.5,74,c,11,4,1,4,4,-2.7253299289752837,2.069249317347182,0.1742803685377108,0.5346375703683358,9.285387666449443,2.220554904221212,4.933180028482078,13.63759530441681,9.174162719372127
S2-moderate,0.5,75,a,8,6,1,6,6,-4.1556710443725144,-1.0313643085729312,0.0001234098044864265,0.9022464644380235,6.532507609560096,13600.978775338566,-26650.89604654772,26663.961061766844,9.174162719372127
S2-moderate,0.5,75,b,8,6,1,6,6,0.35901447183707924,1.1494747110217114,172.74677594759055,0.18377654272801833,10.335499336216404,28.156980002833233,-44.85116738275124,65.52216605518404,9.174162719372127
S2-moderate,0.5,75,c,8,6,1,6,6,-0.7862772069520287,1.7061141114749114,11.172337892337623,0.3007252331225907,10.087738939657674,5.606734681837419,-0.9012591076153047,21.076736986930655,9.174162719372127
S2-moderate,0.5,84,a,12,4,1,4,4,-1.2915889758056016,6.668497022200505,8103.083810819169,0.06932402399948787,51.828162080957064,550.606110480277,-1027.339984128068,1130.9963082899822,9.174162719372127
S2-moderate,0.5,84,b,12,4,1,4,4,1.573508706755645,0.4410942814344283,8102.668334262462,0.06923756784273422,10.216424644324771,113.07036640311685,-211.397421224532,231.83027051318155,9.174162719372127
S2-moderate,0.5,84,c,12,4,1,4,4,0.05166288876630502,0.6929781657030007,33.93416243228644,0.2549418062606631,8.541873592039625,6.453038195906227,-4.105848862797904,21.189596046877156,9.174162719372127
S2-moderate,0.5,85,a,13,3,1,3,3,-4.160355768017043,-1.470129317956757,0.00012340980431270706,0.9546582220783556,6.181465385913302,,,,9.174162719372127
S2-moderate,0.5,85,b,13,3,1,3,3,-5.240396085680564,6.3537053694956676,0.045151809832945276,0.6176826189773045,12.195383665926782,2.5984686354255477,7.102478725535768,17.288288606317796,9.174162719372127
S2-moderate,0.5,85,c,13,3,1,3,3,-0.4803307818357696,0.7958422358547401,13.043546821008972,0.32338205802840136,8.39105926600576,5.009340131243979,-1.4270669775435874,18.209185509555105,9.174162719372127
S2-moderate,0.5,86,a,12,4,1,4,4,-1.476580266985425,6.4473709926925125,4682.284335899342,0.10795998476978134,34.99271104001159,204.18156680194807,-365.19580619876575,435.181228278789,9.174162719372127
S2-moderate,0.5,86,b,12,4,1,4,4,0.8769008854798952,0.7846257898427549,1641.80468188944,0.1413117628732922,9.91882198463032,,,,9.174162719372127
S2-moderate,0.5,86,c,12,4,1,4,4,-0.5410035457835349,0.7661559090777292,16.141682752262263,0.3306355011031266,8.422792633910394,4.6892800881228816,-0.7680274522312658,17.613612720052053,9.174162719372127
S2-moderate,0.5,87,a,12,4,1,4,4,-4.481110441149137,-0.6954335005829887,0.0001234098047299346,0.9433836442030477,6.756090667113643,9979.316651953937,-19552.345137483437,19565.857318817663,9.174162719372127
S2-moderate,0.5,87,b,12,4,1,4,4,-6.556344236182074,3.8091988638293137,0.00012340980485123158,0.9437794962013581,9.331728141360216,1164.6054574522677,-2273.253024663879,2291.916480946599,9.174162719372127
S2-moderate,0.5,87,c,12,4,1,4,4,-3.6127717433926567,2.474041038169478,0.02752564863296138,0.6337581353664326,9.229818461327921,5.4541325439571375,-1.4600848917358906,19.919721814391735,9.174162719372127
S2-moderate,0.5,100,a,15,2,1,2,2,-7.839997118832176,8.092823468039224,0.0008658818730338648,0.8577575793845132,11.818211479291675,,,,9.174162719372127
S2-moderate,0.5,100,b,15,2,1,2,2,-2.7665656838857644,0.9096010678645927,0.05704582145360756,0.6211800854399478,7.988846313274097,8.444402322746994,-8.561878110276387,24.53957073682458,9.174162719372127
S2-moderate,0.5,100,c,15,2,1,2,2,-3.7284774933289153,1.5187456002500235,0.011243404472910461,0.7112492894768475,8.350455069708092,22.050226649413137,-34.86719501408697,51.56810515350315,9.174162719372127
S2-moderate,0.5,101,a,15,2,1,2,2,-2.321137666872207,-1.8816893806401358,0.005625525359637301,0.7354939660494687,5.573612684900888,441.52344910569013,-859.7964458921552,870.9436712619571,9.174162719372127
S2-moderate,0.5,101,b,15,2,1,2,2,-2.9272572831914894,1.3401280092829788,0.04618151751643796,0.6180428478390075,8.29863345122732,8.054569776069046,-7.488033220832859,24.085300123287496,9.174162719372127
S2-moderate,0.5,101,c,15,2,1,2,2,-4.549119182105807,1.436565331865526,0.001011271402272454,0.8303292328564704,8.089586402266743,295.01568773005016,-570.1305364229468,586.3097092274802,9.174162719372127
S2-moderate,0.5,102,a,12,4,1,4,4,-3.706774528425465,-1.964177416248091,0.00012340980957773793,0.9190101467567223,5.59412441710843,21231.781341021655,-41607.932631614865,41619.12088044909,9.174162719372127
S2-moderate,0.5,102,b,12,4,1,4,4,-1.1758246297846477,1.5518228673595533,3.0660154053268003,0.3671009295148822,9.280850960049069,5.9428954702018295,-2.3670101254327474,20.928712045530887,9.174162719372127
S2-moderate,0.5,102,c,12,4,1,4,4,-1.7682859766243264,1.7950837441901883,0.9205039349451677,0.4314287774604162,9.268771333440199,2.8470310405674595,3.688693031060385,14.848849635820013,9.174162719372127
S2-moderate,0.5,103,a,12,4,1,4,4,-1.4195480668453975,-0.06284312018767717,0.3190614900401317,0.4975460842881588,7.1327081844718645,51.09662709907254,-93.01484066118365,107.28025703012739,9.174162719372127
S2-moderate,0.5,103,b,12,4,1,4,4,-0.21848418528856312,0.377251928039848,13.347758799618173,0.31122951403932325,7.813988471590453,7.956739627421267,-7.780934632517877,23.408911575698784,9.174162719372127
S2-moderate,0.5,103,c,12,4,1,4,4,-1.833775576203244,1.848943337971832,0.9881864142361267,0.4344193456923573,9.371639832755788,3.049713439395414,3.394311328373,15.348968337138576,9.174162719372127
S2-moderate,0.5,80,a,12,4,1,4,4,-6.757906395920141,8.957293262051396,0.009086317389755929,0.6570276002553026,13.782606239196987,22.971863591555316,-31.241419058018366,58.80663153641234,9.174162719372127
S2-moderate,0.5,80,b,12,4,1,4,4,-1.5587467787115146,1.679740928747846,0.953476895599513,0.41051760787936303,9.193362421041282,6.017982617831232,-2.6016667694960045,20.98839161157857,9.174162719372127
S2-moderate,0.5,80,c,12,4,1,4,4,-2.626313707010433,2.1445357523023008,0.1006075784912372,0.5245576329271917,9.220147303340275,4.034046503657291,1.3135614442122572,17.12673316246829,9.174162719372127
S2-moderate,0.5,81,a,11,4,1,4,4,-1.978937070929536,-1.3192115278266865,0.015356454769628707,0.649439154077953,5.902436195835424,99.86271687496972,-189.8248922774255,201.62976466909637,9.174162719372127
S2-moderate,0.5,81,b,11,4,1,4,4,1.2380805215698847,0.418885423868491,1404.0998254905844,0.11564482908982768,8.882412133779164,,,,9.174162719372127
S2-moderate,0.5,81,c,11,4,1,4,4,-0.7277478007386455,1.1865954451766294,8.091719774819351,0.3289633952220093,9.002628728871025,3.772895017725288,1.607890376678852,16.397367081063198,9.174162719372127
S2-moderate,0.5,82,a,6,7,1,7,7,-6.289213963417831,2.8098405402062356,0.00012340980415888553,0.9537403332307632,8.937543942045448,1888.2554290419564,-3691.9750905924166,3709.8501784765076,9.174162719372127
S2-moderate,0.5,82,b,6,7,1,7,7,-7.456249834167576,5.268507678504525,0.00012340980465556163,0.9583791003448368,10.160651629286692,1011.1155315817471,-1971.589374480009,1991.9106777385825,9.174162719372127
S2-moderate,0.5,82,c,6,7,1,7,7,-2.6581915671182617,1.4632442637895788,0.1430891806522216,0.5610934077601303,8.707497384634584,2.8847602622196993,3.0534711666516507,14.361523602617517,9.174162719372127
S2-moderate,0.5,83,a,11,4,1,4,4,-0.3202771324209709,4.518538387701757,8103.083894815288,0.07182801328828801,36.470366490630184,338.33064276009054,-626.6455081854344,699.5862411666949,9.174162719372127
S2-moderate,0.5,83,b,11,4,1,4,4,1.6637514113902885,0.2079754370606035,8103.067497798725,0.07164743850095388,8.584640634597395,101.50227155978321,-190.3561559715819,207.5254372407767,9.174162719372127
S2-moderate,0.5,83,c,11,4,1,4,4,-0.9007904909896445,1.256160949844672,5.656790288895085,0.34665149150482,9.041263928126964,3.4117495881702813,2.3543576110438513,15.728170245210077,9.174162719372127
S2-moderate,0.5,92,a,9,5,1,5,5,-6.383317331835558,5.450731948493909,0.0008437161757956291,0.8101933180565978,10.69168391105155,79.5402181201118,-145.20427892682778,166.58764674893087,9.174162719372127
S2-moderate,0.5,92,b,9,5,1,5,5,-8.885550085404368,11.168715941481732,0.0011409295911599651,0.7933861195666913,14.099660555345464,6.37425233922527,1.606355542093743,26.592965568597187,9.174162719372127
S2-moderate,0.5,92,c,9,5,1,5,5,-1.5579676277062933,1.854543817030585,1.8950245034218682,0.3953180565953752,9.608905952552854,3.475882954459318,2.796300547335914,16.421511357769795,9.174162719372127
S2-moderate,0.5,93,a,12,4,1,4,4,-3.105536834996724,5.507877065564298,1.8810650641672237,0.3818121605546342,14.129681440437208,53.650677455833836,-91.02371411917213,119.28307700004655,9.174162719372127
S2-moderate,0.5,93,b,12,4,1,4,4,0.6303368747226621,0.3243857721268855,98.47936351772545,0.20216221765871648,7.892491027743268,15.94260189906417,-23.354434514282374,39.13941656976891,9.174162719372127
S2-moderate,0.5,93,c,12,4,1,4,4,-1.4289673271535615,1.5352171216112742,1.1582364456594636,0.40074925594226907,9.086417422417266,3.360556634710502,2.4998474503775565,15.672987394456976,9.174162719372127
S2-moderate,0.5,94,a,10,5,1,5,5,-0.9430524762087085,5.64017837513728,6531.327892718611,0.0856673086420052,37.86374000868644,226.8050404444772,-406.6659707746393,482.3934507920121,9.174162719372127
S2-moderate,0.5,94,b,10,5,1,5,5,1.0501288656145862,0.37400426090779404,999.8823917739783,0.14218207321322973,8.551212547417677,32.02677462781748,-54.22011226408578,71.32253735892112,9.174162719372127
S2-moderate,0.5,94,c,10,5,1,5,5,-2.1963124290483687,1.7693663541271398,0.47750449317090843,0.4847904935800155,9.145571342340933,2.2843076541410787,4.668410610615241,13.622732074066626,9.174162719372127
S2-moderate,0.5,95,a,9,5,1,5,5,-9.17458680829398,9.428756467069888,0.00012340980432586155,0.9434885547191124,12.160604388403222,108.44253997091018,-200.38286834662597,224.7040771234324,9.174162719372127
S2-moderate,0.5,95,b,9,5,1,5,5,-7.473163141969518,5.7073763758825855,0.0001234098151011797,0.9448111601376107,10.324838855071228,358.1962569581523,-691.726924179962,712.3766018901044,9.174162719372127
S2-moderate,0.5,95,c,9,5,1,5,5,-1.2240686259428064,1.818900480025879,5.9704761797200545,0.35505221846727314,9.795436971108765,4.345671115601843,1.2780780958731555,18.312795846344375,9.174162719372127
S2-moderate,0.5,96,a,13,3,1,3,3,-2.4999754496495474,9.260740023592225,8103.083784350504,0.07159271518038991,67.07653104353793,439.36702245179276,-794.0670089565772,928.220071043653,9.174162719372127
S2-moderate,0.5,96,b,13,3,1,3,3,1.6329844131016866,0.2837222264494007,8103.075413672713,0.0710393777352192,9.101354618627647,,,,9.174162719372127
S2-moderate,0.5,96,c,13,3,1,3,3,-2.3705962131542897,1.829343703047509,0.1916986172238408,0.5064159267147917,9.05724553761894,2.8220363897360032,3.526155850674934,14.588335224562945,9.174162719372127
S2-moderate,0.5,97,a,10,5,1,5,5,-1.6530089220658835,-1.9141518509197635,0.027746027194941174,0.6385849374955542,5.471253321175557,83.59002762163728,-158.3621902839418,169.30469692629293,9.174162719372127
S2-moderate,0.5,97,b,10,5,1,5,5,1.1692946452578403,0.3807802604231373,1527.7474165192455,0.12631370695279714,8.70775453922117,86.27618639926092,-160.3904635267947,177.805972605237,9.174162719372127
S2-moderate,0.5,97,c,10,5,1,5,5,-3.822649161753887,2.876560382545334,0.031229473259623903,0.6347679159905008,9.570563027231323,4.108025431886745,1.518981133158702,17.622144921303942,9.174162719372127
S2-moderate,0.5,98,a,9,5,1,5,5,-0.22301631946618772,3.121190878193877,460.3888591089162,0.14290130631271608,17.567996585102517,,,,9.174162719372127
S2-moderate,0.5,98,b,9,5,1,5,5,1.7464243967446886,0.1820871969337268,8102.724782431654,0.06179379476482431,8.582508449478972,,,,9.174162719372127
S2-moderate,0.5,98,c,9,5,1,5,5,-1.4484808608717408,1.9944675006012877,2.106854675704176,0.3704470612906356,9.948751088415541,3.29093383764477,3.4986392911276063,16.398862885703476,9.174162719372127
S2-moderate,0.5,99,a,12,4,1,4,4,-0.24469758561091504,2.837328599391104,161.09404172392195,0.1663912343765821,15.158756241684264,81.59719265626548,-144.76880260417224,175.08631508754078,9.174162719372127
S2-moderate,0.5,99,b,12,4,1,4,4,-8.784161663017532,11.999999993266204,0.0012143169585931868,0.7475678115900465,14.82804049650792,9.365467931394441,-3.527939347390028,33.184020340405866,9.174162719372127
S2-moderate,0.5,99,c,12,4,1,4,4,-0.40308493489103187,1.1329512943933855,8.414386532256895,0.2926368712838861,8.926908299990258,4.72895899194618,-0.3416810085910953,18.19549760857161,9.174162719372127
S2-moderate,0.5,88,a,7,6,1,6,6,-5.849943539865192,4.765648875953266,0.0010960282713546412,0.7775345624607346,10.439760931302901,102.2647188360441,-189.9954048764584,210.87492673906422,9.174162719372127
S2-moderate,0.5,88,b,7,6,1,6,6,1.3699201072259752,0.5288207125735389,2928.732177990422,0.08981670992358387,10.056017825266725,147.42389343755875,-278.8895037730192,299.0015394235527,9.174162719372127
S2-moderate,0.5,88,c,7,6,1,6,6,-0.7216845079616762,1.4313588843802243,9.762769017495541,0.3059095660527074,9.68015862274835,3.7470114560651213,2.336151119201724,17.024166126294975,9.174162719372127
S2-moderate,0.5,89,a,8,6,1,6,6,-0.597131945061854,4.158375272859804,1095.569544199284,0.12841196957308285,22.528882803167658,,,,9.174162719372127
S2-moderate,0.5,89,b,8,6,1,6,6,1.6109233099121592,0.2969351781645677,8103.075942630943,0.07211039156425715,9.279085746220844,,,,9.174162719372127
S2-moderate,0.5,89,c,8,6,1,6,6,-2.057560147095023,1.8657987028256477,0.5836350328368185,0.4549865301280594,9.43408549093905,2.4075029136898207,4.71546648743176,14.152704494446342,9.174162719372127
S2-moderate,0.5,90,a,8,6,1,6,6,-6.709367455435112,4.579587109018645,0.00012340980435097276,0.9070981151483319,9.885888208672073,853.0227089335964,-1662.0078992959704,1681.7796757133144,9.174162719372127
S2-moderate,0.5,90,b,8,6,1,6,6,-5.972680451689707,2.8830000558122872,0.00012340980422258512,0.9123489133027318,8.968463882566654,2034.561374581736,-3978.698554633942,3996.635482399075,9.174162719372127
S2-moderate,0.5,90,c,8,6,1,6,6,-2.670746862843843,2.225920145863483,0.15527696485434397,0.5179480315122033,9.464613227294507,2.376373046187556,4.807007642935158,14.122218811653855,9.174162719372127
S2-moderate,0.5,91,a,7,6,1,6,6,-10.179931464685268,11.56866041489098,0.00012340980410261397,0.9388539202305455,13.294009651411049,42.273690645543674,-69.56090150744234,96.14892081026443,9.174162719372127
S2-moderate,0.5,91,b,7,6,1,6,6,-6.21348826152486,2.876664199283288,0.00012340980445554062,0.9427615568748037,8.95565447206656,2079.408106237437,-4066.6093429139487,4084.520651858082,9.174162719372127
S2-moderate,0.5,91,c,7,6,1,6,6,-3.2705910682173225,1.9900739131242529,0.04489921866933196,0.6094444506631229,9.025507129471487,4.014916771689787,1.156414856033681,16.894599402909293,9.174162719372127
S2-moderate,0.5,108,a,10,5,1,5,5,-10.090375858941105,11.99968409301069,0.0001234098042782367,0.9142630542674164,13.553482006620733,42.09896382254471,-68.95897087202158,96.06593488526306,9.174162719372127
S2-moderate,0.5,108,b,10,5,1,5,5,-5.470170183325591,6.145856826820429,0.011407725354924507,0.6575437650928952,11.796597761197875,4.591595456139461,2.797236035586769,20.795959486808982,9.174162719372127
S2-moderate,0.5,108,c,10,5,1,5,5,-2.1619847105018657,1.6056321946267897,0.23818917434519152,0.49406711034889794,8.842994498473391,2.6105813822216946,3.726349010608077,13.959639986338706,9.174162719372127
S2-moderate,0.5,109,a,9,5,1,5,5,-8.003462958949772,11.228593118207286,0.005740910430040766,0.6753686916272953,15.257236683055988,32.5027050972362,-48.446894707653406,78.96136807376539,9.174162719372127
S2-moderate,0.5,109,b,9,5,1,5,5,-8.57129440371304,10.355124370510843,0.000544701755938585,0.8031891285961426,13.5342837066795,8.585542862560763,-3.2930710916645154,30.361638505023514,9.174162719372127
S2-moderate,0.5,109,c,9,5,1,5,5,-1.4152806329474772,2.036731530951676,2.1970170480258124,0.3643828537355561,10.020991559892588,3.6499826353585476,2.8671570503932413,17.174826069391933,9.174162719372127
S2-moderate,0.5,110,a,11,4,1,4,4,-1.0920426199323154,0.6248885388917418,0.9677446943129735,0.4158932042754133,7.830164485578136,50.20657480845997,-90.57291392611937,106.23324289727564,9.174162719372127
S2-moderate,0.5,110,b,11,4,1,4,4,1.1217735780419962,0.4058971933848162,626.4968879348374,0.13298584891544904,8.505454982559929,36.40331991760165,-62.84374097362891,79.85465093874876,9.174162719372127
S2-moderate,0.5,110,c,11,4,1,4,4,-1.4293001699774752,2.09707929848181,2.3968564556898015,0.3698150595940266,9.921738902380712,3.5489115229883317,2.96600013300439,16.877477671757035,9.174162719372127
S2-moderate,0.5,111,a,11,4,1,4,4,-1.5788434652932386,1.7859348152709944,0.6062238226297721,0.40629895169529484,9.289086717409974,42.144643186440945,-73.31289606930567,91.89106950412561,9.174162719372127
S2-moderate,0.5,111,b,11,4,1,4,4,-8.289140068776852,11.999993785048638,0.003721605211495468,0.6741925677923298,15.70776172651047,6.032013933603925,3.8852316624029957,27.530291790617945,9.174162719372127
S2-moderate,0.5,111,c,11,4,1,4,4,-0.8607645900687615,1.4336874012119807,3.169673471641341,0.3334535480745138,9.198091311311096,3.654926338477103,2.0345673217491234,16.36161530087307,9.174162719372127
S2-moderate,0.5,112,a,12,4,1,4,4,-4.4964236115858105,4.231003127602607,0.021007670368265664,0.6473841757079585,10.454128269305757,121.316208340129,-227.3212708183048,248.22952735691632,9.174162719372127
S2-moderate,0.5,112,b,12,4,1,4,4,-7.464487729778746,5.987017959133768,0.00012340980473244246,0.9361484446294428,10.410920451717343,1193.19463248275,-2328.207585760979,2349.029426664413,9.174162719372127
S2-moderate,0.5,112,c,12,4,1,4,4,-3.613330983523034,2.1216191678751324,0.017557875091664423,0.6590803931674024,8.85093554646437,10.061134552232957,-10.86852581952375,28.57039691245249,9.174162719372127
S2-moderate,0.5,113,a,12,4,1,4,4,-2.075321304816577,7.5923739774076076,3161.9493481143863,0.11717454527843106,37.35454474695112,502.2418024652241,-947.0212996153683,1021.7303891092705,9.174162719372127
S2-moderate,0.5,113,b,12,4,1,4,4,1.2469862168793182,0.23440272097690223,2389.4295248694666,0.1253645896108995,8.190109512596731,21.67130677357561,-34.284871261530384,50.66509028672384,9.174162719372127
S2-moderate,0.5,113,c,12,4,1,4,4,-3.195309505646158,1.8461896652113112,0.061896842521595434,0.6144022741043152,8.839804684560631,3.1839835527956155,2.599311593713339,15.080297775407924,9.174162719372127
S2-moderate,0.5,114,a,10,5,1,5,5,-3.470660146441103,11.117645326331774,5933.346922161026,0.08691663588560714,66.42090521798411,392.77731818981897,-703.4084923782901,836.2503028142584,9.174162719372127
S2-moderate,0.5,114,b,10,5,1,5,5,-2.9718625626527175,2.438769747116834,0.1335479222515824,0.5479170327859293,9.522733017786411,5.032522090930384,-0.3408290318393483,19.38629506741217,9.174162719372127
S2-moderate,0.5,114,c,10,5,1,5,5,-1.9731254468475137,1.7157886642342852,0.7606506353650927,0.46060419009334996,9.142606234463543,2.598899686105921,4.048856450263487,14.2363560186636,9.174162719372127
S2-moderate,0.5,115,a,11,4,1,4,4,-8.446704227787894,7.503825698069992,0.00012340980447239294,0.964148952661993,11.140872319099905,271.2196489357521,-520.4398714945714,542.7216161327713,9.174162719372127
S2-moderate,0.5,115,b,11,4,1,4,4,-6.574393245516492,3.4489140475635165,0.0001234098044650791,0.9633434220621246,9.161914098850184,2625.093493402956,-5135.926789021377,5154.250617219078,9.174162719372127
S2-moderate,0.5,115,c,11,4,1,4,4,-3.155559831388821,1.6343715210124907,0.05486837638784546,0.6212909440419986,8.66652508666576,4.223866670258232,0.3878985374605062,16.945151635871014,9.174162719372127
S2-moderate,0.5,104,a,11,4,1,4,4,-4.081622885591662,6.656948342518211,1.6071970906104247,0.44066557317953153,14.475403418430838,59.133030659360884,-101.42320697061929,130.37401380748096,9.174162719372127
S2-moderate,0.5,104,b,11,4,1,4,4,0.37800769596941475,0.38846768989990244,133.85693524512223,0.23152099515490573,8.091983042276157,18.92884986621226,-29.007880964265695,45.191847048818005,9.174162719372127
S2-moderate,0.5,104,c,11,4,1,4,4,-3.9515744113751996,2.4689615081614744,0.019238896581237057,0.6777787239015316,9.144573830545731,5.848565754498192,-2.318404409485053,20.607552070576517,9.174162719372127
S2-moderate,0.5,105,a,9,5,1,5,5,-6.036135572766006,2.8552428618197667,0.00012340980429303557,0.9302515192298265,8.87021538532524,,,,9.174162719372127
S2-moderate,0.5,105,b,9,5,1,5,5,1.0062168959939384,0.5726237648405053,805.7459378280224,0.1364927944963031,9.211619885578973,26.13642092041704,-42.01482380321764,60.43806357437559,9.174162719372127
S2-moderate,0.5,105,c,9,5,1,5,5,-1.4450422650799841,1.743806256381692,2.4376326471288885,0.38954418207092495,9.463489393160637,3.309981281973335,2.976045290991183,15.95093349533009,9.174162719372127
S2-moderate,0.5,106,a,8,6,1,6,6,-2.816322400208677,10.03544972024251,8103.083869833634,0.06544050980212669,78.21818886611183,688.244870859582,-1270.7169705630893,1427.153348295313,9.174162719372127
S2-moderate,0.5,106,b,8,6,1,6,6,1.7094141235773128,0.19386788002319402,8099.110911299114,0.06567479018711651,8.653067521632583,,,,9.174162719372127
S2-moderate,0.5,106,c,8,6,1,6,6,-1.9590175506485799,2.0564810903267605,0.6633406837565002,0.432680400125107,9.687194090739183,2.308846884682377,5.16193735094422,14.212450830534145,9.174162719372127
S2-moderate,0.5,107,a,13,3,1,3,3,-2.2310533098992504,8.749215762573366,8103.083797148282,0.06681960604498491,67.84168722035184,479.6713060551574,-872.2967970650461,1007.9801715057499,9.174162719372127
S2-moderate,0.5,107,b,13,3,1,3,3,1.7063773171411645,0.18751935923758922,8103.02915043018,0.06698910463778932,8.529844468676016,132.8145180902171,-251.78182761219296,268.84151654954496,9.174162719372127
S2-moderate,0.5,107,c,13,3,1,3,3,-0.8589433132435483,1.3163573462729699,5.105365792648423,0.3351565065072106,9.206351449919973,3.672830807293044,2.0077353463164354,16.404967553523512,9.174162719372127
S2-moderate,0.5,120,a,11,4,1,4,4,-2.058089449591251,-0.7934655854100854,0.03431601078031916,0.6250991267119194,6.530501650976681,69.55508427171948,-129.79495846324187,142.85596176519522,9.174162719372127
S2-moderate,0.5,120,b,11,4,1,4,4,-1.7605599008232544,1.354156438829855,0.8464577968213257,0.4549527743364937,8.764474351026985,4.242854800340289,0.448631750727138,17.080316951326832,9.174162719372127
S2-moderate,0.5,120,c,11,4,1,4,4,-2.345848400494476,2.003477574936641,0.4059738283605834,0.4928498464668811,9.308172891158195,2.5898760528818667,4.232109103086984,14.384236679229407,9.174162719372127
S2-moderate,0.5,121,a,8,6,1,6,6,-8.17333636018587,6.964626442447562,0.00012340980450695207,0.9605904633717909,10.894998063217772,229.2470723159197,-438.4210072372341,460.21100336366965,9.174162719372127
S2-moderate,0.5,121,b,8,6,1,6,6,-5.563456034376884,1.2582484749324974,0.00012340980511119036,0.9624167666073817,8.027950316181094,5025.250143026305,-9841.28134332013,9857.337243952494,9.174162719372127
S2-moderate,0.5,121,c,8,6,1,6,6,-3.096820573985106,2.895354088893555,0.2107732473643362,0.5345338511505127,10.02652187667371,2.060946656165956,5.987140656530182,14.065903096817237,9.174162719372127
S2-moderate,0.5,122,a,9,5,1,5,5,-4.427940623878344,-0.8409454673919795,0.00012340980414043796,0.9435663727045616,6.675051133144152,16590.822788465903,-32510.740088146416,32524.090190412706,9.174162719372127
S2-moderate,0.5,122,b,9,5,1,5,5,-10.108844371528843,11.999999792539382,0.0002140521650650854,0.9136395851648152,13.58336677959535,12.658847038077917,-11.227517500838905,38.3942510600296,9.174162719372127
S2-moderate,0.5,122,c,9,5,1,5,5,-2.605800890735275,1.5659971541835709,0.12406294922164704,0.5559033029225804,8.67677605837267,3.4856374247271584,1.8450522427424962,15.508499874002844,9.174162719372127
S2-moderate,0.5,123,a,9,5,1,5,5,-4.941184773023545,0.8662808020078705,0.00012340980471434632,0.8993897525834254,7.765051707909324,9637.86256637377,-18882.098466331456,18897.628569747274,9.174162719372127
S2-moderate,0.5,123,b,9,5,1,5,5,1.6938770004282957,0.3035443512765753,8034.758203585619,0.06136108881762837,9.519244454162566,,,,9.174162719372127
S2-moderate,0.5,123,c,9,5,1,5,5,-2.1673833021189406,2.1678910760043433,0.4371675326740989,0.455782748744382,9.65331912953086,2.5628839585578636,4.630158874202004,14.676479384859718,9.174162719372127
S2-moderate,0.5,124,a,9,5,1,5,5,-3.247802760967866,0.6742938859156924,0.0074907537896620946,0.6888598882114939,7.793573558625999,101.29475114050813,-190.74049049971748,206.3276376169695,9.174162719372127
S2-moderate,0.5,124,b,9,5,1,5,5,-2.555688668813834,2.22758703201871,0.23438679087091904,0.5037933688569245,9.51440663255512,4.429569060943105,0.8326108060737276,18.196202459036513,9.174162719372127
S2-moderate,0.5,124,c,9,5,1,5,5,-0.4506255002187103,1.1835572065793103,16.407785118321865,0.2899057893719188,9.277039498787254,5.563002641695179,-1.626245324836475,20.180324322410982,9.174162719372127
S2-moderate,0.5,125,a,10,5,1,5,5,-2.9807011213654606,9.967208377028541,3791.28906012623,0.09196450874652004,57.44555387698298,441.9588013215768,-808.7777793638007,923.6688871177668,9.174162719372127
S2-moderate,0.5,125,b,10,5,1,5,5,1.4887072590499404,0.303266537610955,4167.11719594261,0.0887304341330206,8.858953953624567,65.69331081306909,-119.89756926518655,137.61547717243567,9.174162719372127
S2-moderate,0.5,125,c,10,5,1,5,5,-1.8594439520653436,1.4940031322079217,0.6029177238157177,0.45829945318135173,8.904127970755063,2.6504885887617586,3.709265795347622,14.098990146162503,9.174162719372127
S2-moderate,0.5,126,a,13,3,1,3,3,-6.08718200403181,2.7800761016877313,0.0001234098042618603,0.9501394494309209,8.742836901779999,1680.5495297331552,-3285.073715610929,3302.5593894144886,9.174162719372127
S2-moderate,0.5,126,b,13,3,1,3,3,-5.9044161466610685,2.361588679380349,0.00012340980553666233,0.9512742959122522,8.52282691216522,2401.7703578986566,-4698.8605737050775,4715.906227529408,9.174162719372127
S2-moderate,0.5,126,c,13,3,1,3,3,-1.9355963597433525,1.3249056739954383,0.4758484203773656,0.48463591452270754,8.57016418473977,3.105606296769973,2.483287692909813,14.657040676569729,9.174162719372127
S2-moderate,0.5,127,a,10,5,1,5,5,-6.257541172366281,3.3360546237964823,0.00012340980437016086,0.9344955420610435,9.085378341979396,1755.1924297321743,-3431.028569870432,3449.1993265543906,9.174162719372127
S2-moderate,0.5,127,b,10,5,1,5,5,-6.689525328900784,6.1642647143069444,0.0009341014914831994,0.8187417048082762,10.962696744434163,52.51926730247039,-91.97317566283988,113.89856915170822,9.174162719372127
S2-moderate,0.5,127,c,10,5,1,5,5,-3.5374182299592802,2.7964292556276344,0.04378056494702566,0.6069242861210127,9.529477149471028,3.5833750427705886,2.506191122540998,16.552763176401058,9.174162719372127
S2-moderate,0.5,116,a,14,3,1,3,3,-8.172751268670769,7.36689834461936,0.0001234098042760855,0.9467809850581099,11.053285067177384,263.0054161312304,-504.4278582890039,526.5344284233587,9.174162719372127
S2-moderate,0.5,116,b,14,3,1,3,3,-5.690399030519082,1.9524061556795957,0.0001234098042164202,0.947748968478485,8.303698610829287,3042.366165896394,-5954.624414329314,5971.231811550972,9.174162719372127
S2-moderate,0.5,116,c,14,3,1,3,3,-1.7264591883226983,2.05401342671436,1.7429293533508958,0.4113267035809349,9.662482323283463,3.577953278557364,2.6498227589440226,16.675141887622903,9.174162719372127
S2-moderate,0.5,117,a,8,6,1,6,6,-2.0884536102472326,1.7439462284464837,0.6341372204804617,0.47211557181231467,9.1672587354463,39.90998781021708,-69.05487999601176,87.38939746690436,9.174162719372127
S2-moderate,0.5,117,b,8,6,1,6,6,-0.8245131003552149,0.9615136118884563,6.879207633047295,0.35315683922196867,8.662907049771965,8.186453389047992,-7.382246753877967,24.708060853421898,9.174162719372127
S2-moderate,0.5,117,c,8,6,1,6,6,-4.808912069561609,3.969803316505018,0.010154048916270498,0.6964666678219764,10.16372287610344,5.024243024421832,0.31638749866005433,20.011058253546828,9.174162719372127
S2-moderate,0.5,118,a,7,6,1,6,6,-2.7151496131970028,9.214426544453246,2119.416935374118,0.1013616322822173,49.49754539268187,,,,9.174162719372127
S2-moderate,0.5,118,b,7,6,1,6,6,1.0707160647419403,0.6503529618439448,1101.1252150737653,0.12143410568628474,9.850941386387108,,,,9.174162719372127
S2-moderate,0.5,118,c,7,6,1,6,6,-1.6048511317936804,1.5194756159160683,0.9586627287834157,0.41871621932593767,9.133389026906864,2.6836864509298306,3.8734602372862765,14.39331781652745,9.174162719372127
S2-moderate,0.5,119,a,7,6,1,6,6,-4.4029177003948625,0.655535199722385,0.0005830801489300196,0.8383685572257126,7.753643640958702,920.5261345745739,-1796.4444269530773,1811.9517142349946,9.174162719372127
S2-moderate,0.5,119,b,7,6,1,6,6,1.5325756756631765,0.31415926755193224,5703.5867425482165,0.08161954244954135,9.129729657983752,42.56184420385467,-74.28995209717624,92.54941141314376,9.174162719372127
S2-moderate,0.5,119,c,7,6,1,6,6,-1.2768995387450723,1.6085479185481852,3.7619222761821765,0.3708038227744553,9.49617523695286,3.431326570385808,2.770898739801334,16.221451734104384,9.174162719372127
S2-moderate,0.5,132,a,9,5,1,5,5,-2.78056994483397,0.32511611459842116,0.018889958949792517,0.6509182484524407,7.528724561397796,58.086655329792016,-106.31902786738614,121.37647699018173,9.174162719372127
S2-moderate,0.5,132,b,9,5,1,5,5,-3.61518310055885,2.4107800077024963,0.0255172316223294,0.634423641139106,9.220189025187823,10.250441874864563,-10.870307875167947,29.310685925543595,9.174162719372127
S2-moderate,0.5,132,c,9,5,1,5,5,-0.8391637352441215,1.1213422963526898,6.443458034703532,0.34675548306801734,8.861521113205875,4.081956373219822,0.8610336352312835,16.862008591180466,9.174162719372127
S2-moderate,0.5,133,a,9,5,1,5,5,-3.18385082607732,10.613519783111254,5155.671647543176,0.07923282752550831,69.24152879032506,941.0993961524848,-1775.279393540938,1913.762451121588,9.174162719372127
S2-moderate,0.5,133,b,9,5,1,5,5,1.693710432230711,0.18021435219976423,7814.19746604934,0.06896410707486213,8.46726294458138,,,,9.174162719372127
S2-moderate,0.5,133,c,9,5,1,5,5,-1.0926175154081759,1.9338929177179762,6.80370684533476,0.32769632651247077,10.201846320127189,4.12058150837257,2.125654968355219,18.278037671899156,9.174162719372127
S2-moderate,0.5,134,a,12,4,1,4,4,-5.78898088708708,2.662522413758505,0.00012340981972116705,0.917152610565686,8.700791177657756,2490.051600120686,-4871.710664705219,4889.112247060535,9.174162719372127
S2-moderate,0.5,134,b,12,4,1,4,4,-4.647153400794208,4.3159801789120165,0.010958287510420219,0.6626933249160403,10.431097371613799,12.934886870535347,-14.92081503873549,35.78300978196309,9.174162719372127
S2-moderate,0.5,134,c,12,4,1,4,4,-2.522279232399005,2.4931017729016416,0.2576769279878843,0.49125373960625957,9.69109338286631,2.7965711561780084,4.209914636553875,15.172272129178744,9.174162719372127
S2-moderate,0.5,135,a,13,3,1,3,3,-7.419209470603483,5.527072255775343,0.00012340980670019034,0.9616166196022964,10.087097323802995,497.11453941013434,-964.2394961112776,984.4136907588837,9.174162719372127
S2-moderate,0.5,135,b,13,3,1,3,3,-0.18312004902651768,1.675388488500702,115.68044814402148,0.22956518683364907,10.691219654190467,,,,9.174162719372127
S2-moderate,0.5,135,c,13,3,1,3,3,0.546331292872407,0.9042602440603226,405.061408723693,0.17957194096421,9.586588917708106,13.773041464306036,-17.408076309908534,36.58125414532475,9.174162719372127
S2-moderate,0.5,128,a,10,5,1,5,5,-3.969216563044219,-1.9069111717307177,0.00012340980412773635,0.9441550288622745,5.926675085361101,16214.930281211231,-31774.75268791658,31786.606038087302,9.174162719372127
S2-moderate,0.5,128,b,10,5,1,5,5,-8.239001375881827,7.353402172462275,0.00012340980475449183,0.9454532382649208,11.139578164112157,347.29050611532284,-669.537305994608,691.8164623228324,9.174162719372127
S2-moderate,0.5,128,c,10,5,1,5,5,-1.3247167567253304,1.008101969128826,1.7509045094491849,0.41804779173576284,8.482029551356359,3.2459953902824545,2.1199954924197115,14.844063610293006,9.174162719372127
S2-moderate,0.5,129,a,10,5,1,5,5,-5.235828982178383,1.0779862611889128,0.0001234098045781174,0.9351119281043463,7.854197086695097,4745.446509680866,-9293.050052449107,9308.758446622498,9.174162719372127
S2-moderate,0.5,129,b,10,5,1,5,5,1.3952646566784601,0.28709311506854207,2371.1743482790157,0.10253611747644173,8.521212141217267,,,,9.174162719372127
S2-moderate,0.5,129,c,10,5,1,5,5,-3.093330807139346,2.647341161114505,0.09490895987236868,0.5525693650781366,9.657189582195798,2.8415453219957802,4.087863090645798,15.226516073745799,9.174162719372127
S2-moderate,0.5,130,a,8,6,1,6,6,-2.5201256218077965,1.0484637950976474,0.05152714827188841,0.5648078258106256,8.284596851591756,32.180820381289486,-54.78865208868817,71.35784579187168,9.174162719372127
S2-moderate,0.5,130,b,8,6,1,6,6,-2.6885358627714466,2.8983416520333023,0.28652174978183254,0.47600220982539276,10.377385007282653,4.821292412253605,0.927825520329348,19.82694449423596,9.174162719372127
S2-moderate,0.5,130,c,8,6,1,6,6,-1.759567333352314,2.50088556595201,2.054226009367102,0.3798812743449552,10.56511524275681,3.2945151540549764,4.107984194287629,17.022246291225994,9.174162719372127
S2-moderate,0.5,131,a,11,4,1,4,4,-5.376966031272298,11.681015324590936,16.943307004510352,0.3078170701338296,24.946946834859194,58.81767889804974,-90.33358545955984,140.22747912927824,9.174162719372127
S2-moderate,0.5,131,b,11,4,1,4,4,-0.054644781296088296,0.1266378167131113,17.368688816941003,0.30688033271822124,7.381352247764504,,,,9.174162719372127
S2-moderate,0.5,131,c,11,4,1,4,4,-2.7572018152576128,1.4033349870416876,0.07374553621796483,0.5883004150882251,8.439743627700505,4.019815764192552,0.5610495053967481,16.31843775000426,9.174162719372127
S2-moderate,0.5,136,a,12,4,1,4,4,-1.5593151095887154,-0.38274813975756167,0.15172030638884934,0.537941063212916,6.773143211347438,45.96879933292027,-83.32404789372515,96.87033431642004,9.174162719372127
S2-moderate,0.5,136,b,12,4,1,4,4,1.1345677090385027,0.3637455746247945,1007.4652026988244,0.13310112880770628,8.477117155451955,,,,9.174162719372127
S2-moderate,0.5,136,c,12,4,1,4,4,-2.2882325195985023,1.98120869208819,0.3539552223181831,0.48976821087409256,9.23238489151675,2.6708454342621755,3.9976240320896457,14.467145750943853,9.174162719372127
S2-moderate,0.5,137,a,8,6,1,6,6,-3.482769917305724,10.425398216928404,1721.7562594480667,0.12997336687097313,44.509541404131504,229.05675656524136,-404.43345187930015,493.4525346875631,9.174162719372127
S2-moderate,0.5,137,b,8,6,1,6,6,0.6482241668212192,0.4068780041032215,305.60106697504415,0.1927287034132848,8.353900873858695,27.713639989278068,-45.963835385635335,62.67163713335272,9.174162719372127
S2-moderate,0.5,137,c,8,6,1,6,6,-2.152900033577979,1.2159972833333224,0.3549146954676939,0.5111903903426203,8.561381140763755,2.262587158117699,4.126791798970233,12.995970482557277,9.174162719372127
S2-moderate,0.5,138,a,12,4,1,4,4,-9.997865302476551,11.523182362280282,0.00012340980638575957,0.9375827199320161,13.117552596680486,52.65227627269471,-90.07901260185398,116.31411779521494,9.174162719372127
S2-moderate,0.5,138,b,12,4,1,4,4,-7.776574889823342,8.331977021809136,0.0007109776842067698,0.8365464294441349,12.040915572933299,18.738750411239707,-24.686360348381655,48.768191494248256,9.174162719372127
S2-moderate,0.5,138,c,12,4,1,4,4,-1.0291016352756739,0.9617912597831015,2.4330928486355474,0.3866312586378872,8.377187389692448,4.125422957919446,0.2915069711756342,16.46286780820926,9.174162719372127
S2-moderate,0.5,139,a,12,4,1,4,4,-3.8179904863199496,10.86317505928995,1480.9780836300529,0.14854303628313315,41.20249828237882,,,,9.174162719372127
S2-moderate,0.5,139,b,12,4,1,4,4,1.031411553610464,0.0700538040003415,936.3234593801716,0.16371944193557328,7.537440906303491,19.574833035395983,-30.828526846457503,45.90340865906448,9.174162719372127
S2-moderate,0.5,139,c,12,4,1,4,4,-4.606454433733445,3.2384214629611963,0.010764178904149655,0.7154927118391864,9.601818179081251,7.27433419970634,-4.655614863851172,23.859251222013675,9.174162719372127
S2-moderate,0.5,140,a,7,6,1,6,6,-8.808625152483774,8.691953337942154,0.00012340981052140094,0.921154648088563,12.05634545267519,175.38414244807038,-331.69025720498524,355.80294811033565,9.174162719372127
S2-moderate,0.5,140,b,7,6,1,6,6,0.7580414336478046,0.6343373537322842,474.263428205985,0.16215596048175598,9.280156239266471,34.603965786333184,-58.542370424202815,77.10268290273576,9.174162719372127
S2-moderate,0.5,140,c,7,6,1,6,6,-2.773722986411844,2.4412093947179363,0.2277149401954313,0.5128574490134313,9.794721243339442,2.0209897043189624,5.833654209748023,13.755788276930861,9.174162719372127
S2-moderate,0.5,141,a,11,4,1,4,4,-4.591722341182658,-0.28401710412088277,0.00012340980454045368,0.9337058652066013,6.9900358580963795,20037.06074619417,-39264.927382723734,39278.907454439934,9.174162719372127
S2-moderate,0.5,141,b,11,4,1,4,4,-6.292967859764682,7.152820866530886,0.0068211263639900285,0.7049543842262003,12.180190673171454,3.4166006580379755,5.483776433861173,18.876604912481735,9.174162719372127
S2-moderate,0.5,141,c,11,4,1,4,4,-3.441607413706657,2.2392558240317335,0.030169932222984207,0.62675578263363,9.04581557256712,5.458953793789081,-1.6535372565277715,19.745168401662013,9.174162719372127
S2-moderate,0.5,142,a,9,5,1,5,5,-4.574805436630022,1.0906853851625713,0.00043913028413230387,0.839029128797495,7.959633556806042,2050.0261487869925,-4010.017785431049,4025.9370525446616,9.174162719372127
S2-moderate,0.5,142,b,9,5,1,5,5,-4.617988554213181,3.447452810475487,0.005107730660067988,0.7018730748888503,9.78039809857517,33.79154532085793,-56.44981371225935,76.01060990940968,9.174162719372127
S2-moderate,0.5,142,c,9,5,1,5,5,-2.366236004047341,2.1735927146902183,0.28714413293713914,0.48197004824661505,9.539744667089538,2.6402112119110432,4.365025780165045,14.714463554014031,9.174162719372127
S2-moderate,0.5,143,a,12,4,1,4,4,-1.4432557901897165,6.799189973954734,5170.299510494535,0.08218840813361514,45.560073028730535,395.9207482557174,-730.4303342846249,821.5504803420861,9.174162719372127
S2-moderate,0.5,143,b,12,4,1,4,4,1.5635916013766038,0.1039638340848077,3524.7760243824623,0.09178393916259482,7.696270679685213,,,,9.174162719372127
S2-moderate,0.5,143,c,12,4,1,4,4,-1.9034963414069277,1.420970355776282,0.42041235583139025,0.4711539629914911,8.72953930132716,2.6179136191149457,3.598522893224957,13.860555709429363,9.174162719372127
S2-moderate,0.5,144,a,13,3,1,3,3,-2.1011004991793794,1.9418263810437493,0.30458458254892784,0.47324648282869664,9.115531304585682,78.27555094456943,-144.3017294168006,162.532792025972,9.174162719372127
S2-moderate,0.5,144,b,13,3,1,3,3,-2.159851582414894,2.386641057226946,0.44487602698958795,0.4535653634329484,9.684093208828655,4.5285542134449654,0.8082900484394102,18.5598963692179,9.174162719372127
S2-moderate,0.5,144,c,13,3,1,3,3,-0.7057227831823473,1.2030522638750114,4.58649817156684,0.3296759940147172,8.841735802620368,4.324018037285975,0.36681618103828484,17.31665542420245,9.174162719372127
S2-moderate,0.5,145,a,9,5,1,5,5,-1.8739726067459352,4.2010758658558185,13.162300762104898,0.2951493208184073,14.092561246487529,49.44631516089669,-82.82043563708682,111.00555813006189,9.174162719372127
S2-moderate,0.5,145,b,9,5,1,5,5,1.564735576532731,0.3178273973979172,4930.30443505418,0.07769954728261243,9.141028979162435,91.14484283763403,-169.4995803591638,187.78163831748864,9.174162719372127
S2-moderate,0.5,145,c,9,5,1,5,5,-1.88705659165518,1.878822399931178,0.6699373565749287,0.4373669516871088,9.407749299514695,2.882850709255902,3.7574657365673767,15.058032862462014,9.174162719372127
S2-moderate,0.5,146,a,10,5,1,5,5,-3.952031096759553,11.73782981615955,1706.5177000916644,0.11268358210627827,55.5043384529852,,,,9.174162719372127
S2-moderate,0.5,146,b,10,5,1,5,5,1.5729824364095162,0.3316311066168255,6368.532671962962,0.0759211982410354,9.287536082597502,120.70730509874151,-227.29443458182388,245.8695067470189,9.174162719372127
S2-moderate,0.5,146,c,10,5,1,5,5,-1.0555791836064623,1.4560774903943057,4.112388662807727,0.35359321433247637,9.300616102173109,4.163087870868721,1.1411138107948808,17.460118393551337,9.174162719372127
S2-moderate,0.5,147,a,8,6,1,6,6,-3.678703265042903,1.2908164623850302,0.0033043751118367877,0.7060909518497537,8.219152303461117,272.1101345043586,-525.1069111534316,541.5452157603538,9.174162719372127
S2-moderate,0.5,147,b,8,6,1,6,6,0.9680668683116895,0.6425113695748523,509.0976294403394,0.13603209817523718,9.46271859342717,340.94408188331596,-658.7754026399472,677.7008398268016,9.174162719372127
S2-moderate,0.5,147,c,8,6,1,6,6,-0.7539186767393162,1.5167156181691652,6.99464678980067,0.30859400244990687,9.671024547726295,4.617300851841302,0.6212811723312317,18.720767923121358,9.174162719372127
S2-moderate,0.5,160,a,15,2,1,2,2,-8.055569319296527,7.273371061809668,0.00012340980413917284,0.9444310825729674,10.955355356066054,255.04454024653958,-488.92275798072785,510.8334686928599,9.174162719372127
S2-moderate,0.5,160,b,15,2,1,2,2,-6.16730087771827,3.1616303636948846,0.0001234098042009913,0.9448066415936189,8.88373200333098,1905.0534375854309,-3724.9523942883375,3742.719858294999,9.174162719372127
S2-moderate,0.5,160,c,15,2,1,2,2,-2.175348525455478,1.9619228927281298,0.419112951886446,0.4810493296156094,9.160921778374746,3.562063469386245,2.1794056677319125,16.14243788901758,9.174162719372127
S2-moderate,0.5,161,a,13,3,1,3,3,-1.3516229514088702,-1.9972953573916334,0.02345081234251199,0.6072036441964996,4.911025751860561,98.85503400194965,-188.8412805824432,198.66333208616433,9.174162719372127
S2-moderate,0.5,161,b,13,3,1,3,3,-0.4515877103631474,0.7112163987703478,6.111954161500076,0.3219165664787883,8.231519585966096,8.188097321392883,-7.8168562658728415,24.27989543780503,9.174162719372127
S2-moderate,0.5,161,c,13,3,1,3,3,-0.4153524597649521,1.1927875372116508,13.049487460277684,0.2875052351006765,9.196004782711498,5.667099799485113,-1.911306721073485,20.303316286496482,9.174162719372127
S2-moderate,0.5,162,a,12,4,1,4,4,-3.9685254898004096,5.528964745716719,0.20041231684679897,0.4975926771616874,12.568513327624194,34.45228062497062,-54.95671588258532,80.0937425378337,9.174162719372127
S2-moderate,0.5,162,b,12,4,1,4,4,1.7016168753456977,0.3041966178988986,8103.083210831091,0.06133563534754306,9.39559755595894,,,,9.174162719372127
S2-moderate,0.5,162,c,12,4,1,4,4,-2.183698323705244,1.771938074721536,0.25540173960302287,0.48956907938453353,8.979325023372844,2.510955892846154,4.057941906625768,13.90070814011992,9.174162719372127
S2-moderate,0.5,163,a,10,5,1,5,5,-3.0812280565435537,0.827864043087559,0.01188558527948921,0.6569330145888712,7.935946909008369,52.01494035990927,-94.01146285441267,109.8833566724294,9.174162719372127
S2-moderate,0.5,163,b,10,5,1,5,5,-8.95916761204127,11.999999998256632,0.001965693039254463,0.7540308160922664,14.933842757760855,,,,9.174162719372127
S2-moderate,0.5,163,c,10,5,1,5,5,-0.5144305812079555,0.7927190878190804,7.026049281169865,0.322510472730123,8.451332589484414,4.68217831908053,-0.7255682851077143,17.628233464076544,9.174162719372127
S2-moderate,0.5,148,a,8,6,1,6,6,-1.4651042615962893,-0.051155415296016776,0.16994164181714244,0.4958896558161817,7.140765560463464,62.07501240801663,-114.52402309912611,128.80555422005304,9.174162719372127
S2-moderate,0.5,148,b,8,6,1,6,6,1.533597020064569,0.47158551114701197,4894.343505461069,0.07213621663750396,10.288040009932248,53.03709151628486,-93.66274920674093,114.23882922660542,9.174162719372127
S2-moderate,0.5,148,c,8,6,1,6,6,-1.4192073918039216,1.7852023815698357,1.6810671695573247,0.38044583104184687,9.58401533468489,3.618902931645002,2.4910959251142692,16.67693474425551,9.174162719372127
S2-moderate,0.5,149,a,11,4,1,4,4,-4.585914474494879,-0.7422521560802479,0.00012340980572112664,0.9538417919901462,6.834164832269049,9609.28336692399,-18827.01515157854,18840.683481243075,9.174162719372127
S2-moderate,0.5,149,b,11,4,1,4,4,-5.559593346484041,3.1988450385774962,0.0008565964907864264,0.8430101901762084,9.263079036446408,247.3427886273888,-475.5198785089389,494.04603658183174,9.174162719372127
S2-moderate,0.5,149,c,11,4,1,4,4,-1.4539377773038313,1.0914101202848627,1.691095201232031,0.4290802119843919,8.585166225281728,3.0104187799800983,2.6848538381377267,14.48547861242573,9.174162719372127
S2-moderate,0.5,150,a,8,6,1,6,6,-2.1495545539307424,2.8327873659196605,1.2809693465835799,0.4114857445668876,10.718268575012582,35.491532418153334,-58.843856720703734,80.2803938707289,9.174162719372127
S2-moderate,0.5,150,b,8,6,1,6,6,1.6324219292152082,0.3148943191227451,8103.0541968839025,0.06842527228043976,9.457470312779618,92.4971450844003,-171.8336027254211,190.7485433509803,9.174162719372127
S2-moderate,0.5,150,c,8,6,1,6,6,-2.071544320746896,1.9263108634426827,0.5741938723832191,0.45526217908888544,9.459955037883432,2.3531756639008687,4.847815487341599,14.072094588425266,9.174162719372127
S2-moderate,0.5,151,a,16,2,1,2,2,0.8110340378726493,1.9141202316030936,8103.0838344796,0.08217420223039092,18.027804102538372,128.68987294178964,-234.19971203840495,270.2553202434817,9.174162719372127
S2-moderate,0.5,151,b,16,2,1,2,2,1.5502236463825732,0.22468637024609162,6682.453866728166,0.08723641247161898,8.356594800133665,,,,9.174162719372127
S2-moderate,0.5,151,c,16,2,1,2,2,-1.829316081806553,0.9460207974104895,0.4044128339761048,0.49762224465414556,8.097807206494005,3.0586428120622786,2.1029774532796264,14.092636959708384,9.174162719372127
S2-moderate,0.5,156,a,11,4,1,4,4,-1.0352598317214905,6.061079469298846,8101.962561557877,0.07236085364185361,46.10567472145608,711.818206276843,-1349.032373121059,1441.2437225639712,9.174162719372127
S2-moderate,0.5,156,b,11,4,1,4,4,1.6150785680165063,0.27541633946896893,7627.337187624697,0.07379540448567112,9.000209789332612,112.3359240316122,-211.17415548265484,229.17457506132007,9.174162719372127
S2-moderate,0.5,156,c,11,4,1,4,4,-0.11054674936321916,0.9600458877793169,36.58051174361465,0.2587068840635833,9.095806387963586,5.815270573215094,-2.301914495893593,20.493527271820767,9.174162719372127
S2-moderate,0.5,157,a,7,6,1,6,6,-5.579437043335931,1.9358026666080566,0.00012340980443801202,0.9156377469491522,8.45796058860487,3050.3273665283314,-5970.073818863833,5986.989740041043,9.174162719372127
S2-moderate,0.5,157,b,7,6,1,6,6,1.2821931526912769,0.4676065040049846,1912.751095816027,0.10521955180479066,9.380316890610613,51.833637676467994,-92.21174614296507,110.9723799241863,9.174162719372127
S2-moderate,0.5,157,c,7,6,1,6,6,-1.7810154622002186,1.6808076444088869,0.8954674588554274,0.4347177305993588,9.227753160237715,2.78359129814492,3.772014468194576,14.683491852280852,9.174162719372127
S2-moderate,0.5,158,a,7,6,1,6,6,-7.678342776202305,6.704477778996179,0.00012340980452805547,0.903466268997548,11.028687362733203,494.20414175107305,-957.5936314798977,979.6510062053641,9.174162719372127
S2-moderate,0.5,158,b,7,6,1,6,6,-3.367704610019253,3.2001640104851377,0.0744007410992542,0.5495512557585515,10.224857493327066,4.283480435788148,1.829390110700361,18.62032487595377,9.174162719372127
S2-moderate,0.5,158,c,7,6,1,6,6,-1.0426790829949515,1.3293611533714758,3.3893015717823367,0.35705562614242553,9.151754716087195,3.3209507752016627,2.642810802261563,15.660698629912828,9.174162719372127
S2-moderate,0.5,159,a,13,3,1,3,3,-5.970503443171749,2.1716842533725957,0.00012340980494415362,0.9701115372858073,8.432008735206534,,,,9.174162719372127
S2-moderate,0.5,159,b,13,3,1,3,3,-6.48766417243759,3.277122424212668,0.00012340981969108286,0.9711585143570436,8.994133535690535,1776.3093715168125,-3472.50826003824,3490.4965271096216,9.174162719372127
S2-moderate,0.5,159,c,13,3,1,3,3,-3.711314847049159,2.304859774758895,0.027109694940126425,0.6595751336568314,9.026629517062554,5.390626362912423,-1.5388040083579373,19.592063042483048,9.174162719372127
S2-moderate,0.5,168,a,13,3,1,3,3,0.7274709826118847,2.046096190885745,3933.8541484762586,0.08514899682363619,18.341262942740006,148.04093081710155,-271.8136296965648,308.4961555820448,9.174162719372127
S2-moderate,0.5,168,b,13,3,1,3,3,0.8654417655790847,0.4091135065438811,298.5143866844224,0.16789147207115457,8.228040573046712,,,,9.174162719372127
S2-moderate,0.5,168,c,13,3,1,3,3,-1.266437967857156,1.259992458565153,1.5292072271048194,0.40184880481002727,8.651744817202667,3.3172779909772525,2.149999428179866,15.153490206225468,9.174162719372127
S2-moderate,0.5,169,a,12,4,1,4,4,-1.460893264983604,4.15238727418625,32.77978453290103,0.24600122966486712,15.231853477669883,51.70437948599253,-86.10686815786707,116.57057511320684,9.174162719372127
S2-moderate,0.5,169,b,12,4,1,4,4,1.4619456340878525,0.27214025501829786,2089.7020596960347,0.09492080028321753,8.453297691261929,35.26433200697593,-60.663522981273964,77.57011836379782,9.174162719372127
S2-moderate,0.5,169,c,12,4,1,4,4,-0.9619746451012885,1.180633095035454,2.9049595810790136,0.3612051658329579,8.786497373229272,3.6144824570644616,1.7022419346310853,15.870752811827458,9.174162719372127
S2-moderate,0.5,170,a,8,6,1,6,6,-2.2863097471407903,4.472790460467158,8.81495739635297,0.33302048700335796,13.737957173822371,43.06156718981495,-70.6611636360666,98.13707798371134,9.174162719372127
S2-moderate,0.5,170,b,8,6,1,6,6,-1.433794355508688,1.0082774840997368,1.208685331795301,0.430681335565922,8.471524799120454,6.4656177393827825,-4.2008531078730815,21.14390270611399,9.174162719372127
S2-moderate,0.5,170,c,8,6,1,6,6,-2.084458265090576,1.6315340434602594,0.44971923898911165,0.47825113602507646,9.015973006669407,2.6480284131232237,3.8259326869091375,14.206013326429677,9.174162719372127
S2-moderate,0.5,171,a,10,5,1,5,5,-4.444479644422506,-0.1263213110002357,0.00012340980510832275,0.9032592438042824,6.998960747637156,10551.90864065888,-20674.361943100765,20688.35986459604,9.174162719372127
S2-moderate,0.5,171,b,10,5,1,5,5,-9.372504421446838,10.596163650169412,0.00012340980517166743,0.9026681585974463,12.93054092806455,48.2525896759988,-81.64279699768234,107.50387885381143,9.174162719372127
S2-moderate,0.5,171,c,10,5,1,5,5,-0.9356775740783845,1.4948157738704095,3.9526795448373844,0.33830540784119584,9.335686717900543,4.300244122140804,0.9073631137745064,17.76401032202658,9.174162719372127
S2-moderate,0.5,172,a,13,3,1,3,3,-3.896659201668344,-1.7086621073857264,0.00013693768001337176,0.9243192977143413,5.960745018701229,15653.239159200131,-30673.824248405595,30685.745738442994,9.174162719372127
S2-moderate,0.5,172,b,13,3,1,3,3,-3.860306296059669,1.8600420094066399,0.0070199763260752205,0.7019295884244553,8.634858282258932,37.799308810793924,-65.4504256274047,82.72014219192256,9.174162719372127
S2-moderate,0.5,172,c,13,3,1,3,3,-1.0933078768708948,1.284129453821889,3.7409211791255315,0.3707186019627188,8.970935034072381,3.8633582210345354,1.3988920614679587,16.542978006676805,9.174162719372127
S2-moderate,0.5,173,a,8,6,1,6,6,-3.3219494047451654,11.069046297769894,8102.772681178666,0.06971912347671569,80.67186976892803,,,,9.174162719372127
S2-moderate,0.5,173,b,8,6,1,6,6,-3.60992632521988,3.6298671271906047,0.07213277262390251,0.5556240999251775,10.567741461179695,4.021077410786545,2.686574556990494,18.448908365368897,9.174162719372127
S2-moderate,0.5,173,c,8,6,1,6,6,-0.8162556613855354,1.8471420832129408,14.331094679226958,0.2976493230032327,10.319254215300804,5.189286101950202,0.14844035000415978,20.490068080597446,9.174162719372127
S2-moderate,0.5,174,a,10,5,1,5,5,-4.209890283367015,-1.482609317609275,0.00012340980423188004,0.9547158572118857,6.26073684729343,14789.710723129809,-28981.03962225297,28993.561095947556,9.174162719372127
S2-moderate,0.5,174,b,10,5,1,5,5,-9.438187630905531,9.86520411939041,0.0001234098043411769,0.9558082918023555,12.280567220114023,90.71151731768312,-165.5107397055263,190.07187414575435,9.174162719372127
S2-moderate,0.5,174,c,10,5,1,5,5,-2.0918396234956744,1.6617356839077178,0.5834595011022288,0.4819570103956467,8.981992297794406,2.5662445744992577,3.9522453562545454,14.011739239334267,9.174162719372127
S2-moderate,0.5,175,a,10,5,1,5,5,-6.659473119789716,6.470688232300276,0.0009128724443429075,0.7904636667909178,11.3159725429421,74.34776736555136,-134.40297382450095,157.03491891038513,9.174162719372127
S2-moderate,0.5,175,b,10,5,1,5,5,-1.0348050072617225,1.4341493935120417,3.3792228753711053,0.35319736242626626,9.227367930782341,6.055851668486601,-2.6418832351681907,21.096619096732873,9.174162719372127
S2-moderate,0.5,175,c,10,5,1,5,5,-0.6517866498994751,1.3107438746516538,7.657639471726218,0.30990339742803646,9.287001293015708,4.625263617577432,0.22165118356049973,18.352351402470916,9.174162719372127
S2-moderate,0.5,164,a,9,5,1,5,5,-1.7601138889400387,5.504620204274903,336.5065330028537,0.20187467782640328,20.106031167465886,107.81782964718876,-191.21303183229895,231.42509416723072,9.174162719372127
S2-moderate,0.5,164,b,9,5,1,5,5,0.9394736101054928,0.40688097648255417,1118.8600706039194,0.15497326482183718,8.595760715340694,32.808685051018244,-55.708080364772734,72.89960179545412,9.174162719372127
S2-moderate,0.5,164,c,9,5,1,5,5,-2.6900865049546914,1.5908313019272673,0.17112350298209533,0.5621850329944614,8.76257489033544,2.6917270305185697,3.4868868543060962,14.038262926364784,9.174162719372127
S2-moderate,0.5,165,a,15,2,1,2,2,-5.23902425307412,0.6115357096477765,0.00012340980418273643,0.9736885427041616,7.546936066462734,10525.96326400298,-20622.96196397105,20638.055836103973,9.174162719372127
S2-moderate,0.5,165,b,15,2,1,2,2,-4.937451000960801,-0.04890544223933331,0.00012340980434068872,0.9738820105479211,7.166275897329644,7874.423663020429,-15426.420502632678,15440.753054427336,9.174162719372127
S2-moderate,0.5,165,c,15,2,1,2,2,-4.95006882277803,3.812984248447689,0.0069235057812621886,0.7365990790248945,9.799303992949012,10.629855506769962,-11.034829961184878,30.633437947082903,9.174162719372127
S2-moderate,0.5,166,a,11,4,1,4,4,-3.441548989781893,2.67841356459327,0.0646221862614424,0.5940586518001912,9.583398731258487,45.29845992507339,-79.19995127701631,98.36674873953328,9.174162719372127
S2-moderate,0.5,166,b,11,4,1,4,4,-0.306487824286972,0.3454395667596075,13.45451677508765,0.3225186159755901,7.837611309571677,7.378962068179896,-6.624888587348111,22.300111206491465,9.174162719372127
S2-moderate,0.5,166,c,11,4,1,4,4,-3.2662643147321586,2.738878986339284,0.10979455726971823,0.5668224423356281,9.742373157204158,2.1589120293617423,5.510983333864863,13.973762980543452,9.174162719372127
S2-moderate,0.5,167,a,9,5,1,5,5,-0.7873787023939278,4.974860726523083,2489.0557115052507,0.10536179603191033,29.292092925276464,148.13449737252944,-261.0461867928245,319.6303726433774,9.174162719372127
S2-moderate,0.5,167,b,9,5,1,5,5,1.3846322438450809,0.36968944532014714,3198.953080026778,0.09828676253483803,9.048424708794489,39.913088033511244,-69.17979034866416,87.27663976625313,9.174162719372127
S2-moderate,0.5,167,c,9,5,1,5,5,-1.9813539428489548,1.7245913892853904,0.6831981075622587,0.45878456955506713,9.190256810409185,2.2094860083079793,4.859743809780379,13.52076981103799,9.174162719372127
S2-moderate,0.5,176,a,11,4,1,4,4,-3.488140838902267,11.451636620596926,8103.083857038691,0.06872664726064515,84.2553593188047,494.9669866058814,-885.8621079650421,1054.3728266026515,9.174162719372127
S2-moderate,0.5,176,b,11,4,1,4,4,1.6434930660770584,0.2908043397924181,8094.813752841861,0.06909098708212316,9.202221761200926,,,,9.174162719372127
S2-moderate,0.5,176,c,11,4,1,4,4,-0.4541229516231998,0.869488013739127,9.103843177433397,0.30961822542546996,8.628185183839971,4.318481192010556,0.16411757958567996,17.092252788094264,9.174162719372127
S2-moderate,0.5,177,a,14,3,1,3,3,2.4332835705530647,-1.7018492376901417,8103.083827758193,0.08683294111635297,-2.095971507702349,20.131502187687275,-41.552990750258715,37.36104773485401,9.174162719372127
S2-moderate,0.5,177,b,14,3,1,3,3,1.6502779091607964,-0.005341394182040507,7994.054853220955,0.08716208998594792,7.2129951985890415,30.64512082125106,-52.850337912941555,67.27632831011964,9.174162719372127
S2-moderate,0.5,177,c,14,3,1,3,3,-1.4554917919543087,1.1385445498375764,1.6801038547069023,0.4296995100329895,8.576120292633535,3.0461406742199193,2.6057942793199347,14.546446305947136,9.174162719372127
S2-moderate,0.5,178,a,10,5,1,5,5,-4.095700201401028,-1.131931558435967,0.00012340980438746364,0.9227240511457294,6.285801616631603,15052.194585214062,-29495.473473691745,29508.04507692501,9.174162719372127
S2-moderate,0.5,178,b,10,5,1,5,5,-5.231059081322067,1.2894840528276577,0.00012340980624712012,0.925164048612861,7.932495323889374,4096.119807428941,-8020.3148035979775,8036.179794245756,9.174162719372127
S2-moderate,0.5,178,c,10,5,1,5,5,-2.307283712548901,1.4794916738933936,0.16379707405162958,0.5210571979186922,8.655950022076777,2.8266547375420306,3.1158085397648776,14.196091504388676,9.174162719372127
S2-moderate,0.5,179,a,11,4,1,4,4,-3.862259213894041,-1.1884049466194742,0.0001234098041105732,0.9024194934327884,6.00125721753343,12271.850326049891,-24046.383405506374,24058.38591994144,9.174162719372127
S2-moderate,0.5,179,b,11,4,1,4,4,-8.174926402995254,8.17391944665507,0.0001234098041671841,0.9031446421381961,11.589768837838395,151.16998926719913,-284.6979656691784,307.8775033448552,9.174162719372127
S2-moderate,0.5,179,c,11,4,1,4,4,-1.5907765419533038,2.332279964492182,1.400608003135563,0.37901469046499453,10.08826010259574,4.0898276930809265,2.0723451211825896,18.10417508400889,9.174162719372127
S2-moderate,0.5,180,a,10,5,1,5,5,0.7723925169209218,2.366465497287505,7708.701595362169,0.05846666221440029,26.001137505966824,318.0897710524613,-597.4433576074487,649.4456326193824,9.174162719372127
S2-moderate,0.5,180,b,10,5,1,5,5,0.7360122763756141,0.7107315237569245,203.6105653366668,0.1643834906738918,9.169360111219184,,,,9.174162719372127
S2-moderate,0.5,180,c,10,5,1,5,5,-1.0078668389431948,1.7472232292356997,3.423614198163492,0.332683524577211,9.710519325542636,4.655112952383753,0.5866655949045612,18.83437305618071,9.174162719372127
S2-moderate,0.5,181,a,10,5,1,5,5,-5.357657220462486,1.4409047499721286,0.00018343310972164972,0.9219804193857755,8.155668058085102,2495.696292480679,-4883.319181554187,4899.630517670357,9.174162719372127
S2-moderate,0.5,181,b,10,5,1,5,5,-1.1899210962747637,1.3710595798598817,4.195743746638183,0.3768003655476588,9.109123230732187,6.80336410282276,-4.225225384513079,22.443471845977456,9.174162719372127
S2-moderate,0.5,181,c,10,5,1,5,5,-3.374351242701926,2.091182314686349,0.0361349304711663,0.6206942589927902,9.028526614143473,4.966407596544284,-0.7054534076294559,18.762506635916402,9.174162719372127
S2-moderate,0.5,182,a,9,5,1,5,5,-6.360943195889787,4.661271686996771,0.00022852284065291533,0.8574400962139764,10.049931859028215,672.7045700655026,-1308.4267977048582,1328.5266614229147,9.174162719372127
S2-moderate,0.5,182,b,9,5,1,5,5,-5.706791760479618,4.79270966513921,0.0012421477622066646,0.7632369858529889,10.443892831376992,88.62721948160106,-163.26226540248774,184.1500510652417,9.174162719372127
S2-moderate,0.5,182,c,9,5,1,5,5,-1.1006726034200651,1.4581817427800716,2.4297350513349887,0.35952189598398687,9.225584600532168,3.865631418111365,1.649086243527397,16.80208295753694,9.174162719372127
S2-moderate,0.5,183,a,12,4,1,4,4,-3.8275449610674874,-1.8850992349258093,0.00012340980414314752,0.9373058463782192,5.7139328385422,18462.218595761813,-36179.56958956026,36190.99745523735,9.174162719372127
S2-moderate,0.5,183,b,12,4,1,4,4,-5.4309162006152985,1.5765765623369974,0.00012340980416074735,0.9385589811041964,8.069731964991343,4953.646511819733,-9700.899023344153,9717.038487274136,9.174162719372127
S2-moderate,0.5,183,c,12,4,1,4,4,-1.0003126776301179,1.040249884719474,2.6553629190443453,0.37687510672788455,8.521302933952452,3.7376959049699767,1.1955535750484527,15.84705229285645,9.174162719372127
S2-moderate,0.5,152,a,10,5,1,5,5,-5.521554696634183,0.8033151591964537,0.0001234098047801877,0.9835894589973161,7.806468811347562,4181.464140806348,-8187.712649814816,8203.325587437512,9.174162719372127
S2-moderate,0.5,152,b,10,5,1,5,5,-0.36081401490392706,0.8490445970229252,39.406020842949154,0.2996654890229638,8.737737816589206,11.673079153663386,-14.141076913276326,31.616552546454738,9.174162719372127
S2-moderate,0.5,152,c,10,5,1,5,5,-4.990873659974762,2.312180380523663,0.002090801192764451,0.8215164905526272,8.804694934921523,54.37634258576392,-97.77097814418735,115.38036801403041,9.174162719372127
S2-moderate,0.5,153,a,7,6,1,6,6,-3.713201177201263,0.3752839304429251,0.0016137443240450335,0.7660438305346962,7.5325398630788065,541.8179209602367,-1054.4110713973548,1069.4761511235126,9.174162719372127
S2-moderate,0.5,153,b,7,6,1,6,6,1.5826098875742771,0.4566042740074878,8102.989552772983,0.06664030612167396,10.475058612508306,,,,9.174162719372127
S2-moderate,0.5,153,c,7,6,1,6,6,-1.512153388713445,1.7471412322350586,1.9142761662665175,0.39477135525183027,9.499630990044476,2.905442424700991,3.805068478475806,15.194193501613146,9.174162719372127
S2-moderate,0.5,154,a,4,8,1,8,8,-2.3841535360374166,8.207699001852344,5342.573725334465,0.11798205812370136,39.71983270744643,141.2831244169178,-237.19000277300398,316.6296681878968,9.174162719372127
S2-moderate,0.5,154,b,4,8,1,8,8,1.0280240543471413,0.4361196035304513,2789.3489343472675,0.13902334011554301,9.013668752091169,23.305663105785143,-36.66459157107161,54.69192907525395,9.174162719372127
S2-moderate,0.5,154,c,4,8,1,8,8,-3.4950380122560976,1.9229868447107978,0.0510013086484721,0.6360716973806526,9.029124941920228,3.025865898994944,3.0985367578422256,14.959713125998231,9.174162719372127
S2-moderate,0.5,155,a,9,5,1,5,5,-2.3880502350540205,8.724753120172657,4795.40810773596,0.08949082914850988,52.40870026315308,272.6128930232094,-481.9027517836078,586.7201523099139,9.174162719372127
S2-moderate,0.5,155,b,9,5,1,5,5,1.4827533617487232,0.2815820016431323,4464.901815203766,0.09115240186254744,8.700987314642498,45.77601013887373,-81.01834391349037,98.42031854277538,9.174162719372127
S2-moderate,0.5,155,c,9,5,1,5,5,-1.621598154872673,1.4538532761669547,0.9060093742836657,0.42876551976285143,8.95614061602123,3.050876683242898,2.976532195592135,14.935749036450325,9.174162719372127
S2-moderate,0.5,184,a,11,4,1,4,4,-1.0950801732468236,3.640518571609503,38.972690237424246,0.22960907785566897,14.703034763626514,58.237450048727766,-99.44026988333032,128.84633941058334,9.174162719372127
S2-moderate,0.5,184,b,11,4,1,4,4,1.589439526666447,0.1796013468666382,2544.750652997046,0.08395841366894682,8.025105523796837,72.04782512404432,-133.1860368837701,149.23624793136378,9.174162719372127
S2-moderate,0.5,184,c,11,4,1,4,4,-0.7660546564762598,1.8363120083403992,8.273959215152662,0.29568243703507346,10.15670665079369,5.407322408106947,-0.44145052189232104,20.754863823479702,9.174162719372127
S2-moderate,0.5,185,a,13,3,1,3,3,1.659215259669765,-1.1969665260828555,567.4732631484244,0.1597457418855898,3.4679905321173594,53.53966370157599,-101.46782206735801,108.40380313159272,9.174162719372127
S2-moderate,0.5,185,b,13,3,1,3,3,0.7121960701287982,0.4370061885124702,283.74284207686077,0.1859067314499825,8.290990808144011,19.429705517181542,-29.790532235750995,46.37251385203901,9.174162719372127
S2-moderate,0.5,185,c,13,3,1,3,3,-1.86865070760031,1.9462647451946973,1.1717038487469758,0.437723308295643,9.397404939712917,2.73703076311928,4.032923219420948,14.761886660004887,9.174162719372127
S2-moderate,0.5,186,a,8,6,1,6,6,-8.60529143558369,8.33461997529977,0.00012340980541505496,0.9290360168575126,11.733878460496697,169.6820582629062,-320.8368445574265,344.30460147841995,9.174162719372127
S2-moderate,0.5,186,b,8,6,1,6,6,-3.2285962246776245,3.3688510109808654,0.18805033487685527,0.5226516148766125,10.512094829440043,5.007437775824656,0.6976971339983642,20.326492524881722,9.174162719372127
S2-moderate,0.5,186,c,8,6,1,6,6,-1.2474895131970969,1.3966571544672464,3.3387819662275,0.3820484188855536,9.125497086757504,2.9865948718367497,3.2718787015454556,14.979115471969552,9.174162719372127
S2-moderate,0.5,187,a,11,4,1,4,4,-1.623044957106962,3.398063172772265,6.808220151743311,0.31327629016681974,12.433075111697335,62.87812348445801,-110.80578233330253,135.6719325566972,9.174162719372127
S2-moderate,0.5,187,b,11,4,1,4,4,1.7123280315506193,0.3051857029894435,8083.579955727113,0.05949786527609379,9.50081007852985,,,,9.174162719372127
S2-moderate,0.5,187,c,11,4,1,4,4,-1.2544750416525305,1.6478074460590904,2.0109236744656314,0.3710734002206482,9.366259384351977,3.8039645735703185,1.910625821687888,16.821892947016067,9.174162719372127
S2-moderate,0.5,188,a,7,6,1,6,6,-6.4586478811523405,3.8637256520899825,0.0001234098079392087,0.9160846730984122,9.501391280480854,1702.1576067814794,-3326.66621402211,3345.6689965830715,9.174162719372127
S2-moderate,0.5,188,b,7,6,1,6,6,1.6757239078249753,0.21400058360454666,7319.808061655284,0.06894645685966398,8.724954119653061,51.110194733390514,-91.44918680062109,108.89909503992722,9.174162719372127
S2-moderate,0.5,188,c,7,6,1,6,6,-2.2421691371933603,1.8497005594028564,0.3328644514219165,0.4835174168982881,9.24507344271862,2.4944848712474608,4.355972935093564,14.134173950343676,9.174162719372127
S2-moderate,0.5,189,a,12,4,1,4,4,-2.1844941789022934,8.312146130894678,8067.80759323075,0.08777075568704207,51.116929472381514,,,,9.174162719372127
S2-moderate,0.5,189,b,12,4,1,4,4,1.358073322795562,0.26490940879775005,3748.223485653751,0.10873754451689328,8.449440211227659,53.692924318057315,-96.78675767679952,113.68563809925483,9.174162719372127
S2-moderate,0.5,189,c,12,4,1,4,4,-3.133344944147545,1.688712889112531,0.05356789221441111,0.6171533656225077,8.68447780161014,4.114517871726238,0.6201709592803191,16.74878464393996,9.174162719372127
S2-moderate,0.5,190,a,8,6,1,6,6,-4.203408064460108,3.8449471371763244,0.024171240785029306,0.6233496886409757,10.374658329193938,33.22360587300287,-54.7424126184451,75.49172927683297,9.174162719372127
S2-moderate,0.5,190,b,8,6,1,6,6,-0.5207514402838692,1.0467699049103658,11.620880521306818,0.3078920496593227,8.940557018940547,9.450843647383829,-9.582756153450921,27.463870191332013,9.174162719372127
S2-moderate,0.5,190,c,8,6,1,6,6,-0.3520568248311756,1.1077639142773432,21.192211958421993,0.2815259857928691,9.20960494701098,4.950170772404917,-0.4925514842254781,18.91176137824744,9.174162719372127
S2-moderate,0.5,191,a,10,5,1,5,5,1.8493507163444183,-0.007821513205086407,8103.083867772749,0.059963846144831356,7.081294798184587,71.02991530693025,-132.134781028329,146.29737062469817,9.174162719372127
S2-moderate,0.5,191,b,10,5,1,5,5,1.7357214901962883,0.2541901192414211,8103.083885637088,0.05886693531355808,9.195723231002289,79.8798072626761,-147.3658220958439,165.75726855784848,9.174162719372127
S2-moderate,0.5,191,c,10,5,1,5,5,-0.8042507092026943,1.4091366294496024,4.97722084273604,0.3210752835831718,9.42328033566387,3.9094949611163816,1.7608110141349433,17.085749657192796,9.174162719372127
S2-moderate,0.75,4,a,12,6,1,6,6,-1.1847080952942717,6.070443991407339,3361.20270813117,0.09218220073860614,37.80724819048653,303.0511713353465,-556.1621330994698,631.7766294804429,9.174162719372127
S2-moderate,0.75,4,b,12,6,1,6,6,1.6577794983418643,0.24815057632196758,7740.976341650183,0.07029491796123638,8.829012836817554,108.17179858588874,-203.18381653444513,220.84184220808024,9.174162719372127
S2-moderate,0.75,4,c,12,6,1,6,6,-2.5622631756962972,2.3470656695035927,0.24272379930455895,0.5020018243711125,9.564533101137028,2.3512506268546973,4.9561665538745965,14.172899648399461,9.174162719372127
S2-moderate,0.75,5,a,8,9,1,9,9,-7.260671327056139,6.082630086272932,0.0001234098042949726,0.8929060077262606,10.681554936628421,490.7564406067739,-951.1833938337185,972.5465037069754,9.174162719372127
S2-moderate,0.75,5,b,8,9,1,9,9,-7.874442487194809,8.814213121533188,0.0005668546052457747,0.807882311339028,12.58915245370115,22.91845163563844,-32.33018733357329,57.508492240975585,9.174162719372127
S2-moderate,0.75,5,c,8,9,1,9,9,-1.3167587317495353,1.6600341860544359,1.6971967759874975,0.37762648898854645,9.363744916301544,3.284409366681781,2.9264208471192443,15.801068985483843,9.174162719372127
S2-moderate,0.75,6,a,10,7,1,7,7,-2.5719850972077776,1.046228140379015,0.05550544629578139,0.5774431184330718,8.214267761678753,42.9213431839002,-75.91001904684937,92.33855457020688,9.174162719372127
S2-moderate,0.75,6,b,10,7,1,7,7,1.2938611333961823,0.3909763013178451,1754.787472388698,0.10869160598089044,8.956025681972534,,,,9.174162719372127
S2-moderate,0.75,6,c,10,7,1,7,7,-1.188393144042819,1.3729614467382756,3.2131183686834985,0.375154029704296,9.12185650311691,3.1480581302989807,2.9517759464924067,15.29193705974141,9.174162719372127
S2-moderate,0.75,7,a,13,5,1,5,5,-2.2720621183072547,5.608747581659525,19.520687200339072,0.2684297290313384,17.007022496020852,49.6892325399386,-80.38208370169451,114.39612869373622,9.174162719372127
S2-moderate,0.75,7,b,13,5,1,5,5,-8.927204146682996,11.99999999817019,0.0013748328963505436,0.7696419431483965,14.589041886796936,16.859823701730082,-18.4556053542888,47.63368912788267,9.174162719372127
S2-moderate,0.75,7,c,13,5,1,5,5,-1.7199835085668613,1.7000659227753907,0.6234514818120527,0.437344745901557,8.98762935519541,3.2280887592811527,2.660691648105762,15.314567062285057,9.174162719372127
S2-moderate,0.75,0,a,8,9,1,9,9,-2.6622946615204794,3.8534651322759776,1.4887843649496857,0.4164141557877768,11.86727421559668,32.21390872489089,-51.270826686450086,75.00537511764344,9.174162719372127
S2-moderate,0.75,0,b,8,9,1,9,9,1.4594609801183305,0.33694309541766976,4412.847717238303,0.08959155891278534,9.117709860821401,30.1018017028416,-49.8807373465146,68.1161570681574,9.174162719372127
S2-moderate,0.75,0,c,8,9,1,9,9,-1.8819478676672847,1.7555119107134902,0.9882706936178851,0.4407921738242232,9.35238721194796,2.7390319768551046,3.983983184808408,14.72079123908751,9.174162719372127
S2-moderate,0.75,1,a,14,4,1,4,4,0.04782490034629494,3.597708452881414,7013.978336509024,0.08034303070759485,28.000987152094428,230.33405006147632,-423.445455381645,479.4474296858338,9.174162719372127
S2-moderate,0.75,1,b,14,4,1,4,4,1.5136654763589428,0.1603539001874027,3792.916969427529,0.09574985015148665,7.9271543607509924,52.18420969491305,-94.35201720296452,110.2063259244665,9.174162719372127
S2-moderate,0.75,1,c,14,4,1,4,4,-0.7711427392956591,0.9737044719640026,6.517050427633478,0.35109751631716746,8.545561658002764,3.7419115061161663,1.211549872679048,15.879573443326482,9.174162719372127
S2-moderate,0.75,2,a,13,5,1,5,5,-5.299196859710473,6.07153033322415,0.01696753414040152,0.6390168652735851,11.871736475356954,38.36011385237704,-63.31270511815808,87.05617806887199,9.174162719372127
S2-moderate,0.75,2,b,13,5,1,5,5,-4.768354855332644,4.700394407256612,0.01339428205082818,0.6523160771127567,10.794148460551598,8.580728349367442,-6.023770065330416,27.61206698643361,9.174162719372127
S2-moderate,0.75,2,c,13,5,1,5,5,-1.4130675516973197,0.9014902620404852,0.8361539514888328,0.4389591176167231,8.219065350313265,2.720031928151016,2.887900734338234,13.550229966288295,9.174162719372127
S2-moderate,0.75,3,a,7,9,1,9,9,-5.254909528552544,0.6675572044755638,0.00012340980416666584,0.9524910601764687,7.734756814250207,5623.859522860139,-11014.827362104235,11030.296875732736,9.174162719372127
S2-moderate,0.75,3,b,7,9,1,9,9,-7.08175334661043,4.580831768944207,0.00012340980491610311,0.9560610365019937,9.78356479261529,2058.188445860184,-4024.191662489812,4043.758792075043,9.174162719372127
S2-moderate,0.75,3,c,7,9,1,9,9,-2.0817657338833433,1.846281235518493,0.5761033217033882,0.4632558337387285,9.320501234465603,3.380642826983258,2.694563048984744,15.946439419946461,9.174162719372127
S2-moderate,0.5,192,a,6,7,1,7,7,-8.992818276624796,9.119199930551387,0.00012340980442300225,0.927250538043027,12.176718594508905,,,,9.174162719372127
S2-moderate,0.5,192,b,6,7,1,7,7,-3.1794899319892536,3.3078818831752876,0.20878503352156538,0.5168927794315135,10.53443809253692,5.873092940769489,-0.9766125492277116,22.04548873430155,9.174162719372127
S2-moderate,0.5,192,c,6,7,1,7,7,-1.5624371390570588,1.2981260563029098,1.252803550755713,0.428675446933385,8.839184376363743,2.6272167606357604,3.6899341459376647,13.988434606789822,9.174162719372127
S2-moderate,0.5,193,a,11,4,1,4,4,0.3487150831775415,1.9969711571910889,1639.2486663672332,0.13618318470914204,14.243198775530628,,,,9.174162719372127
S2-moderate,0.5,193,b,11,4,1,4,4,1.209785975113642,0.03250894370361512,1343.7718709880533,0.1416079401546353,7.455338704563217,,,,9.174162719372127
S2-moderate,0.5,193,c,11,4,1,4,4,-3.8288182549324112,2.487768912333889,0.026181286035728737,0.6544858125449394,9.285108210881676,4.328985446033781,0.8004526470574032,17.76976377470595,9.174162719372127
S2-moderate,0.5,194,a,11,4,1,4,4,-4.705218430019107,6.811063322081852,0.1704992586793892,0.5132882831378366,13.635462853033022,31.867824634891516,-48.824325696992645,76.0952514030587,9.174162719372127
S2-moderate,0.5,194,b,11,4,1,4,4,-0.2190198970929591,1.324271607465037,34.840473888504874,0.253153920709988,9.742919393190897,20.21341942373852,-29.87465468173898,49.36049346812077,9.174162719372127
S2-moderate,0.5,194,c,11,4,1,4,4,-1.88294181714387,1.6238267106754942,0.5252364445114764,0.4561133742432925,8.990037803029413,2.7928013705052264,3.5162477008650654,14.46382790519376,9.174162719372127
S2-moderate,0.5,195,a,10,5,1,5,5,-7.828081419162787,6.464015824409154,0.00012340980419377063,0.9504727915092293,10.64326436429815,958.6417477155861,-1868.2600352347833,1889.5465639633796,9.174162719372127
S2-moderate,0.5,195,b,10,5,1,5,5,-7.25416578805902,5.181276228206693,0.00012340980448887805,0.9525237651976608,10.005998905995046,839.8787520773077,-1636.1261065459732,1656.1381043579634,9.174162719372127
S2-moderate,0.5,195,c,10,5,1,5,5,-1.5208908391755571,1.2030423990404113,1.3053713038645278,0.43364517142035713,8.638366424788263,3.1469888579025227,2.4703816035504804,14.806351246026045,9.174162719372127
S2-moderate,0.75,8,a,9,8,1,8,8,-3.6167711158886986,7.5948463418324295,7.7157935999528595,0.3180422618435856,18.59952835470721,53.91768191901851,-87.07718633645555,124.27624304586996,9.174162719372127
S2-moderate,0.75,8,b,9,8,1,8,8,-9.80197509200211,11.999999992090068,0.0002558334136130309,0.8645087625648136,14.000040828907863,9.390848501320711,-4.405684017952673,32.4057656757684,9.174162719372127
S2-moderate,0.75,8,c,9,8,1,8,8,-1.1821934041021798,1.8403540478703941,4.157000459465289,0.34629871243415633,9.886968966302938,4.333061858543483,1.3943237807735205,18.379614151832357,9.174162719372127
S2-moderate,0.75,9,a,11,6,1,6,6,-3.02616370271213,9.99682699021815,6399.067315492156,0.09649535595123182,55.220305974808525,358.5992421519967,-647.6212935264626,758.0619054760797,9.174162719372127
S2-moderate,0.75,9,b,11,6,1,6,6,0.9842854665464813,0.5054754063906439,1414.4183133176116,0.14351240680223604,8.985047753858979,20.053003276455907,-30.3181164498583,48.28821195757626,9.174162719372127
S2-moderate,0.75,9,c,11,6,1,6,6,-2.634628332206442,1.1722297236883135,0.10629257426113682,0.5821615747228238,8.327688695135041,3.3452422703848033,1.7711343256198253,14.884243064650256,9.174162719372127
S2-moderate,0.75,10,a,8,9,1,9,9,-3.581070127650179,-1.9439747010632313,0.00012340980415538437,0.8888843035393779,5.520507760867846,24618.46670884363,-48245.78759617096,48256.8286116927,9.174162719372127
S2-moderate,0.75,10,b,8,9,1,9,9,1.5819711195959392,0.3719515847168311,3699.5328824359617,0.07166128611474618,9.603560978373093,,,,9.174162719372127
S2-moderate,0.75,10,c,8,9,1,9,9,-0.7368675332602574,1.234443671987994,5.656489005026323,0.324975223111034,9.101990027542065,3.973987904285476,1.3131168601447252,16.890863194939406,9.174162719372127
S2-moderate,0.75,11,a,13,5,1,5,5,-10.428394110414716,11.978806455070304,0.00012340980418585067,0.9623767997140236,13.227563355089519,39.870159267761636,-64.91651286759914,91.37163957777817,9.174162719372127
S2-moderate,0.75,11,b,13,5,1,5,5,-6.251116913267209,2.8943810285077314,0.00012340980426885475,0.9625691033523284,8.813259305664094,2750.8187092228654,-5382.692338770112,5400.3188573814405,9.174162719372127
S2-moderate,0.75,11,c,13,5,1,5,5,-2.8670445717288775,1.6023279677782625,0.07534735864317393,0.5896113660329173,8.625506420413167,4.473161161634626,-0.14172835343405055,17.392741194260385,9.174162719372127
S2-moderate,0.5,196,a,9,5,1,5,5,-5.439522972932032,4.018198790320196,0.0016862074291742984,0.7744246661203155,9.941914496514512,86.81732388525171,-160.21691355272785,180.10074254575684,9.174162719372127
S2-moderate,0.5,196,b,9,5,1,5,5,-9.910810880268365,11.341010127223115,0.00012340980442410867,0.9195550859237601,13.27988441651315,17.94591656959346,-21.893465729450632,48.45323456247693,9.174162719372127
S2-moderate,0.5,196,c,9,5,1,5,5,-0.6064002375637326,1.2197282175512145,12.093115613395227,0.3086352769850414,9.219447486833971,4.398467560094675,0.5986094818806436,17.8402854917873,9.174162719372127
S2-moderate,0.5,197,a,10,5,1,5,5,-0.9084409508759776,5.684457559777642,5800.424319664909,0.07866856929003557,40.78987117831017,846.3822221407617,-1618.088801372562,1699.6685437291826,9.174162719372127
S2-moderate,0.5,197,b,10,5,1,5,5,1.6624914487641482,0.2042035208261047,7458.53792032592,0.07196250243808566,8.55102438276632,,,,9.174162719372127
S2-moderate,0.5,197,c,10,5,1,5,5,-0.6262800046152713,1.2065447878853244,10.120739018280528,0.31306261615660297,9.138042082805294,4.662701554414141,-0.0006850345053486251,18.276769200115936,9.174162719372127
S2-moderate,0.5,198,a,10,5,1,5,5,-4.960441807286,0.5036610554535914,0.00012340980412272936,0.9301976328715472,7.53387878878143,,,,9.174162719372127
S2-moderate,0.5,198,b,10,5,1,5,5,-7.944098839740668,6.960936326018742,0.00012340980509048044,0.9319083396419534,10.981490493225571,438.7999095265265,-849.0505285982006,871.0135095846517,9.174162719372127
S2-moderate,0.5,198,c,10,5,1,5,5,-2.0791624325755915,2.2551358751433823,0.8516886017997244,0.44142664181306746,9.80196280438283,2.720160158689323,4.470546861170999,15.133378747594662,9.174162719372127
S2-moderate,0.5,199,a,10,5,1,5,5,-3.7367554526891142,11.93174503007003,6416.189970816204,0.07256546047172673,83.22444224530207,,,,9.174162719372127
S2-moderate,0.5,199,b,10,5,1,5,5,1.2843787433128018,0.5241196823546412,2044.806960509674,0.10245050947028864,9.622527613957885,,,,9.174162719372127
S2-moderate,0.5,199,c,10,5,1,5,5,-0.622693380282439,1.2894747131861797,10.147825189021267,0.30710960872087145,9.30299584199124,4.438734613789583,0.603235862032351,18.00275582195013,9.174162719372127
S2-moderate,0.75,12,a,12,6,1,6,6,-3.766216660441362,11.998491836809364,7080.868507234807,0.07282333000252426,83.33442472410569,,,,9.174162719372127
S2-moderate,0.75,12,b,12,6,1,6,6,1.6770878126230142,0.17757992996835564,7186.912324306069,0.0720263889340315,8.329211421311616,73.5038536561932,-135.73569446972982,152.39411731235305,9.174162719372127
S2-moderate,0.75,12,c,12,6,1,6,6,-2.2469139246054928,2.1532498997125753,0.4185381639961725,0.47232076885201996,9.492028957121208,2.444504287233211,4.70088859409036,14.283169320152057,9.174162719372127
S2-moderate,0.75,13,a,10,7,1,7,7,2.094717120876992,-1.8497232051286105,581.3477938741081,0.13957059245959447,0.5118512261829284,30.469870042783338,-59.207996671288335,60.23169912365419,9.174162719372127
S2-moderate,0.75,13,b,10,7,1,7,7,1.7357181359372762,0.17852042341348306,8103.012631519586,0.06372411213500709,8.49485938838463,,,,9.174162719372127
S2-moderate,0.75,13,c,10,7,1,7,7,-1.995466878324972,1.7222242370612992,0.4232420059580143,0.4628593650994273,9.102957960150915,2.6468520459857237,3.915223277612742,14.290692642689088,9.174162719372127
S2-moderate,0.75,14,a,10,7,1,7,7,1.1586866842065353,1.2367127862181604,8103.083266041859,0.07574148852094109,14.913307655168648,201.83408289310248,-380.67422566798405,410.5008409783213,9.174162719372127
S2-moderate,0.75,14,b,10,7,1,7,7,1.5992540953616234,0.29376279749387724,8100.560391751999,0.0747317891844254,9.113200577105495,,,,9.174162719372127
S2-moderate,0.75,14,c,10,7,1,7,7,-0.3839167241974707,1.2450702840829315,26.869185087136394,0.277627941004422,9.48482056456955,5.395874150006716,-1.0908984345542923,20.06053956369339,9.174162719372127
S2-moderate,0.75,15,a,14,4,1,4,4,0.02117455284266545,-0.312020834829296,13.728339796332786,0.3253500594988032,6.668972434158704,119.15918813515287,-226.87874473777345,240.21668960609088,9.174162719372127
S2-moderate,0.75,15,b,14,4,1,4,4,0.0739969011732085,0.7835496572174907,69.9336402726377,0.25062719633507685,8.683858304466133,26.893155410104644,-44.02575772997747,61.39347433890974,9.174162719372127
S2-moderate,0.75,15,c,14,4,1,4,4,-2.423695773420798,1.7113958581069195,0.25820095019503264,0.5282912825461736,8.812634270229756,2.6405213849753704,3.637307455270207,13.987961085189305,9.174162719372127
S2-moderate,0.75,28,a,12,6,1,6,6,-5.351442510266639,1.3805581430534977,0.00012340980422524008,0.9364542492618576,7.988940270570338,4600.405049678791,-9008.63927139606,9024.6171519372,9.174162719372127
S2-moderate,0.75,28,b,12,6,1,6,6,-10.165934982127165,11.819363447136983,0.00012884788748384194,0.9382824233975813,13.287200856834518,13.304698968703285,-12.78952994697112,39.363931660640155,9.174162719372127
S2-moderate,0.75,28,c,12,6,1,6,6,-2.4872119621847126,1.9967058100613102,0.20438283883480066,0.5165851535867597,9.127796659425494,3.262864885613317,2.7326989972029896,15.522894321647998,9.174162719372127
S2-moderate,0.75,29,a,10,7,1,7,7,1.9253698636896033,-1.7720466956907623,917.8757916459326,0.15656656468433766,1.8236026258701847,15.791590305407118,-29.12734563133964,32.77455088308001,9.174162719372127
S2-moderate,0.75,29,b,10,7,1,7,7,-3.1868092751510244,1.6881646234622787,0.05216108850681212,0.6191967662277733,8.747009548026528,9.826543977728326,-10.512662740819954,28.006681836873007,9.174162719372127
S2-moderate,0.75,29,c,10,7,1,7,7,-2.9645970230932495,1.875933869891736,0.10626576241927732,0.5783505770300444,8.996390302345416,2.6753554229696928,3.752790027480896,14.239990577209937,9.174162719372127
S2-moderate,0.75,30,a,11,6,1,6,6,0.9171955625943884,1.2361681544098673,2108.777918359256,0.10804489763746158,12.61796933069997,56.579627633998555,-98.27606309062439,123.51200175202432,9.174162719372127
S2-moderate,0.75,30,b,11,6,1,6,6,-1.6860973121955878,1.6554922698838714,1.1025826732945152,0.4272571874684686,9.168257532544256,4.740338311500662,-0.12263483253245333,18.459149897620968,9.174162719372127
S2-moderate,0.75,30,c,11,6,1,6,6,-1.153396474150132,1.4699507989893719,3.6713321232402394,0.3673862650580131,9.225304629159668,3.3832213363566996,2.594312658173064,15.856296600146273,9.174162719372127
S2-moderate,0.75,31,a,13,5,1,5,5,-3.788233340816719,10.761877764546146,743.065927260321,0.15193396547171537,40.08637497753974,270.804874551914,-490.68142598209914,570.8541759371786,9.174162719372127
S2-moderate,0.75,31,b,13,5,1,5,5,1.1151150985409588,0.12682960741287153,772.2848854947135,0.15040964917539534,7.59922417851367,19.308413030035236,-30.244569958979294,45.443018316006636,9.174162719372127
S2-moderate,0.75,31,c,13,5,1,5,5,-3.2968623465088163,1.3304876802410823,0.017313522984898733,0.6652625931720141,8.245697023674827,15.890742903891631,-22.899586755538202,39.39098080288786,9.174162719372127
S2-moderate,0.75,16,a,14,4,1,4,4,-0.007063335112028939,3.9022427958917074,8103.083526892564,0.06832772164495095,33.73708368232247,420.8679884332378,-791.1490158926438,858.6231832572887,9.174162719372127
S2-moderate,0.75,16,b,14,4,1,4,4,1.5523386680695956,0.2961497929680632,4622.2996613862315,0.08151822781220511,8.85810848338463,10.17633711630879,-11.08714575911879,28.80336272588805,9.174162719372127
S2-moderate,0.75,16,c,14,4,1,4,4,-1.7172185959154778,1.7008307958925846,0.7929612566596373,0.4301412709844198,9.155377728711995,2.8884181613198527,3.49418216023368,14.81657329719031,9.174162719372127
S2-moderate,0.75,17,a,9,8,1,8,8,-3.994846153962103,2.704612521055568,0.013659243995047038,0.6660535760868224,9.35901215971949,42.71807222998983,-74.36687090004122,93.08489521948019,9.174162719372127
S2-moderate,0.75,17,b,9,8,1,8,8,-3.784396991710646,2.6024759477897597,0.02039943243791317,0.6445460149595568,9.343815882407725,22.265659564796284,-34.29607495662277,52.98370672143822,9.174162719372127
S2-moderate,0.75,17,c,9,8,1,8,8,-3.04870942381548,2.0161542752293995,0.0710487073200318,0.5836238732838331,9.045573435910054,3.346443497747795,2.486664704026131,15.604482167793977,9.174162719372127
S2-moderate,0.75,18,a,6,10,1,10,10,-7.380742203559096,5.25402605645218,0.00012340980446305395,0.9460145329516272,10.211888962623881,676.1843601716149,-1315.0851038830017,1335.5088818082493,9.174162719372127
S2-moderate,0.75,18,b,6,10,1,10,10,-7.567724811813884,5.715892460626511,0.00012340980411648008,0.942582537105753,10.451556448635083,539.7550171289533,-1047.4488375989135,1068.3519504961837,9.174162719372127
S2-moderate,0.75,18,c,6,10,1,10,10,-1.2829161905655977,1.592061821137067,2.4566340336872923,0.36910060409669143,9.51999495481639,4.645657396430926,0.4146737732996577,18.625316136333122,9.174162719372127
S2-moderate,0.75,19,a,13,5,1,5,5,-4.143380467922121,-1.4368301754651331,0.000123409804710848,0.9499641803500457,6.18428089030633,13587.895516964554,-26625.60155805348,26637.97011983409,9.174162719372127
S2-moderate,0.75,19,b,13,5,1,5,5,-5.879776555939618,2.3469315153790653,0.00012340980447910193,0.9495060234335201,8.510138459010042,2342.772976706332,-4583.240519839096,4600.260796757116,9.174162719372127
S2-moderate,0.75,19,c,13,5,1,5,5,-2.2758333223014464,1.7444866498325986,0.3283707069490325,0.50364094385087,8.946443031864362,2.5706975305752273,3.9079684567908624,13.984917606937863,9.174162719372127
S2-moderate,0.75,20,a,8,9,1,9,9,-4.605046993762764,11.66319575846611,144.0690644124807,0.201832656584322,34.222878123508316,,,,9.174162719372127
S2-moderate,0.75,20,b,8,9,1,9,9,-1.0024377436561256,1.7411921899693157,8.12916969518024,0.32768240790651615,9.92688652341193,11.74620656293985,-13.095255294918193,32.94902834174205,9.174162719372127
S2-moderate,0.75,20,c,8,9,1,9,9,-1.987818514980555,1.6429158832154667,0.6280404539625878,0.46554270609273873,9.065467336271027,2.4788833300899986,4.206945287417915,13.923989385124138,9.174162719372127
S2-moderate,0.75,21,a,11,6,1,6,6,-3.994188155894737,-1.3169158213531755,0.00012340980414944196,0.9204534935737074,6.123893795902797,18683.360192142733,-36612.5891929932,36624.83698058501,9.174162719372127
S2-moderate,0.75,21,b,11,6,1,6,6,-7.177039682977584,5.561563073001788,0.00012340980863979984,0.922869910811511,10.24170052160313,723.5829579512683,-1407.9548368898431,1428.4382379330495,9.174162719372127
S2-moderate,0.75,21,c,11,6,1,6,6,-1.4210456805288925,1.630078414262067,1.5666644294405248,0.3965285017817941,9.193464354347265,3.4945291396936518,2.344313097621968,16.042615611072563,9.174162719372127
S2-moderate,0.75,22,a,10,7,1,7,7,-5.6921721590623875,2.5531587334878507,0.0001909127206326003,0.9005613624283343,8.767739736324264,2254.540488017327,-4410.0504184649935,4427.585897937642,9.174162719372127
S2-moderate,0.75,22,b,10,7,1,7,7,-4.084904174093051,3.6135202440446217,0.02612457745186223,0.6235821038468659,10.175576168620834,9.245239245807062,-7.944759781617259,28.29591211885893,9.174162719372127
S2-moderate,0.75,22,c,10,7,1,7,7,-2.912143266918931,2.0298999353752505,0.07188050792005722,0.5654021372227304,9.077757423097848,3.8837583206867294,1.4657309898940971,16.6897838563016,9.174162719372127
S2-moderate,0.75,23,a,15,3,1,3,3,-3.36027464042309,10.994844654513855,6298.8527770406245,0.08114338738576246,69.78612301388931,755.142847229311,-1410.2666607385925,1549.8389067663709,9.174162719372127
S2-moderate,0.75,23,b,15,3,1,3,3,1.5113227016232278,0.202582816278401,3847.6585121105577,0.09349415640735746,8.146492914766005,,,,9.174162719372127
S2-moderate,0.75,23,c,15,3,1,3,3,-2.484841834779667,1.9460340016270452,0.19794844764818367,0.5215453114350278,9.033795627000103,2.8352454958637856,3.476816567777677,14.59077468622253,9.174162719372127
S2-moderate,0.75,24,a,10,7,1,7,7,-3.0865856644740486,9.767105817884442,1535.0772116491728,0.1184014108614571,45.51211387889984,,,,9.174162719372127
S2-moderate,0.75,24,b,10,7,1,7,7,1.5066725127942884,0.08887600030340087,2887.1698222856676,0.0998131508057003,7.633122251223576,22.16147380691035,-35.80256825464848,51.06881275709563,9.174162719372127
S2-moderate,0.75,24,c,10,7,1,7,7,-2.391571464756855,1.595644962901106,0.17855326235342472,0.5219092679226031,8.826137589394097,2.724638279111188,3.485944691436977,14.166330487351217,9.174162719372127
S2-moderate,0.75,25,a,11,6,1,6,6,-3.8076548213745447,10.531613358463769,912.0095295433348,0.16704028670727952,36.57765512400092,,,,9.174162719372127
S2-moderate,0.75,25,b,11,6,1,6,6,0.3413103290221041,0.17639318591866204,122.96149377725953,0.2482685987592095,7.692742921110993,11.39709618813161,-14.645155135965696,30.030640978187684,9.174162719372127
S2-moderate,0.75,25,c,11,6,1,6,6,-3.6566189240414344,2.3562854496700076,0.046729278006089316,0.6433055276118973,9.18817463167434,2.916564667711269,3.471812924378222,14.904536338970457,9.174162719372127
S2-moderate,0.75,26,a,12,6,1,6,6,-2.7072014149427193,8.622964647185103,1093.0985188217303,0.13862577852047253,36.13302440805981,,,,9.174162719372127
S2-moderate,0.75,26,b,12,6,1,6,6,1.257922233903173,0.2087189649616935,1586.3038572347116,0.12600791773126024,8.006380713685541,22.69579128492111,-36.47655280539787,52.48931423276895,9.174162719372127
S2-moderate,0.75,26,c,12,6,1,6,6,-1.9357463979589513,1.76565806985634,0.7865155878971246,0.45343544914522177,9.201741786642492,2.869336707029258,3.57794518134639,14.825538391938593,9.174162719372127
S2-moderate,0.75,27,a,10,7,1,7,7,-8.92112264222887,9.619371506439961,0.00019273037924180873,0.8904822216113724,12.599700749274273,69.34826305904394,-123.32039723686133,148.51979873540986,9.174162719372127
S2-moderate,0.75,27,b,10,7,1,7,7,1.4218817876756982,0.3905644234145661,3195.4487334121472,0.09156074074749868,9.294253393284443,,,,9.174162719372127
S2-moderate,0.75,27,c,10,7,1,7,7,-1.733335952524261,1.8393599681085184,1.226663546705132,0.41764681495915174,9.508700176729885,2.872957826023779,3.8778063086207872,15.139594044838983,9.174162719372127
S2-moderate,0.75,32,a,11,6,1,6,6,2.3226014424924686,-1.2287723468046505,8103.0788724092745,0.071776076717577,-0.9187339227943936,,,,9.174162719372127
S2-moderate,0.75,32,b,11,6,1,6,6,-8.981122944071078,11.999999993609677,0.0018883549418656903,0.7594006372031614,14.857157915479222,7.963590090938354,-0.751191850400005,30.46550768135845,9.174162719372127
S2-moderate,0.75,32,c,11,6,1,6,6,-1.9768855510531478,1.4722409386393231,0.4178977874211942,0.47621386437349605,8.804178236353076,2.624007651734421,3.66121774379609,13.947138728910062,9.174162719372127
S2-moderate,0.75,33,a,12,6,1,6,6,1.0427040206858127,0.7415099294608227,1562.919169250069,0.12224927411952682,10.06796291083167,,,,9.174162719372127
S2-moderate,0.75,33,b,12,6,1,6,6,1.0155041431129224,0.43700263083449964,810.183129543711,0.14457081688080375,8.630899973481247,25.31307588704177,-40.9818171030499,58.243617050012396,9.174162719372127
S2-moderate,0.75,33,c,12,6,1,6,6,-3.415079188772081,2.3169602479404183,0.03712087044219032,0.6190810355696377,9.124056705514725,4.61612885422584,0.07661040323593404,18.17150300779352,9.174162719372127
S2-moderate,0.75,34,a,9,8,1,8,8,-3.43718663259346,0.06303310074749252,0.0032776960620395736,0.7537804071309565,7.313330711629265,,,,9.174162719372127
S2-moderate,0.75,34,b,9,8,1,8,8,0.6155556124443313,0.5325114419462631,235.77524198883282,0.19005631635419357,8.619494724260582,37.90573920132687,-65.67438891770816,82.91337836622931,9.174162719372127
S2-moderate,0.75,34,c,9,8,1,8,8,-1.8977446947160836,1.2174947188337089,0.5719989899941006,0.47838469966803865,8.61236772743734,2.5493910339734294,3.615653118340089,13.609082336534591,9.174162719372127
S2-moderate,0.75,35,a,10,7,1,7,7,-8.04140599250814,7.078393935173134,0.00012340980433145254,0.9358660215341775,11.040308581391818,558.4145301394932,-1083.4320589358713,1105.512676098655,9.174162719372127
S2-moderate,0.75,35,b,10,7,1,7,7,-7.784249356767592,6.55368860019006,0.00012340980431209368,0.9337813824442036,10.78587572806137,606.7988551578078,-1178.5180262413787,1200.0897776975016,9.174162719372127
S2-moderate,0.75,35,c,10,7,1,7,7,-2.2718215698297586,1.6320609376069182,0.30293578513251396,0.5041771844699365,8.922445645473616,2.5279043461246045,3.9678441707071164,13.877047120240114,9.174162719372127
S2-moderate,0.75,40,a,15,3,1,3,3,1.8804631747188365,-1.2685063903620901,955.5038124512402,0.136252206165828,2.467400109161349,59.80674579391331,-114.7516676794511,119.6864678977738,9.174162719372127
S2-moderate,0.75,40,b,15,3,1,3,3,1.3504496382826394,0.03551369090787811,1249.9871856920215,0.12670689108185978,7.16538006917885,,,,9.174162719372127
S2-moderate,0.75,40,c,15,3,1,3,3,-4.6854119538484795,2.7606143595466412,0.002073971403460917,0.7737330122495174,8.925421256596065,81.12115730333842,-150.06912544215564,167.91996795534774,9.174162719372127
S2-moderate,0.75,41,a,11,6,1,6,6,-5.498868348665533,4.243544555072255,0.0006005346398834485,0.7903694181016669,9.785051258891656,406.5557179894082,-787.0495137091714,806.6196162269548,9.174162719372127
S2-moderate,0.75,41,b,11,6,1,6,6,1.8030244644713895,0.2752629108762392,6635.514635815898,0.05000053551957036,9.387363811284299,80.73096655939182,-148.84242308223114,167.61715070479974,9.174162719372127
S2-moderate,0.75,41,c,11,6,1,6,6,-1.2462464793582058,1.4414927125726873,1.1531735163444368,0.390672292851158,8.80624140482541,2.902051483875616,3.118325015148182,14.49415779450264,9.174162719372127
S2-moderate,0.75,42,a,9,8,1,8,8,-3.87837918287887,11.123931509517277,608.5392280677694,0.13886718424493366,44.50745150380245,238.54866036657566,-423.0393313749633,512.0542343825682,9.174162719372127
S2-moderate,0.75,42,b,9,8,1,8,8,1.5166218650953134,0.4287078771825199,5010.616048995853,0.07678374306636233,9.896305154756751,,,,9.174162719372127
S2-moderate,0.75,42,c,9,8,1,8,8,-2.0371781238529847,1.914445547463243,0.5717022148938922,0.45315577362760895,9.42255961155848,2.305554795493542,4.903755248007528,13.941363975109432,9.174162719372127
S2-moderate,0.75,43,a,11,6,1,6,6,-2.7287385694188124,9.72663884057539,6231.848036814711,0.07374340375624282,68.22289410922423,1248.5433550384964,-2378.8771149030345,2515.3229031214833,9.174162719372127
S2-moderate,0.75,43,b,11,6,1,6,6,1.6370901112558478,0.2654816042603345,6556.234403151521,0.0719065600415696,8.897223781986458,66.55262418464147,-121.54352269654022,139.33797026051315,9.174162719372127
S2-moderate,0.75,43,c,11,6,1,6,6,-2.002943071499812,1.7470556585921235,0.4272494760035095,0.4636523171830013,9.10572512531937,2.63145623087767,3.94816568590562,14.263284564733121,9.174162719372127
S2-moderate,0.75,36,a,6,10,1,10,10,-7.080802961662741,5.290958812472001,0.00012340980761268313,0.89907660968121,10.402567998045468,758.3088662149424,-1475.8554989406439,1496.6606349367348,9.174162719372127
S2-moderate,0.75,36,b,6,10,1,10,10,-1.0567518609944984,1.5230986718171882,4.231204322911595,0.3433765287330204,9.583853980117382,9.014571248616564,-8.084381003241347,27.252088963476112,9.174162719372127
S2-moderate,0.75,36,c,6,10,1,10,10,-2.3139846936492408,2.2014117299248834,0.42601500874180165,0.4660713552312583,9.77359555094457,2.2378957791241745,5.3874004227069845,14.159790679182155,9.174162719372127
S2-moderate,0.75,37,a,13,5,1,5,5,0.771741198087023,1.4637678621708052,1980.8722428842002,0.1148375877906568,13.158966809015396,,,,9.174162719372127
S2-moderate,0.75,37,b,13,5,1,5,5,1.5617230126000328,0.1684008377326921,4580.206340180096,0.08871511441332545,8.029266691047521,166.1063397099845,-317.5331767442975,333.5917101263925,9.174162719372127
S2-moderate,0.75,37,c,13,5,1,5,5,-2.3537197845897957,1.4030189466113707,0.16233137015000135,0.5359150212550446,8.51024838750011,3.0666636503605407,2.4996980800953166,14.5207986949049,9.174162719372127
S2-moderate,0.75,38,a,8,9,1,9,9,2.6025040115025115,-1.8684087165975347,8103.0833757736655,0.07312163025583648,-4.932549362455171,104.96947663262783,-210.66894303842452,200.80384431351416,9.174162719372127
S2-moderate,0.75,38,b,8,9,1,9,9,1.6087948944691277,0.2983407264155331,8103.067022176116,0.07268578404493588,9.235572633752495,207.14930480973538,-396.7696042158386,415.2407494833436,9.174162719372127
S2-moderate,0.75,38,c,8,9,1,9,9,-1.2104777294704017,1.5829915874421931,3.6966296335387145,0.36352221706129484,9.491162982206303,3.361854177404861,2.902049873217246,16.08027609119536,9.174162719372127
S2-moderate,0.75,39,a,9,8,1,8,8,-5.317692524793648,1.747839795700795,0.00012340980418118412,0.9023454047790794,8.246966929115215,5510.314806684102,-10791.771597649516,10808.265531507746,9.174162719372127
S2-moderate,0.75,39,b,9,8,1,8,8,-7.160032489899862,7.386333999414662,0.0007804422789527751,0.8028616648399364,11.772072327894323,39.311729664666416,-65.27750198482671,88.82164664061536,9.174162719372127
S2-moderate,0.75,39,c,9,8,1,8,8,-0.757319245917212,1.486511165177118,6.127666888690444,0.3139739492869757,9.501277556616701,4.678771294761014,0.33105432698527615,18.671500786248124,9.174162719372127
S2-moderate,0.75,44,a,8,9,1,9,9,-5.121558246342186,0.23788143512941184,0.00012340980429726697,0.9564697705695682,7.534897501972457,7389.8371514384,-14476.279770933355,14491.349565937302,9.174162719372127
S2-moderate,0.75,44,b,8,9,1,9,9,-1.5664433850115393,1.4021505681168243,2.1300846063021934,0.42123002547543426,9.047459755079037,6.861805101364013,-4.401431112527643,22.496350622685718,9.174162719372127
S2-moderate,0.75,44,c,8,9,1,9,9,-2.0121228645441525,1.648520102182444,0.8654166056742366,0.4642745249259422,9.168001879930111,2.786795031797226,3.705983985312394,14.63001977454783,9.174162719372127
S2-moderate,0.75,45,a,9,8,1,8,8,-3.548704119372341,0.7238928706539348,0.0039847067911640555,0.7285822337963326,7.777979949760414,158.29932039572208,-302.4829868030217,318.03894670254255,9.174162719372127
S2-moderate,0.75,45,b,9,8,1,8,8,1.6335209497997099,0.31296683628512434,7798.536906024223,0.06906686693105768,9.346880777971753,87.85358382800025,-162.84297943767928,181.5367409936228,9.174162719372127
S2-moderate,0.75,45,c,9,8,1,8,8,-2.4663492716118016,1.9121334991634886,0.178557846559001,0.5137857807621713,9.123526194403048,3.4007387203518613,2.45820078168257,15.788851607123526,9.174162719372127
S2-moderate,0.75,46,a,14,4,1,4,4,-4.424500253797894,-1.192512915339845,0.0001234098044858434,0.9755095659971933,6.451445597590835,31912.572789663525,-62541.04187615585,62553.94476735102,9.174162719372127
S2-moderate,0.75,46,b,14,4,1,4,4,-7.732093917645216,5.97636260984177,0.00012340991974184271,0.9767774313635207,10.256872488348472,,,,9.174162719372127
S2-moderate,0.75,46,c,14,4,1,4,4,-5.60443170580762,2.653105623064566,0.0005243868373310961,0.8974547127718564,8.737906106699752,290.9982780963742,-561.6082385253645,579.084050738764,9.174162719372127
S2-moderate,0.75,47,a,10,7,1,7,7,-9.909202667738597,10.978938459378773,0.0001234098052893098,0.9512263909588207,12.83603382418013,67.0882816405576,-118.6545819759925,144.32664962435277,9.174162719372127
S2-moderate,0.75,47,b,10,7,1,7,7,1.5330802693824053,0.28755836175813315,5468.213682959266,0.0842238746967747,8.834999671674941,39.52957263223176,-68.6415390117595,86.31153835510938,9.174162719372127
S2-moderate,0.75,47,c,10,7,1,7,7,-4.890778769948634,2.843898865659847,0.002353736074479169,0.7817228458183646,9.121640162394295,55.34179350011378,-99.34628193768157,117.58956226247017,9.174162719372127
S2-moderate,0.75,48,a,8,9,1,9,9,0.30174610971232496,3.1074770093101542,4311.998901254625,0.07401230428289414,26.921113973315503,235.49084528041624,-434.63246146519447,488.4746894118255,9.174162719372127
S2-moderate,0.75,48,b,8,9,1,9,9,-1.9346858630588786,2.0954424790629496,0.5988818543277733,0.42440481290124166,9.805810587208205,4.947146594533005,0.10958143568353762,19.502039738732872,9.174162719372127
S2-moderate,0.75,48,c,8,9,1,9,9,-1.4205383630911421,2.0019418720108177,2.32272851477575,0.363490247162894,10.066004853995294,3.277847127110445,3.6415425380307376,16.49046716995985,9.174162719372127
S2-moderate,0.75,49,a,15,3,1,3,3,-3.7579825756328535,11.999959983322778,6285.832334596873,0.07314010429171522,82.86081173105698,,,,9.174162719372127
S2-moderate,0.75,49,b,15,3,1,3,3,1.5810901150642631,0.24808094112047996,4271.946151075596,0.08215986416478643,8.414818859813359,58.15680347270011,-105.57042140265281,122.40005912227952,9.174162719372127
S2-moderate,0.75,49,c,15,3,1,3,3,-0.7104595807280527,1.0857775130371754,5.552992631786455,0.34006089737737344,8.611859701198348,4.535247261957149,-0.277061593221557,17.500780995618253,9.174162719372127
S2-moderate,0.75,50,a,9,8,1,8,8,-0.7567014939653505,5.055541684896909,3389.435897410127,0.09568149721006793,31.939512760458662,,,,9.174162719372127
S2-moderate,0.75,50,b,9,8,1,8,8,-3.6725983463347074,2.0961957125718547,0.014005976641797206,0.6541944661426522,9.000682457565304,,,,9.174162719372127
S2-moderate,0.75,50,c,9,8,1,8,8,-3.589634782274617,2.8554295065255904,0.04905552639165764,0.5977298345292954,9.773159000319907,2.4003804055822116,5.068499856183125,14.47781814445669,9.174162719372127
S2-moderate,0.75,51,a,12,6,1,6,6,-4.448365614915247,-0.4844944650106269,0.00012340980468938552,0.9342788440526638,6.772482115312871,11556.218799138922,-22643.000161661686,22656.545125892313,9.174162719372127
S2-moderate,0.75,51,b,12,6,1,6,6,0.3317189372921249,1.0716632113451647,135.0787325392682,0.19745179220630296,9.735467344368056,21.56582778405797,-32.53277840917881,52.00371309791492,9.174162719372127
S2-moderate,0.75,51,c,12,6,1,6,6,-2.3285587160261674,1.6180940228609029,0.19130299477007137,0.5213647832839753,8.709628784989365,3.0124875268648763,2.8052617284580688,14.61399584152066,9.174162719372127
S2-moderate,0.75,64,a,13,5,1,5,5,-5.276418207891551,0.04335456491228139,0.0001234098042648676,1.0024184236024074,7.374995197036211,6929.706352419365,-13574.599878983347,13589.34986937742,9.174162719372127
S2-moderate,0.75,64,b,13,5,1,5,5,-0.13873678636898445,0.3790685995743974,49.2667400256133,0.3003141546655192,7.961892484728588,,,,9.174162719372127
S2-moderate,0.75,64,c,13,5,1,5,5,-5.488277513631485,0.5999922515606088,0.00012340980410599172,0.9946549953059738,7.681215804085663,3493.5579897373877,-6839.566621983346,6854.929053591517,9.174162719372127
S2-moderate,0.75,65,a,10,7,1,7,7,-4.697789559240764,0.12588584965525607,0.00012340980443041846,0.9265299673981412,7.198205592682975,13944.942558589582,-27324.386975722733,27338.783386908097,9.174162719372127
S2-moderate,0.75,65,b,10,7,1,7,7,-4.540132247762026,3.413042411550253,0.005980662340350705,0.7031826808693208,9.65154528580303,31.18432581136959,-51.46861018664416,70.77170075825022,9.174162719372127
S2-moderate,0.75,65,c,10,7,1,7,7,-2.0816778910284777,2.1903884767104653,0.6380293317161964,0.44849184422713456,9.63450134094982,2.518015011382708,4.699282606108498,14.569720075791142,9.174162719372127
S2-moderate,0.75,66,a,14,4,1,4,4,-2.053323916980391,-0.08514972861451764,0.05289632479613143,0.5870009476382028,7.036275736908549,,,,9.174162719372127
S2-moderate,0.75,66,b,14,4,1,4,4,1.4173843569980993,0.4472945464380311,3452.0352617264334,0.09058513593106514,9.457843145109686,51.616009006779585,-91.70767553387334,110.62336182409273,9.174162719372127
S2-moderate,0.75,66,c,14,4,1,4,4,-1.393083019036533,1.2742707879498154,1.3290993943256888,0.41577337780218676,8.678787742003385,3.5059308544568215,1.807289534980277,15.550285949026492,9.174162719372127
S2-moderate,0.75,67,a,9,8,1,8,8,-1.7251019624668213,7.2154933750354315,6637.97633476226,0.09296945575118455,43.31315973766777,,,,9.174162719372127
S2-moderate,0.75,67,b,9,8,1,8,8,-10.368444448229805,11.999999619872554,0.00014314898864561235,0.9387202290800413,13.497062586495474,9.401244916701431,-4.929038860079594,31.92316403307054,9.174162719372127
S2-moderate,0.75,67,c,9,8,1,8,8,-2.937583539923449,2.277189821963558,0.16631941208754156,0.5502186804641716,9.428094679691105,2.223839124473994,5.06945008831099,13.78673927107122,9.174162719372127
S2-moderate,0.75,56,a,12,6,1,6,6,-2.226261126472883,0.140611509799127,0.04256927816848076,0.5955184317223073,7.249551666318641,50.67329646128809,-92.06828437572699,106.56738770836427,9.174162719372127
S2-moderate,0.75,56,b,12,6,1,6,6,1.3446784156740796,0.32017222705090953,1700.4097465229245,0.10788334536704898,8.529582095185864,51.01387958004005,-91.45578459335593,108.51494878372765,9.174162719372127
S2-moderate,0.75,56,c,12,6,1,6,6,-1.6727785099831287,1.7630643109424824,1.1132223237572207,0.4217815314184915,9.254255370972908,3.3150141425366986,2.75694704336005,15.751563698585766,9.174162719372127
S2-moderate,0.75,57,a,15,3,1,3,3,-5.010561653226725,1.6909232232346771,0.0008405701967430631,0.8774885568969623,8.228011616231644,,,,9.174162719372127
S2-moderate,0.75,57,b,15,3,1,3,3,-0.3543360156212916,0.11828780815172296,13.208721660569733,0.3492334920245059,7.383892979457775,14.603199627798043,-21.23785235007511,36.00563830899066,9.174162719372127
S2-moderate,0.75,57,c,15,3,1,3,3,-2.4986577232124456,0.906737009765767,0.1324352219667404,0.586876140021222,8.025102245580474,6.731922620253919,-5.16922363682772,21.219428127988667,9.174162719372127
S2-moderate,0.75,58,a,6,10,1,10,10,-4.390389716649482,-1.5560003613105757,0.0001234098041452564,0.9688420960972931,6.4453566169463015,69973.6200846287,-137139.32987714387,137152.22059037778,9.174162719372127
S2-moderate,0.75,58,b,6,10,1,10,10,-10.42055846912727,11.999999999996522,0.00017612086081988173,0.9417843638246585,13.508647664295758,9.205954659540343,-4.5346919117120095,31.551987240303525,9.174162719372127
S2-moderate,0.75,58,c,6,10,1,10,10,-3.5937594995754405,1.462470595400322,0.021591246412065838,0.686293522157034,8.481111172038615,8.267843298825895,-7.723563923480972,24.6857862675582,9.174162719372127
S2-moderate,0.75,59,a,12,6,1,6,6,-2.9030819430905197,9.484066033760417,3007.36527276875,0.11189636043764427,46.51859673303954,,,,9.174162719372127
S2-moderate,0.75,59,b,12,6,1,6,6,1.4177465484984904,0.04689861094999084,2677.137054076817,0.11447235011398872,7.447290687780136,48.25142435818356,-87.12376325701834,102.01834463257862,9.174162719372127
S2-moderate,0.75,59,c,12,6,1,6,6,-2.1481674918023947,1.1484950029726746,0.27077923713478924,0.5177473659467612,8.420900522456263,3.192175499118185,2.1643515118534484,14.677449533059077,9.174162719372127
S2-moderate,0.75,52,a,8,9,1,9,9,-6.290502085416404,3.294572477477203,0.00012340981542924225,0.9322881272585368,9.144674413016212,,,,9.174162719372127
S2-moderate,0.75,52,b,8,9,1,9,9,-8.816996820452145,10.035266999811528,0.00044079796436243267,0.8564456544748138,12.980066333369523,9.40472284481927,-5.452851727057327,31.41298439379637,9.174162719372127
S2-moderate,0.75,52,c,8,9,1,9,9,-2.2616665733355195,2.0449221867995218,0.44448534731047046,0.47614005673859894,9.452968224818527,2.8002227591391597,3.9646324682163954,14.941303981420658,9.174162719372127
S2-moderate,0.75,53,a,9,8,1,8,8,-4.371996529832073,-0.018198979131202678,0.0005049582058281791,0.8816805657390325,7.31258576427446,2687.197707785388,-5259.498140833674,5274.123312362223,9.174162719372127
S2-moderate,0.75,53,b,9,8,1,8,8,-7.225131854621288,4.870424634469512,0.00012871538558811697,0.9615356597108914,9.881808170003255,613.0653584915486,-1191.704214642569,1211.4678309825756,9.174162719372127
S2-moderate,0.75,53,c,9,8,1,8,8,-3.7274865393851426,2.4418312470494996,0.035168925798220486,0.6471989851373836,9.236878312062768,3.582243052958672,2.2158109443949607,16.257945679730575,9.174162719372127
S2-moderate,0.75,54,a,12,6,1,6,6,-1.2146976254242425,3.4598134282632422,52.668411390267984,0.2560985203540194,13.669383998952991,39.05995594499888,-62.886722890965984,90.22549088887197,9.174162719372127
S2-moderate,0.75,54,b,12,6,1,6,6,0.6072033779985735,0.42270929388387335,201.32781743175585,0.19961441107773759,8.230711604623085,35.92045951090862,-62.172095344887055,78.63351855413322,9.174162719372127
S2-moderate,0.75,54,c,12,6,1,6,6,-3.2246030973540796,2.319251490715705,0.059571573052061906,0.593682631312125,9.198791760460788,3.6802851386881454,1.9855654357940242,16.41201808512755,9.174162719372127
S2-moderate,0.75,55,a,8,9,1,9,9,-3.7935922182833144,-1.9914161915350095,0.0001234098041769876,0.9200165477922178,5.756772455387898,16955.880454828017,-33227.158245174156,33238.67179008493,9.174162719372127
S2-moderate,0.75,55,b,8,9,1,9,9,-9.13714429942474,9.885431616650866,0.000182438054626096,0.9046493122416034,12.641916585913169,31.54532997514094,-49.18579404579488,74.46962721762121,9.174162719372127
S2-moderate,0.75,55,c,8,9,1,9,9,-0.5917734260455019,1.3365994394958118,13.463184523745353,0.2983513580734701,9.496358844961431,4.564611618260738,0.5498844697572913,18.44283322016557,9.174162719372127
S2-moderate,0.75,60,a,9,8,1,8,8,-2.9630950049320113,10.211992399564139,8101.004179384937,0.07416698591298919,70.99449212476986,,,,9.174162719372127
S2-moderate,0.75,60,b,9,8,1,8,8,-0.8526044903584815,1.3430907465688318,7.908429739492831,0.3314818651090087,9.333135418916434,9.280814637633977,-8.856927018038313,27.52319785587118,9.174162719372127
S2-moderate,0.75,60,c,9,8,1,8,8,-1.1588868260612049,1.7127908572442978,4.9449276908402675,0.34916439073164635,9.749805009454358,4.285854595532513,1.3496843592351517,18.149925659673563,9.174162719372127
S2-moderate,0.75,61,a,16,3,1,3,3,-2.5035739204328427,7.9641447191403305,1359.8916509849735,0.1532155788046995,31.362738591081815,,,,9.174162719372127
S2-moderate,0.75,61,b,16,3,1,3,3,0.9883125899007303,0.1542668033518606,928.8386548137829,0.16669380054112704,7.670041582916665,16.699999924537735,-25.06135681099892,40.40143997683225,9.174162719372127
S2-moderate,0.75,61,c,16,3,1,3,3,-2.733068530262315,0.6526622255113356,0.05856582142497506,0.6349520797673794,7.759365106317429,6.33994439965272,-4.666697580988317,20.185427793623177,9.174162719372127
S2-moderate,0.75,62,a,9,8,1,8,8,-6.329772884155762,3.5174025449403827,0.00012340981674459085,0.929887262808839,9.213315907543668,,,,9.174162719372127
S2-moderate,0.75,62,b,9,8,1,8,8,-5.794825897132775,4.10927571869339,0.0007971530825098425,0.8226655314148988,9.789801534440295,162.52355503624904,-308.7505129760211,328.33011604490173,9.174162719372127
S2-moderate,0.75,62,c,9,8,1,8,8,-3.0722324826321326,2.5600616642658265,0.09622932113345276,0.5551268581518342,9.57315702061674,2.6518330104246286,4.375659827170039,14.770654214063441,9.174162719372127
S2-moderate,0.75,63,a,11,6,1,6,6,-0.1388046286387597,3.9259273827168286,5975.936880101015,0.08372471202250902,29.10522665459624,,,,9.174162719372127
S2-moderate,0.75,63,b,11,6,1,6,6,1.2673164336142388,0.36987825750064474,2050.8591616722733,0.11396785460020634,8.80502484373248,27.052208563926957,-44.21632964383037,61.826379331295335,9.174162719372127
S2-moderate,0.75,63,c,11,6,1,6,6,-1.7984447139428488,1.778845803577478,1.1914200437673799,0.4329063325585673,9.331282970202889,2.613898258841885,4.208136523620838,14.45442941678494,9.174162719372127
S2-moderate,0.75,76,a,12,6,1,6,6,-2.5932241677710026,7.650887026106755,188.27261800572347,0.18422962874907242,26.562506160255925,70.94064480398339,-112.47860269560003,165.6036150161119,9.174162719372127
S2-moderate,0.75,76,b,12,6,1,6,6,1.5629113425195635,0.19255504411223373,3420.300856150319,0.08704995188387168,8.117209609781675,,,,9.174162719372127
S2-moderate,0.75,76,c,12,6,1,6,6,-0.9323121987632662,1.284762360728696,4.134857994170494,0.35295838027184745,8.942880806867915,4.0569808123067155,0.9913445287767004,16.89441708495913,9.174162719372127
S2-moderate,0.75,77,a,6,10,1,10,10,-4.189192895369291,-1.0315016370824475,0.00012340980419864566,0.9086123054794095,6.543606388225,33907.57739384806,-66451.0868885585,66464.17410133494,9.174162719372127
S2-moderate,0.75,77,b,6,10,1,10,10,-5.2033877698204964,4.218630986064802,0.0032452704478434418,0.7254075370978716,10.293336024176437,80.68648590372281,-147.84927038621905,168.4359424345719,9.174162719372127
S2-moderate,0.75,77,c,6,10,1,10,10,-1.7257954684265597,1.6059421911930372,0.8934118817605066,0.4300862373473362,9.189010747499323,2.73186569610156,3.8346523725398205,14.543369122458824,9.174162719372127
S2-moderate,0.75,78,a,10,7,1,7,7,-2.918281832529139,-0.230095192307121,0.005060189887950575,0.7049971380462902,6.970632487815465,298.67030243350536,-578.4124035335407,592.3536685091716,9.174162719372127
S2-moderate,0.75,78,b,10,7,1,7,7,-2.599927028558088,2.455771469450143,0.22329930757653632,0.4990662780007479,9.695746464546831,5.220675042312426,-0.5365885933726471,19.928081522466307,9.174162719372127
S2-moderate,0.75,78,c,10,7,1,7,7,-0.30073902217555837,1.2298476468506967,21.09723189318599,0.2688019820228584,9.441971120493992,6.525631089612906,-3.3480307915421736,22.231973032530156,9.174162719372127
S2-moderate,0.75,79,a,12,6,1,6,6,-7.824755773276137,6.524841733479311,0.0001234098043783064,0.9476493571133507,10.671414544883145,385.1623109721565,-744.23284316276,765.5756722525264,9.174162719372127
S2-moderate,0.75,79,b,12,6,1,6,6,1.3763061437332769,0.5616702677999554,4438.555120940812,0.08851929594992158,10.192009397833557,65.13239304174772,-117.46513519089919,137.8491539865663,9.174162719372127
S2-moderate,0.75,79,c,12,6,1,6,6,-2.314281078943463,1.3840704205055,0.20437904908003687,0.5303360980731477,8.538536580065598,2.993608143527554,2.6711724349257793,14.405900725205417,9.174162719372127
S2-moderate,0.75,80,a,15,3,1,3,3,-9.844592321882425,10.536762278739811,0.0001234098042168613,0.9751864489597486,12.454277587818682,99.24435359566797,-182.06108112864874,206.96963630428613,9.174162719372127
S2-moderate,0.75,80,b,15,3,1,3,3,-5.600569084347079,1.2972615873130753,0.00012340980454502484,0.975871461598908,7.960508194412864,2608.3333895045903,-5104.278994907869,5120.200011296694,9.174162719372127
S2-moderate,0.75,80,c,15,3,1,3,3,-4.138412755707724,2.001803395488139,0.007504048898297529,0.736783957331629,8.640802830330871,27.723545552666558,-45.69634797665117,62.97795363731291,9.174162719372127
S2-moderate,0.75,81,a,12,6,1,6,6,-3.5247644015601,11.1849488984134,5580.716124053519,0.09041434163396146,64.4498381420073,575.2789452326256,-1063.076175578129,1191.9758518621438,9.174162719372127
S2-moderate,0.75,81,b,12,6,1,6,6,0.975075301544865,0.5770295052646057,1083.6687711201541,0.1407734855724624,9.198256851214058,44.590477138921095,-78.19747239452792,96.59398609695603,9.174162719372127
S2-moderate,0.75,81,c,12,6,1,6,6,-1.7272141040323228,1.5214728789563974,1.2229235756264218,0.4428864871383495,8.951865683630245,2.7863754473786493,3.4906701593614127,14.413061207899078,9.174162719372127
S2-moderate,0.75,82,a,5,11,1,11,11,-3.8641167589193985,-1.4824124113116615,0.00012340980459771414,0.8895657771968176,6.091554025536892,20745.50928447304,-40654.35948448293,40666.542592534,9.174162719372127
S2-moderate,0.75,82,b,5,11,1,11,11,1.6683472062812144,0.30683517423925427,5383.928097911182,0.063534562511447,9.52154998075706,,,,9.174162719372127
S2-moderate,0.75,82,c,5,11,1,11,11,-1.4483857221358765,1.7925088857360874,1.554498633210519,0.37987682989738336,9.67318995055002,3.825333736959623,2.175673597263142,17.170706303836898,9.174162719372127
S2-moderate,0.75,83,a,11,6,1,6,6,-4.172811390836938,-1.2450347926246386,0.00012340980528527834,0.9348948659040786,6.332714041676199,,,,9.174162719372127
S2-moderate,0.75,83,b,11,6,1,6,6,1.2354483827165987,0.43209722495433556,1578.6184332014082,0.11478820421156548,8.990919780067538,55.02487730696524,-98.85585799531964,116.83769755545472,9.174162719372127
S2-moderate,0.75,83,c,11,6,1,6,6,-2.9224229164375846,1.673368035822214,0.06467251146007871,0.5912183924273947,8.692716936003105,3.9190947110551755,1.011432450333552,16.37400142167266,9.174162719372127
S2-moderate,0.75,68,a,11,6,1,6,6,-2.094428417376981,0.9131599522720832,0.14618547263038706,0.5254387139894835,8.120040268657283,55.34707973884292,-100.35824266894139,116.59832320625594,9.174162719372127
S2-moderate,0.75,68,b,11,6,1,6,6,1.132882972091556,0.47505041040855756,1004.0894332835202,0.12550728907034284,9.003452051359021,47.56728409770262,-84.22671162252296,102.233615725241,9.174162719372127
S2-moderate,0.75,68,c,11,6,1,6,6,-2.9092562766856047,1.5629232063170297,0.04525712835126053,0.5949630344917212,8.585466297344379,5.260245503349458,-1.7244254390593277,18.895358033748085,9.174162719372127
S2-moderate,0.75,69,a,6,10,1,10,10,-2.352926007908016,0.15580921883650942,0.027511089972693237,0.592148302231476,7.470582891221317,54.02000367536762,-98.40667875722058,113.3478445396632,9.174162719372127
S2-moderate,0.75,69,b,6,10,1,10,10,-0.8811402422539267,1.7079058844169122,7.616403942043696,0.30932039548466417,10.095988183217724,9.928699612746469,-9.363905471082138,29.555881837517585,9.174162719372127
S2-moderate,0.75,69,c,6,10,1,10,10,-1.1181406755727714,1.6167126866064092,3.8272417444901317,0.34753079364479994,9.64813143598309,3.736928313735469,2.323886528253576,16.972376343712604,9.174162719372127
S2-moderate,0.75,70,a,6,10,1,10,10,-1.7356348351559188,0.9187939034512739,1.0106444009142979,0.4717552705296063,8.40937957558852,22.959743919029318,-36.59089159997146,53.409650751148504,9.174162719372127
S2-moderate,0.75,70,b,6,10,1,10,10,-7.823782175375409,5.947594507494112,0.0001234098041816013,0.9646470166134559,10.48235381179019,477.43646110612616,-925.2759148624754,946.2406224860557,9.174162719372127
S2-moderate,0.75,70,c,6,10,1,10,10,-2.2254247387270656,1.6180974967539552,0.5116157442133384,0.49333524759361314,9.054321896885375,2.9644854486345085,3.2440371848686738,14.864606608902076,9.174162719372127
S2-moderate,0.75,71,a,11,6,1,6,6,0.8573988796501992,1.4501770310577582,2219.313092867306,0.10347415466640024,13.770686856807522,112.82708608442671,-207.36633834926914,234.90771206288417,9.174162719372127
S2-moderate,0.75,71,b,11,6,1,6,6,1.1545381528760257,0.3366320043319484,885.2078094836662,0.13202348679574918,8.36848407145411,30.492459447718844,-51.39563824612293,68.13260638903115,9.174162719372127
S2-moderate,0.75,71,c,11,6,1,6,6,-1.2665625070501187,1.1567052175827635,1.8261173483736324,0.4044894644893749,8.614964149930811,3.0301885731417073,2.6759036802082496,14.554024619653372,9.174162719372127
S2-moderate,0.75,92,a,12,6,1,6,6,0.8858004760264557,1.0624788604800877,1736.0606058439132,0.12308599996731442,11.318909492978825,,,,9.174162719372127
S2-moderate,0.75,92,b,12,6,1,6,6,1.6262167378307175,0.1629401309930756,7332.566296511923,0.07957599999975308,8.197259093256383,38.23145985847262,-66.73502530573874,83.1295434922515,9.174162719372127
S2-moderate,0.75,92,c,12,6,1,6,6,-2.5314078001488474,1.6362772895885018,0.1681505156803904,0.5402703166703184,8.801885000125907,2.831980611462126,3.2513049967444196,14.352465003507394,9.174162719372127
S2-moderate,0.75,93,a,11,6,1,6,6,-2.78992106104376,8.887790655213827,1081.279342308616,0.1334932557356979,38.142369697104954,222.71403166900896,-398.3691112258656,474.65385062007556,9.174162719372127
S2-moderate,0.75,93,b,11,6,1,6,6,0.4332442163306497,0.39339682965358647,99.93051392659282,0.22466834563187085,8.042199489727462,15.626186240734555,-22.584562757827605,38.66896173728253,9.174162719372127
S2-moderate,0.75,93,c,11,6,1,6,6,-3.103149827512341,2.1327671614414347,0.05869477426300387,0.5880853372054549,9.064386144053891,4.023863271410679,1.1777590533754392,16.951013234732343,9.174162719372127
S2-moderate,0.75,94,a,12,6,1,6,6,1.9266957514242948,-0.867118876118171,1134.9726402459821,0.10384196430803706,2.824577119038795,,,,9.174162719372127
S2-moderate,0.75,94,b,12,6,1,6,6,-0.7017194749152612,1.0188826647470028,3.2743363370891037,0.3403078595453621,8.502114294309848,6.562196346257387,-4.359554203834964,21.36378279245466,9.174162719372127
S2-moderate,0.75,94,c,12,6,1,6,6,-0.9640925939821902,1.5671205535935953,3.440225942517074,0.33959028470383373,9.374187681497494,3.3810387662422263,2.747473469328992,16.000901893665997,9.174162719372127
S2-moderate,0.75,95,a,10,7,1,7,7,-2.4518228811179874,9.090751989284414,6025.838305103789,0.0755086108827032,62.95915429427825,641.7307923945559,-1194.8100865694018,1320.7283951579584,9.174162719372127
S2-moderate,0.75,95,b,10,7,1,7,7,-0.7053576824036867,1.031433232926669,6.19666260643032,0.33433412313181987,8.756365571184759,8.265662679786997,-7.444035589554584,24.956766731924102,9.174162719372127
S2-moderate,0.75,95,c,10,7,1,7,7,-1.7600562549662024,1.9478784375703955,1.0510691023595116,0.4167712174396095,9.584754813878408,2.959684469472885,3.7838798481090166,15.3856297796478,9.174162719372127
S2-moderate,0.75,88,a,7,9,1,9,9,-5.03640903108975,4.397072042417516,0.007746376478426161,0.6965684917348081,10.492980118979961,44.33913143323644,-76.41012059595128,97.3960808339112,9.174162719372127
S2-moderate,0.75,88,b,7,9,1,9,9,1.6301641917199103,0.25813767385689,8054.8994486275315,0.07221019226058834,8.992789676223994,226.96985581819382,-435.85995330368473,453.8455326561327,9.174162719372127
S2-moderate,0.75,88,c,7,9,1,9,9,-2.814346416615083,2.2414486180704953,0.17174847536852125,0.5355375617201147,9.445315855875124,2.281809390793308,4.973051630334959,13.91758008141529,9.174162719372127
S2-moderate,0.75,89,a,12,6,1,6,6,-2.7164411544557403,-1.6305849819522968,0.0030956978051195324,0.7640529550380372,5.94465762494727,516.1150392903356,-1005.6222312635855,1017.51154651348,9.174162719372127
S2-moderate,0.75,89,b,12,6,1,6,6,1.1918001984512334,0.38914117417545135,1634.8566507715548,0.12308259196560961,8.756565080701133,68.00940660123693,-124.53942246766385,142.05255262906613,9.174162719372127
S2-moderate,0.75,89,c,12,6,1,6,6,-3.838621515821614,2.5702548232181464,0.021763228055590243,0.6568120614520704,9.260013722902631,6.706513977070372,-3.88451213396978,22.40453957977504,9.174162719372127
S2-moderate,0.75,90,a,9,8,1,8,8,-0.40110549560353326,-1.0208649419879134,1.596167866715979,0.4185757609491495,5.947116466853393,28.965308124720043,-50.8238442587033,62.71807719241009,9.174162719372127
S2-moderate,0.75,90,b,9,8,1,8,8,-6.140615473424573,6.112518954309532,0.0038358632681206625,0.7433397955282731,11.339509667123057,14.169236021184197,-16.431682622845585,39.1107019570917,9.174162719372127
S2-moderate,0.75,90,c,9,8,1,8,8,-1.9445041573035449,1.6185658708878814,0.6877212070080884,0.46127945062613473,9.055666725988596,2.751997934494728,3.66184988885031,14.449483563126883,9.174162719372127
S2-moderate,0.75,91,a,11,6,1,6,6,-3.7581749931084536,-1.8942667118250087,0.0001234098042668993,0.9207861958560348,5.683826803148973,18123.744557368176,-35516.202770642296,35527.570424248595,9.174162719372127
S2-moderate,0.75,91,b,11,6,1,6,6,-6.107662774359483,6.236858385753628,0.0031940750817929663,0.7357674314010837,11.408887432869134,17.138020075605592,-22.18101468164224,44.99878954738051,9.174162719372127
S2-moderate,0.75,91,c,11,6,1,6,6,-2.1533930098818166,1.8859748325112136,0.36073079019589116,0.47724860302690547,9.172717001172817,3.0094692843348994,3.2742655912968823,15.071168411048752,9.174162719372127
S2-moderate,0.75,72,a,8,9,1,9,9,-1.0414719831475154,6.254811327233687,8103.083760115452,0.06070098123069233,55.064482917219514,775.6098616731165,-1465.102912016182,1575.231877850621,9.174162719372127
S2-moderate,0.75,72,b,8,9,1,9,9,1.7187339497050667,0.27702725649104976,8103.0838824899765,0.05905533055392845,9.461326302819222,132.198589797801,-249.64314850785493,268.56580111349336,9.174162719372127
S2-moderate,0.75,72,c,8,9,1,9,9,-1.3086236870399706,1.784089878281644,2.334194322342159,0.3638261506501448,9.728695291959863,3.224269861521614,3.4092424869395517,16.048148096980174,9.174162719372127
S2-moderate,0.75,73,a,7,9,1,9,9,-3.7900363859986723,11.899161261791285,8103.083759817166,0.08027967640581139,75.89118477788845,535.2251331743807,-973.1307998645519,1124.9131694203288,9.174162719372127
S2-moderate,0.75,73,b,7,9,1,9,9,1.2597152561571754,0.2543212233671778,2013.0888133541612,0.12034877178990817,8.400892737983137,,,,9.174162719372127
S2-moderate,0.75,73,c,7,9,1,9,9,-2.4621339869450454,2.400213148471241,0.4937968535567919,0.47431526102587424,9.941820886981027,2.1931367143391447,5.643351913703794,14.24028986025826,9.174162719372127
S2-moderate,0.75,74,a,12,6,1,6,6,-3.960058264078204,-1.9955707427880127,0.0001234098041913134,0.9543394779940021,5.847553272162229,12923.158976998368,-25323.07860813013,25334.77371467445,9.174162719372127
S2-moderate,0.75,74,b,12,6,1,6,6,-5.816083553057174,5.117475563340967,0.0032894433751022886,0.7658910839603311,10.57280566472824,25.145138900138118,-38.71076096579958,59.85637229525605,9.174162719372127
S2-moderate,0.75,74,c,12,6,1,6,6,-1.2347802568295982,0.9272255038702211,1.9635566124103936,0.4132244882750434,8.356859833943338,3.627882558139245,1.2463406798493786,15.467378988037296,9.174162719372127
S2-moderate,0.75,75,a,7,9,1,9,9,0.4305097450458834,2.9137131991420766,8103.082971008139,0.06933962202929364,26.898776748300293,180.29576423904643,-326.4744277253553,380.2719812219559,9.174162719372127
S2-moderate,0.75,75,b,7,9,1,9,9,1.4986937718688225,0.2828047050762297,3886.1076461593075,0.08792424852012505,8.81207440145737,,,,9.174162719372127
S2-moderate,0.75,75,c,7,9,1,9,9,-1.0980948986781855,1.686233186474743,4.7227626488567696,0.342187804570243,9.756329627240403,4.39570793854192,1.1409003811414333,18.371758873339374,9.174162719372127
S2-moderate,0.75,84,a,10,7,1,7,7,-5.291689582594319,2.9897528066234464,0.0002861669816156101,0.8246031624194549,9.063472099040276,1592.098975225108,-3111.3931791652994,3129.5201233633798,9.174162719372127
S2-moderate,0.75,84,b,10,7,1,7,7,1.803070041055954,0.2580906122657606,7245.240372917661,0.05000000044523921,9.41248710505555,,,,9.174162719372127
S2-moderate,0.75,84,c,10,7,1,7,7,-0.20144277795105942,1.4751810245553154,15.59304522387239,0.24021841362572444,10.074781324245407,8.113200320523067,-5.826799103338626,25.97636175182944,9.174162719372127
S2-moderate,0.75,85,a,10,7,1,7,7,-2.3652649174402023,2.0667829755722535,0.24225191503928734,0.48814721866724814,9.40399376334761,37.99828522767847,-65.07127675718256,83.87926428387779,9.174162719372127
S2-moderate,0.75,85,b,10,7,1,7,7,1.5213824753973353,0.36321300312965077,3990.0661389095094,0.08053024707097596,9.335981939006784,62.298621715550674,-112.76707290995745,131.43903678797102,9.174162719372127
S2-moderate,0.75,85,c,10,7,1,7,7,-1.433219250082834,1.9724930626398547,2.8709337423875443,0.3714877903602559,9.902770105067619,3.1365088393663987,3.755325742717952,16.050214467417284,9.174162719372127
S2-moderate,0.75,86,a,9,8,1,8,8,-5.24974199669078,3.270032657359717,0.0008223649592156811,0.7976039497375265,9.3757898201932,,,,9.174162719372127
S2-moderate,0.75,86,b,9,8,1,8,8,1.626631840201766,0.268747806055994,4685.850579433239,0.07244710493028453,8.91463713439408,,,,9.174162719372127
S2-moderate,0.75,86,c,9,8,1,8,8,-1.6835334262149992,1.7953430608652226,1.0277925561271126,0.41651477858553004,9.391974602636685,3.046460315988223,3.421022102969255,15.362927102304115,9.174162719372127
S2-moderate,0.75,87,a,7,9,1,9,9,-3.949828290925084,-1.0439134754996733,0.00012340980412171526,0.884590637447897,6.289430073480917,10531.651883524204,-20635.368959347383,20647.947819494344,9.174162719372127
S2-moderate,0.75,87,b,7,9,1,9,9,-5.741383256935304,6.065544874162075,0.004166787428028699,0.689974236981898,11.62914959626487,13.33080159051965,-14.498741406202914,37.75704059873266,9.174162719372127
S2-moderate,0.75,87,c,7,9,1,9,9,-0.15994472603964793,1.082607612662152,16.697173267182528,0.25830853392854436,9.206186392934852,6.399279080998574,-3.3361701328429287,21.74854291871263,9.174162719372127
S2-moderate,0.75,96,a,8,9,1,9,9,-5.3833514761752586,3.228695811057398,0.0010322318506610396,0.816611634683201,9.341058177262669,168.07356808118197,-320.0770820149948,338.7591983695201,9.174162719372127
S2-moderate,0.75,96,b,8,9,1,9,9,1.158016287490446,0.5071124926973551,1583.8136557455969,0.11969391863584797,9.291624009242053,340.4911167707188,-658.0587019171888,676.6419499356729,9.174162719372127
S2-moderate,0.75,96,c,8,9,1,9,9,-2.942299741949697,1.6585013941947615,0.06482485417126937,0.5901875170342048,8.744603100506465,4.100714982483331,0.7073494239753373,16.781856777037593,9.174162719372127
S2-moderate,0.75,97,a,12,6,1,6,6,-1.9795380046704403,8.102314307857114,8103.083528561545,0.07342521791310742,58.31104539604674,492.1439959529746,-906.2734618794095,1022.8955526715031,9.174162719372127
S2-moderate,0.75,97,b,12,6,1,6,6,1.701303915262117,0.12427366684314414,8103.0833988790055,0.07180776330442498,8.029850850085086,,,,9.174162719372127
S2-moderate,0.75,97,c,12,6,1,6,6,-2.2491631971706765,2.149428506832362,0.41925426570582525,0.46988661688188277,9.54642390496006,2.3634054874450188,4.914234268703492,14.178613541216627,9.174162719372127
S2-moderate,0.75,98,a,9,8,1,8,8,1.1164791390428486,1.4411898194795083,8103.083838341042,0.06780523254215583,17.290058128782878,175.0889288094726,-325.8779364294809,360.4580526870467,9.174162719372127
S2-moderate,0.75,98,b,9,8,1,8,8,-2.428316331434372,2.865310604049367,0.5346725204022807,0.4424159389733715,10.58287182441955,4.456835357536744,1.8476350386228368,19.318108610216264,9.174162719372127
S2-moderate,0.75,98,c,9,8,1,8,8,-1.1025200424233597,1.2114974801554816,2.724011056898389,0.3695699407970202,8.993151533549632,3.0161053152077515,3.081693742162612,14.904609324936652,9.174162719372127
S2-moderate,0.75,99,a,12,6,1,6,6,-6.951546341712387,4.161082381200392,0.00012340980463278623,0.9764172044787616,9.441881681847752,,,,9.174162719372127
S2-moderate,0.75,99,b,12,6,1,6,6,-6.157531001248341,2.431852692126527,0.0001234098054874225,0.9766307781344753,8.583477860078386,2911.9578217772196,-5698.748977322977,5715.915933043134,9.174162719372127
S2-moderate,0.75,99,c,12,6,1,6,6,-2.849355799875148,0.750576495073132,0.04418475773130129,0.6396317036903407,7.880167313867983,7.025369434784451,-5.889303756398056,21.649638384134022,9.174162719372127
S2-moderate,0.75,100,a,11,6,1,6,6,-2.0267116811833974,1.4881381180286113,0.38200166737902896,0.48337764247365556,8.777657983838171,56.459617464549474,-101.88115882758744,119.43647479526378,9.174162719372127
S2-moderate,0.75,100,b,11,6,1,6,6,-1.7125674168802176,0.7372166183009641,0.35314421192633993,0.4875081537711322,7.983871951612889,4.659226451042372,-1.1480440882465341,17.11578799147231,9.174162719372127
S2-moderate,0.75,100,c,11,6,1,6,6,-1.741419441908616,1.9193417556938266,0.962620979159609,0.41547428827705385,9.559252196702804,3.49625510764057,2.706718104963077,16.41178628844253,9.174162719372127
S2-moderate,0.75,101,a,11,6,1,6,6,-4.425627273655472,-1.840466435608234,0.00012340980415666988,0.998994774296016,6.301389176042897,,,,9.174162719372127
S2-moderate,0.75,101,b,11,6,1,6,6,-10.736386096406964,11.99999993737007,0.0001409588678129065,0.9916952586798383,13.147415014198105,11.841535031362765,-10.061567168942295,36.3563971973385,9.174162719372127
S2-moderate,0.75,101,c,11,6,1,6,6,-4.2857328029684645,1.9220154567178356,0.009526613057926597,0.7531909220202901,8.671344870365397,13.612442183613684,-18.008551551151193,35.35124129188199,9.174162719372127
S2-moderate,0.75,102,a,12,6,1,6,6,-4.261998626002467,-0.8273111853170549,0.00012340980431081256,0.9220221088574428,6.568090394560976,13729.333752024097,-26902.431595302838,26915.56777609196,9.174162719372127
S2-moderate,0.75,102,b,12,6,1,6,6,1.4499055567600538,0.29990676401897354,2283.200177310217,0.09436343103728066,8.653013341711839,48.74271785016954,-86.88095815321807,104.18698483664176,9.174162719372127
S2-moderate,0.75,102,c,12,6,1,6,6,-2.0069373632093876,1.5263769749203921,0.39325709612743015,0.47664079422099104,8.859280519521512,2.525400691878545,3.90958611690703,13.808974922135995,9.174162719372127
S2-moderate,0.75,103,a,9,8,1,8,8,-5.290074670807234,0.9517585430756343,0.0001234098041623242,0.9424111329607582,7.8617551447508855,6471.760371275818,-12676.555489129421,12692.278999418924,9.174162719372127
S2-moderate,0.75,103,b,9,8,1,8,8,-2.677526007907887,2.1941176689497555,0.2194626501850419,0.5224214440552012,9.418947951378797,,,,9.174162719372127
S2-moderate,0.75,103,c,9,8,1,8,8,-1.663352096167086,1.748019819929274,1.8508193368832093,0.41634857659348945,9.389953967236849,2.9984423039135315,3.5131150418450243,15.266792892628674,9.174162719372127
S2-moderate,0.75,104,a,12,6,1,6,6,-2.1651647547835284,2.1553497715578014,0.9177900061052205,0.4591223849339649,9.62536535100141,33.65784059033824,-56.342790003451896,75.59352070545471,9.174162719372127
S2-moderate,0.75,104,b,12,6,1,6,6,-6.632451057463244,4.60414458244952,0.00029171952536448273,0.9008358927414699,9.883919934352553,416.2602063393855,-805.9710926880545,825.7389325567596,9.174162719372127
S2-moderate,0.75,104,c,12,6,1,6,6,-3.0950622099867253,1.5651609629821701,0.046140996230319795,0.6172294729731669,8.606621104343638,5.200235706096811,-1.5856535907253289,18.798895799412605,9.174162719372127
S2-moderate,0.75,105,a,11,6,1,6,6,-4.505908949907129,-1.3432235256617027,0.00012341120359385684,0.983248842644378,6.51747291286217,,,,9.174162719372127
S2-moderate,0.75,105,b,11,6,1,6,6,-8.81905320033077,8.028281593842951,0.0001234098050862721,0.9835528784057271,11.302130773472703,142.86388727856828,-268.70594298391114,291.31020453085654,9.174162719372127
S2-moderate,0.75,105,c,11,6,1,6,6,-6.175617813975617,3.9582792659266866,0.0006201781922856421,0.8806054980592588,9.589269772620797,82.3428167387747,-151.79968542095952,170.97822496620114,9.174162719372127
S2-moderate,0.75,106,a,11,6,1,6,6,1.5062508057954878,0.5285351857958862,5688.631112952674,0.07301731700834807,10.574243861499008,671.8346386693847,-1306.1974514969756,1327.3459392199738,9.174162719372127
S2-moderate,0.75,106,b,11,6,1,6,6,1.6934462609617382,0.2666965596386204,8103.074435954561,0.06410331937219226,9.120532262115411,71.57661836262503,-131.16706186379795,149.40812638802876,9.174162719372127
S2-moderate,0.75,106,c,11,6,1,6,6,-0.6519334624851917,1.3414933071504387,8.536601595054117,0.308313054299625,9.348496597267465,4.690227190954014,0.15582022368713133,18.541172970847796,9.174162719372127
S2-moderate,0.75,107,a,6,10,1,10,10,-8.438052068347774,7.93219114807377,0.00012340980417436005,0.920737538928811,11.656677103061126,199.338710416181,-379.04001603731297,402.35337024343517,9.174162719372127
S2-moderate,0.75,107,b,6,10,1,10,10,-10.227254995058463,11.999999995369881,0.00016030702490763498,0.9103930778343519,13.76183829915837,,,,9.174162719372127
S2-moderate,0.75,107,c,6,10,1,10,10,-1.6850601562787169,1.6140066313301478,1.0446781989726888,0.42180912638056545,9.279403847842364,3.146730805185711,3.111924800635645,15.446882895049082,9.174162719372127
S2-moderate,0.75,108,a,12,6,1,6,6,-2.920789303677118,-0.6502323656923364,0.004654094455809729,0.7356944799598604,6.666611120610586,249.28868083110808,-481.9302250618618,495.26344730308296,9.174162719372127
S2-moderate,0.75,108,b,12,6,1,6,6,1.0622839583328774,0.6315286288776469,1321.7442045350056,0.12631192620799006,9.564055404588942,,,,9.174162719372127
S2-moderate,0.75,108,c,12,6,1,6,6,-0.6978943566518078,1.0128350989843555,8.702624494866553,0.33778272312384783,8.680521057342382,4.216801634469961,0.41574172383162455,16.94530039085314,9.174162719372127
S2-moderate,0.75,109,a,7,9,1,9,9,-1.5170174792624045,0.2466657489147177,0.38634530292701846,0.48423789237392634,7.5927513015345856,34.747131608312344,-60.51037521683093,75.6958778199001,9.174162719372127
S2-moderate,0.75,109,b,7,9,1,9,9,-9.302953094515196,11.999999998206945,0.0011907841957901496,0.795335068537468,14.590665139521745,,,,9.174162719372127
S2-moderate,0.75,109,c,7,9,1,9,9,-1.1182756202094262,1.4108059002245041,4.462794680010286,0.3633253950185724,9.242872711004999,4.0230226066842,1.35789329291352,17.12785212909648,9.174162719372127
S2-moderate,0.75,110,a,11,6,1,6,6,-2.6771943513208427,7.576483296189753,257.10257609930363,0.19794121084961436,25.149091762135743,76.7010521018807,-125.18220793388066,175.48039145815216,9.174162719372127
S2-moderate,0.75,110,b,11,6,1,6,6,1.0499286276461683,0.26863764639919563,917.2290760884208,0.14947655828076675,8.124501592431562,27.652574656803427,-46.0735488147082,62.322551999571324,9.174162719372127
S2-moderate,0.75,110,c,11,6,1,6,6,-1.898836528064367,1.6982516311977083,1.0011885701173817,0.45253925355172103,9.150105414669556,2.905751208679614,3.454937697623781,14.84527313171533,9.174162719372127
S2-moderate,0.75,111,a,14,4,1,4,4,-7.054771003670172,4.732674041434004,0.00012340980424508716,0.9601978357525952,9.71244061983902,658.3829400148053,-1280.694409844774,1300.1192910844522,9.174162719372127
S2-moderate,0.75,111,b,14,4,1,4,4,-7.391143678061836,5.448947407863432,0.0001234098043619938,0.9610754016715329,10.062927461646584,,,,9.174162719372127
S2-moderate,0.75,111,c,14,4,1,4,4,-3.6131601450851614,1.3259437665320604,0.00945833082757737,0.709383045528011,8.18095886527802,29.801244940638988,-50.228407912830896,66.59032564338693,9.174162719372127
S2-moderate,0.75,116,a,12,6,1,6,6,-0.2647958021265683,4.561884584550889,8103.083809884454,0.06230748571188227,41.14956907352537,280.9427035628918,-509.4880116290553,591.787149776106,9.174162719372127
S2-moderate,0.75,116,b,12,6,1,6,6,1.699802963493338,0.2828837256373916,8103.078325148387,0.06286228603185195,9.1969862522759,,,,9.174162719372127
S2-moderate,0.75,116,c,12,6,1,6,6,-0.5560957652263162,1.0525805858663904,6.939072671753294,0.3168011762535169,8.745193592140053,3.9546979438354795,0.9941280524879081,16.496259131792197,9.174162719372127
S2-moderate,0.75,117,a,11,6,1,6,6,-4.201902641971431,4.437044653435411,0.05677844228789379,0.5909766387624558,10.963264064095629,34.946549462101636,-57.53071426557118,79.45724239376243,9.174162719372127
S2-moderate,0.75,117,b,11,6,1,6,6,1.3337472080919173,0.28458827429983746,2046.1038940082328,0.1107424459964442,8.44154180662795,58.22153247903752,-105.67056497701459,122.5536485902705,9.174162719372127
S2-moderate,0.75,117,c,11,6,1,6,6,-1.8072416360210362,1.6582132793936246,0.8935915055351366,0.4420488073908676,9.13810132507788,2.997654783903545,3.262805910542733,15.013396739613027,9.174162719372127
S2-moderate,0.75,118,a,9,8,1,8,8,-0.9653784986653178,5.953232770802561,6567.68165851787,0.06922862642314363,47.177869940895334,697.2535705613808,-1319.4140164513683,1413.769756333159,9.174162719372127
S2-moderate,0.75,118,b,9,8,1,8,8,1.6409655758940853,0.25440331052391807,6007.366096644151,0.07121608222762811,8.911462437868787,96.75019495593045,-180.71543517298372,198.53836004872127,9.174162719372127
S2-moderate,0.75,118,c,9,8,1,8,8,-1.8355011294641037,1.6249771066171976,0.6682481797446298,0.4434402849000951,9.15346980294029,2.226111553587819,4.7903713323396575,13.516568273540923,9.174162719372127
S2-moderate,0.75,119,a,11,6,1,6,6,-2.010014895653689,-1.7630346227361877,0.0053399987676074024,0.6762566116891507,5.302199395557567,438.2062179289282,-853.5662055466519,864.1706043377669,9.174162719372127
S2-moderate,0.75,119,b,11,6,1,6,6,-2.7826072702721305,3.49848254269047,0.31560349337250315,0.45848199286689467,10.99401771158983,8.818987909078867,-6.2908809702989466,28.278916393478607,9.174162719372127
S2-moderate,0.75,119,c,11,6,1,6,6,-1.038651350985305,1.7955658002533632,4.08616329332111,0.3326793825792968,9.8301671093313,4.799921193577479,0.4224944412889329,19.23783977737367,9.174162719372127
S2-moderate,0.75,112,a,8,9,1,9,9,-1.580825406134089,6.156808240969632,879.3239371133526,0.13749886472787326,28.222762737177682,220.02201915728722,-403.0124706168871,459.4579960912424,9.174162719372127
S2-moderate,0.75,112,b,8,9,1,9,9,-1.9309405139963571,1.9850372821135194,0.9911041645101112,0.4347240615493912,9.602650540530352,,,,9.174162719372127
S2-moderate,0.75,112,c,8,9,1,9,9,-1.4296766612846028,1.3620864728350028,1.540200891940387,0.40656475232793277,8.987769929863529,3.2858519208392347,2.547618506486872,15.427921353240185,9.174162719372127
S2-moderate,0.75,113,a,12,6,1,6,6,-1.6842469950295125,0.786673615291141,0.6270563171468968,0.48196293245934196,8.075080788211745,33.71003197018298,-57.9953677910407,74.14552936746419,9.174162719372127
S2-moderate,0.75,113,b,12,6,1,6,6,0.8879392610033014,0.4659979062983841,678.1916908361659,0.1594446881404996,8.63516439315238,27.5715092140162,-45.404000665733626,62.674329452038386,9.174162719372127
S2-moderate,0.75,113,c,12,6,1,6,6,-1.1647472765076348,1.5889135177689333,5.382325185703894,0.3627884730158841,9.407238510291391,4.329020127853459,0.9225149713496315,17.89196204923315,9.174162719372127
S2-moderate,0.75,114,a,11,6,1,6,6,-1.6206328901640603,7.558235343660893,8103.083796751829,0.05889989933376606,66.59311204547981,652.9070512492076,-1213.0811936552145,1346.267417746174,9.174162719372127
S2-moderate,0.75,114,b,11,6,1,6,6,1.730905584729198,0.27141195754075,8103.0508284491425,0.058940950658553294,9.267963714615332,129.11565695396868,-243.79407375539188,262.3300011846225,9.174162719372127
S2-moderate,0.75,114,c,11,6,1,6,6,-0.5672054614224831,1.2876482044409316,8.344284417369623,0.30176327476995507,9.246483773787919,4.4241043612127955,0.5753985619642581,17.91756898561158,9.174162719372127
S2-moderate,0.75,115,a,9,8,1,8,8,-4.002611731639789,-0.5096058359496538,0.00023718549302284404,0.8585290458915293,6.7895228017816125,6249.884037070615,-12242.75809740842,12256.337143011984,9.174162719372127
S2-moderate,0.75,115,b,9,8,1,8,8,1.3755473287553004,0.5228822668217616,2192.29793727065,0.08985609796654619,9.935752969223097,50.510874793224964,-89.06374245310988,108.93524839155609,9.174162719372127
S2-moderate,0.75,115,c,9,8,1,8,8,-1.0631754774958302,1.5186663742928912,3.5529448826102965,0.3513486929025051,9.368257987088827,3.769746941512343,1.9796897508946127,16.756826223283042,9.174162719372127
S2-moderate,0.75,120,a,9,8,1,8,8,-2.5288459969772368,6.9514254042971935,83.05962849500813,0.2142727431385013,22.531492838282603,61.27229110056632,-97.55999096908145,142.62297664564665,9.174162719372127
S2-moderate,0.75,120,b,9,8,1,8,8,0.0015939541870115057,1.09107189987043,48.615833825935674,0.23573983947350466,9.513808739899572,19.660218640046406,-29.019511722774425,48.04712920257357,9.174162719372127
S2-moderate,0.75,120,c,9,8,1,8,8,-0.9169552478365528,1.483362114776833,6.736027660712175,0.334112065562307,9.449323780394481,3.8899714187913603,1.8251198986732389,17.073527662115723,9.174162719372127
S2-moderate,0.75,121,a,13,5,1,5,5,-4.1255495714452,11.428378913695717,291.32313693779923,0.1563184259238542,41.119599663104175,144.4810554252291,-242.05806541868026,324.2972647448886,9.174162719372127
S2-moderate,0.75,121,b,13,5,1,5,5,-0.32782532630794037,1.6381975624673188,28.089070511897724,0.25065191955681926,10.274505820661263,11.821186037952755,-12.894593068273872,33.4436047095964,9.174162719372127
S2-moderate,0.75,121,c,13,5,1,5,5,-1.410963097459568,1.5967476449864284,1.3684089887173216,0.3985782833203401,9.105046271148634,3.102258292364115,3.024731747374239,15.185360794923028,9.174162719372127
S2-moderate,0.75,122,a,11,6,1,6,6,-1.9769014680354693,8.222451717784438,8103.0799265930455,0.06596470579813359,64.86594588152427,1346.0134926042056,-2573.2720223276892,2703.0039140907375,9.174162719372127
S2-moderate,0.75,122,b,11,6,1,6,6,1.6993626547780374,0.24428739649048073,8103.068695505525,0.0650214399144551,8.898522101274919,107.88616584459909,-202.5544773842546,220.35152158680444,9.174162719372127
S2-moderate,0.75,122,c,11,6,1,6,6,-1.8129880270316656,1.7630491192789925,0.7226324859973768,0.4388949243959242,9.199937298332838,2.488676020892137,4.322221928195798,14.077652668469877,9.174162719372127
S2-moderate,0.75,123,a,10,7,1,7,7,1.7168812524033779,-1.1347782992375743,700.1599431018233,0.14679471899490187,3.4092840943193288,25.19607104899763,-45.97410771362837,52.79267590226702,9.174162719372127
S2-moderate,0.75,123,b,10,7,1,7,7,1.5741395160259426,0.23057741085446448,5407.815745060351,0.08225845940732511,8.532221121630938,64.18312528389635,-117.26439285002803,134.3288350932899,9.174162719372127
S2-moderate,0.75,123,c,10,7,1,7,7,-2.051117289642127,1.7846106354248987,0.5250558058430423,0.4665698122175266,9.177187700459832,2.566739193930191,4.146471322649289,14.207904078270376,9.174162719372127
S2-moderate,0.75,124,a,13,5,1,5,5,-5.36898581119567,0.7130837978634845,0.00012340980418900743,0.9789752999968105,7.662928057394218,6947.490034154001,-13609.167321835397,13624.493177950186,9.174162719372127
S2-moderate,0.75,124,b,13,5,1,5,5,-5.346665514876401,0.6622609594350819,0.00012340980415817437,0.9791655048302967,7.634740903518191,4824.651765120203,-9448.50895667968,9463.778438486717,9.174162719372127
S2-moderate,0.75,124,c,13,5,1,5,5,-4.333718260264812,2.2970465123541173,0.007180011190652753,0.7423637370144087,8.854919166235728,19.77353271058295,-29.900492793631525,47.61033112610298,9.174162719372127
S2-moderate,0.75,125,a,10,7,1,7,7,-2.1329448056537474,8.471804620293614,8103.083863968581,0.07071988444186633,62.71215648415749,502.5184652618177,-922.2059369953474,1047.6302499636624,9.174162719372127
S2-moderate,0.75,125,b,10,7,1,7,7,-1.7067896849529012,1.517843744957919,0.7817265898937555,0.43518941437514563,9.021887979597286,5.261678720199411,-1.290812810214364,19.33458876940894,9.174162719372127
S2-moderate,0.75,125,c,10,7,1,7,7,-1.0679173466685312,1.367083198748925,4.20130752761154,0.35947443392207684,9.187177779646786,3.2942248611219176,2.730615694871367,15.643739864422205,9.174162719372127
S2-moderate,0.75,126,a,9,8,1,8,8,-4.644547405285099,-0.29185889847392693,0.00012340980442950147,0.9349243769664327,7.057454278339912,,,,9.174162719372127
S2-moderate,0.75,126,b,9,8,1,8,8,0.9571167679464154,0.4367558063454262,542.815887262808,0.15059592082541526,8.633527739901396,40.52452163663547,-70.7930751586183,88.06013063842109,9.174162719372127
S2-moderate,0.75,126,c,9,8,1,8,8,-1.3654703085720474,1.6280884967516542,2.151476827814975,0.38342571982931795,9.38263516043334,4.117149819111716,1.3131697960187783,17.4521005248479,9.174162719372127
S2-moderate,0.75,127,a,7,9,1,9,9,-1.4389257266913387,6.959322899900718,8103.083651501116,0.07025539837223217,53.240649085794864,499.1937388204725,-925.1611003102255,1031.6423984818152,9.174162719372127
S2-moderate,0.75,127,b,7,9,1,9,9,-4.963429714014153,4.464162384061526,0.006017029727851633,0.6778822842976833,10.664835745537795,19.1636301044843,-26.89518907229899,48.22486056337458,9.174162719372127
S2-moderate,0.75,127,c,7,9,1,9,9,-2.033997939792946,1.7993024357713314,0.4536091787356897,0.4574842733213678,9.307186194375152,2.6821046419124888,4.050357693458976,14.564014695291329,9.174162719372127
S2-moderate,0.75,128,a,9,8,1,8,8,-9.87467491774703,11.97233669138589,0.00012340980428727184,0.8844815452892689,13.765558738234951,63.911745298276855,-111.49916023548482,139.0302777119547,9.174162719372127
S2-moderate,0.75,128,b,9,8,1,8,8,1.766713130439369,0.3358286117623076,7022.191062243375,0.05000000012462003,10.151474931338257,115.39039781447113,-216.00954894677454,236.31249880945103,9.174162719372127
S2-moderate,0.75,128,c,9,8,1,8,8,-0.15525754152502397,1.34619706076621,20.56898216492119,0.24186537164910596,9.84578356915552,7.439606270303251,-4.73557677979721,24.42714391810825,9.174162719372127
S2-moderate,0.75,129,a,10,7,1,7,7,1.3113519926372441,0.7785137039446877,5585.083997258227,0.0835842294261753,11.618322337950088,65.17986924714903,-116.13187390349185,139.36851857939203,9.174162719372127
S2-moderate,0.75,129,b,10,7,1,7,7,-0.2564031845401322,0.8330805884008713,21.614038745862477,0.28744884243281604,8.66778978216764,14.29099744655835,-19.342050516240604,36.67763008057588,9.174162719372127
S2-moderate,0.75,129,c,10,7,1,7,7,-2.2227415588589716,2.0441276035085987,0.4505919425957825,0.47301475469520493,9.428769295534618,2.749031045453245,4.040767454063765,14.816771137005471,9.174162719372127
S2-moderate,0.75,130,a,13,5,1,5,5,-4.569413965352469,0.013328034727438636,0.0001234098041660867,0.9162678343648007,7.089772046083069,8371.803625448392,-16401.34381947462,16415.523363566783,9.174162719372127
S2-moderate,0.75,130,b,13,5,1,5,5,-9.132012396565582,9.875243380432494,0.00012340980528330602,0.9197249057056244,12.428338227746211,52.1778408077165,-89.83835054644246,114.69502700193487,9.174162719372127
S2-moderate,0.75,130,c,13,5,1,5,5,-1.8535351271259295,1.5238676959528146,0.45434594283153124,0.46104034149481826,8.810405721557132,2.8725203806886386,3.180369230550115,14.440442212564149,9.174162719372127
S2-moderate,0.75,131,a,9,8,1,8,8,-2.447813929713993,8.901203939382707,4487.013523824806,0.08558092791834702,55.50156929904254,534.5743216036695,-992.2448481040819,1103.247986702167,9.174162719372127
S2-moderate,0.75,131,b,9,8,1,8,8,1.4470906168601054,0.2658592238296661,3015.98343402081,0.09556877058284498,8.623401592055764,50.30304299325221,-89.96875098748848,107.21555417160002,9.174162719372127
S2-moderate,0.75,131,c,9,8,1,8,8,-1.8693614686698306,1.7490014123320967,0.7407003087693167,0.43987136467934146,9.319410101216484,2.5599502862429655,4.301999737967269,14.3368204644657,9.174162719372127
S2-moderate,0.75,132,a,7,9,1,9,9,-5.653127477240873,2.2722895385160826,0.0001234098041071628,0.8997243326555386,8.700308669741663,5752.508954366626,-11266.010062633011,11283.410679972496,9.174162719372127
S2-moderate,0.75,132,b,7,9,1,9,9,1.6496158143662805,0.3624973593884788,6030.9881415017835,0.06281704170720567,9.962394754015918,148.9330603611388,-281.9410396611461,301.8658291691779,9.174162719372127
S2-moderate,0.75,132,c,7,9,1,9,9,-1.3178777198428453,1.6353466529341056,2.0536622869367678,0.3736023319085823,9.488098920542301,3.467402733206103,2.692114443562594,16.284083397522007,9.174162719372127
S2-moderate,0.75,133,a,13,5,1,5,5,-2.2811523773808577,-1.465205918100577,0.009600172013590607,0.69988913222834,5.949862666939211,152.65350961615394,-293.2455182943613,305.14524362823977,9.174162719372127
S2-moderate,0.75,133,b,13,5,1,5,5,-4.811696192210558,4.223181811988809,0.011845181032231263,0.6884353686388772,10.289991854893314,10.380413644042777,-10.055245032058709,30.63522874184534,9.174162719372127
S2-moderate,0.75,133,c,13,5,1,5,5,-1.428767163205031,0.9977710212508317,1.288281850205711,0.4356005935319263,8.36965653077078,3.0064220671759796,2.4771775567794005,14.262135504762158,9.174162719372127
S2-moderate,0.75,134,a,10,7,1,7,7,2.552648771879028,-1.823316366991083,4676.903008612251,0.07756024619756552,-4.204998151258084,62.03578202241462,-125.7928966679681,117.38290036545193,9.174162719372127
S2-moderate,0.75,134,b,10,7,1,7,7,1.5580150291084287,0.31614036722558914,4395.297655462448,0.07891379567732275,9.067349029668833,62.81949215550406,-114.05659312221557,132.19129118155325,9.174162719372127
S2-moderate,0.75,134,c,10,7,1,7,7,-0.9794152769773147,1.4805418250344318,4.182556882824928,0.34302591102850893,9.350904472649932,4.222843908714773,1.074282499234629,17.627526446065232,9.174162719372127
S2-moderate,0.75,135,a,10,7,1,7,7,-3.7176895160858323,11.610128250576425,1893.061262117948,0.08935656272914885,67.37108253493943,,,,9.174162719372127
S2-moderate,0.75,135,b,10,7,1,7,7,1.4767631311389868,0.36809272628568657,2139.4371384861547,0.08633209155357,9.121280331023469,72.27782943312168,-132.54066223862412,150.78322290067103,9.174162719372127
S2-moderate,0.75,135,c,10,7,1,7,7,-0.6851764273931702,1.3601703611106806,5.595221762730768,0.3113149484549079,9.31994748447211,4.543702315957552,0.41445458872407315,18.225440380220146,9.174162719372127
S2-moderate,0.75,140,a,11,6,1,6,6,-3.262882422560316,-1.6081420665433952,0.00040980102377084207,0.8320333791967781,5.789164952929496,8864.33228771013,-17367.982865954466,17379.561195860326,9.174162719372127
S2-moderate,0.75,140,b,11,6,1,6,6,-6.075561874056794,5.787518125108085,0.0016336907625223924,0.7541120469619514,11.079391934230527,32.686387658881834,-52.98475066189236,75.14353453035342,9.174162719372127
S2-moderate,0.75,140,c,11,6,1,6,6,-0.8336063965999284,1.6409427331736608,6.915611657378028,0.31343811169450164,9.792197499775291,5.098367905745845,-0.2004199754214664,19.78481497497205,9.174162719372127
S2-moderate,0.75,141,a,12,6,1,6,6,0.2524480774767439,3.44515081910689,8103.082426794956,0.06207187701958639,32.93507780857731,280.33049612848777,-516.5025983715038,582.3727539886584,9.174162719372127
S2-moderate,0.75,141,b,12,6,1,6,6,1.734579544821783,0.22616072812075366,8101.55739842072,0.06186670798014795,8.76873444798176,69.23643370494835,-126.9321820317121,144.46965092767562,9.174162719372127
S2-moderate,0.75,141,c,12,6,1,6,6,-0.3886287439766841,1.1484505437038672,11.389593456515227,0.2887735429626002,9.03760646086271,5.9097011605382255,-2.5451949731867725,20.62040789491219,9.174162719372127
S2-moderate,0.75,142,a,9,8,1,8,8,-6.3303920139199175,3.8090618023937326,0.00012340980421901248,0.9047669250851399,9.469847122351043,3918.867483735546,-7671.369281184426,7690.308975429128,9.174162719372127
S2-moderate,0.75,142,b,9,8,1,8,8,-8.937846395487789,11.999999996487588,0.0017361993586683588,0.7518667173826602,14.948333221671023,7.480591526603408,0.2866432464728401,29.610023196869207,9.174162719372127
S2-moderate,0.75,142,c,9,8,1,8,8,-1.3138550047432855,1.6406467567364023,1.7485167232794827,0.377025425591897,9.373604627700614,4.348985125171844,0.8497504130633793,17.897458842337848,9.174162719372127
S2-moderate,0.75,143,a,5,11,1,11,11,-4.741356604426487,10.887889558749407,142.85385891695097,0.26473155560414946,26.60674803675747,134.68795268222487,-237.37678837183827,290.59028444535323,9.174162719372127
S2-moderate,0.75,143,b,5,11,1,11,11,-6.707279505410581,3.0184288477048464,0.00012340980421255383,0.9913111528093745,9.04387046123325,1798.2088632676223,-3515.380738224017,3533.468479146484,9.174162719372127
S2-moderate,0.75,143,c,5,11,1,11,11,-4.390474897768362,2.0034667752296818,0.006801414059438857,0.7512519126627675,8.828145197073912,20.18547970817418,-30.734668041611567,48.39095843575939,9.174162719372127
S2-moderate,0.75,148,a,14,4,1,4,4,-0.8977509612699044,5.599181640725341,6068.253010348629,0.08384750587495184,38.143247296939315,426.64233439289603,-798.0603623932313,874.34685698711,9.174162719372127
S2-moderate,0.75,148,b,14,4,1,4,4,1.61487982687978,0.10359384916643344,5368.818608251027,0.08582843127093034,7.688602597706642,48.288315401024114,-86.95475646241144,102.33196165782473,9.174162719372127
S2-moderate,0.75,148,c,14,4,1,4,4,-2.877657096321969,1.8760121669833802,0.07528108288711131,0.5791274649139326,8.801444326466683,3.584368065976417,1.7762120098174172,15.826676643115949,9.174162719372127
S2-moderate,0.75,149,a,10,7,1,7,7,-5.667042445509868,11.978610899063483,10.124741966704265,0.3247112047767479,24.54238409177074,50.390279959228415,-74.22074979920741,123.3055179827489,9.174162719372127
S2-moderate,0.75,149,b,10,7,1,7,7,0.7933002751827845,0.41384897725570624,342.03908995075943,0.1741760974913025,8.387185968790792,19.164890270365866,-29.175308728788405,45.949680666369986,9.174162719372127
S2-moderate,0.75,149,c,10,7,1,7,7,-1.4284707815586013,2.0241842581240004,2.6728210042601637,0.36751182232872476,9.99057006156926,4.815949839368335,0.5514818250558662,19.429658298082654,9.174162719372127
S2-moderate,0.75,150,a,9,8,1,8,8,-4.385301770200404,-0.7796577099193425,0.00012340980438681784,0.924963692128577,6.7431784802318955,11390.727183332934,-22318.671858573693,22332.158215534157,9.174162719372127
S2-moderate,0.75,150,b,9,8,1,8,8,0.9681523323150611,0.4646256188986444,542.2390771014993,0.1465250294903004,8.794481214863108,,,,9.174162719372127
S2-moderate,0.75,150,c,9,8,1,8,8,-2.4247371837308744,2.0305391357815314,0.33170728444960695,0.4967213762400437,9.39169984297566,2.271041354382082,4.940540580985713,13.842859104965607,9.174162719372127
S2-moderate,0.75,151,a,12,6,1,6,6,0.3282980354974534,3.139938949521119,8103.083890790647,0.07024629265440702,28.016218729064356,193.57728980575925,-351.3882975150963,407.420734973225,9.174162719372127
S2-moderate,0.75,151,b,12,6,1,6,6,1.691274943210705,0.16167337488310723,7912.734751795683,0.07119368116542533,8.23933722941557,,,,9.174162719372127
S2-moderate,0.75,151,c,12,6,1,6,6,-2.000327197901931,2.2330133032783883,0.8341631512623021,0.43396616035541796,9.777006006531417,2.5982112392498826,4.684605553374466,14.869406459688369,9.174162719372127
S2-moderate,0.75,144,a,11,6,1,6,6,-8.322151296010583,7.9924771631465985,0.00012340980470660172,0.9258273290972369,11.466359517395107,522.3490697837422,-1012.319004616739,1035.2517236515291,9.174162719372127
S2-moderate,0.75,144,b,11,6,1,6,6,-7.992449342517752,7.471882313522547,0.00012340980412932218,0.9139755972524387,11.25052346390664,156.43692600963342,-295.3602173671321,317.8612642949454,9.174162719372127
S2-moderate,0.75,144,c,11,6,1,6,6,-1.7761627649727456,1.3734773754350953,0.4646437548091461,0.4586713777534724,8.673189693694308,2.981735077161905,2.8290963310172152,14.5172830563714,9.174162719372127
S2-moderate,0.75,145,a,10,7,1,7,7,-2.2578867544635197,8.729496202476042,8103.083428605312,0.07152052450183159,63.7579365311207,614.2745390893381,-1140.1980367039234,1267.713909766165,9.174162719372127
S2-moderate,0.75,145,b,10,7,1,7,7,1.5827244328036472,0.35349035371896487,7517.425803062075,0.07309964483942909,9.536387093036108,105.76181703763224,-197.75296524023776,216.82573942630995,9.174162719372127
S2-moderate,0.75,145,c,10,7,1,7,7,-1.5871646733941036,2.031287599882978,2.4589753658839135,0.389757403425213,9.844338544102294,3.1701807835394082,3.6308983838840856,16.057778704320505,9.174162719372127
S2-moderate,0.75,146,a,7,9,1,9,9,-7.799790155789115,6.986190471029733,0.0001234098047897595,0.8996588674280116,11.212499829862553,378.0878957438597,-729.8261588186373,752.2511584783623,9.174162719372127
S2-moderate,0.75,146,b,7,9,1,9,9,-9.281774560454181,10.385523912653316,0.0001524652892101413,0.8890088678680249,13.027208454031044,35.167132405020276,-55.89910449936015,81.95352140742223,9.174162719372127
S2-moderate,0.75,146,c,7,9,1,9,9,-0.8094063630742776,1.3794817722086505,7.296321664115628,0.32280271683202527,9.433691515419499,3.8200591881697266,1.946513087795517,16.92086994304348,9.174162719372127
S2-moderate,0.75,147,a,9,8,1,8,8,-4.094018677061963,5.868760133324903,0.2531861743309471,0.4888840569976105,13.056625457400223,35.46095310117349,-56.445565478363754,82.5588163931642,9.174162719372127
S2-moderate,0.75,147,b,9,8,1,8,8,-0.5316629601939614,1.2547334717640108,11.636407859657036,0.2982672729684314,9.26836684484349,13.015551632875189,-16.241645594513372,34.778379284200355,9.174162719372127
S2-moderate,0.75,147,c,9,8,1,8,8,-2.0583285700243117,2.053504174505613,0.628101125642931,0.4525543358438572,9.491992102462541,2.5307663012092374,4.531781298804789,14.452202906120293,9.174162719372127
S2-moderate,0.75,136,a,10,7,1,7,7,2.5373417996400294,-1.9319031282805819,3923.3973793139567,0.08591608482109606,-3.684452268072012,73.66621019543196,-148.067571128676,140.69866659253196,9.174162719372127
S2-moderate,0.75,136,b,10,7,1,7,7,-1.6760554441668438,1.5486403665869586,0.8539310628050765,0.4295775552303295,9.070783830084478,5.073647292405672,-0.8733821332898,19.014949793458754,9.174162719372127
S2-moderate,0.75,136,c,10,7,1,7,7,-1.4550719983966443,1.7121228067704528,1.4687444961082445,0.3902917127893693,9.42790711431079,3.5738773823513412,2.4232361597398766,16.432578068881703,9.174162719372127
S2-moderate,0.75,137,a,9,8,1,8,8,-3.32339974645667,11.044330273276282,8103.075694721452,0.07217472835575922,77.94726433837229,,,,9.174162719372127
S2-moderate,0.75,137,b,9,8,1,8,8,1.4836389819501248,0.2974493593612558,4047.244771098536,0.09029739008227261,8.758402208020948,53.39185099718389,-95.88770281438843,113.40450723043034,9.174162719372127
S2-moderate,0.75,137,c,9,8,1,8,8,-2.2843305489861034,1.8767385828515355,0.3136755725716774,0.4929561425449111,9.155459009944053,2.4310184199053344,4.390750461176128,13.920167558711977,9.174162719372127
S2-moderate,0.75,138,a,8,9,1,9,9,-3.455199068484573,3.091700877362748,0.11562861692940209,0.5697122486316081,10.040416257773858,37.43467246093077,-63.33019353870385,83.41102605425156,9.174162719372127
S2-moderate,0.75,138,b,8,9,1,9,9,-3.370011554030793,2.6672994288696596,0.08933711977213168,0.5842792689083762,9.628911394311029,6.4289571946987465,-2.971613165448174,22.229435954070233,9.174162719372127
S2-moderate,0.75,138,c,8,9,1,9,9,-2.4941177298628223,2.1388762562175963,0.3547884514906264,0.5009271764693919,9.463514811700106,2.698766399260681,4.174029866462328,14.752999756937886,9.174162719372127
S2-moderate,0.75,139,a,5,11,1,11,11,-5.990516732942941,2.0991670226987704,0.00012340980415755025,0.9559892433848759,8.57943299958404,4999.172331085284,-9789.618288436719,9806.777154435887,9.174162719372127
S2-moderate,0.75,139,b,5,11,1,11,11,-4.069051368823475,2.994553077511674,0.026463873730928573,0.6508022922199833,9.72500575120706,11.122991449973743,-12.075656891088428,31.52566839350255,9.174162719372127
S2-moderate,0.75,139,c,5,11,1,11,11,-3.5771932463317673,1.717960282506992,0.025015845385303572,0.6630235369338094,8.76012223483198,6.764868086875118,-4.4987755756076275,22.01902004527159,9.174162719372127
S2-moderate,0.75,152,a,9,8,1,8,8,-3.4255925608539872,10.985817101146583,3875.5454507172567,0.0891271686820404,64.26733816158243,295.5340189095372,-514.9686951074898,643.5033714306546,9.174162719372127
S2-moderate,0.75,152,b,9,8,1,8,8,-3.8442872121487603,2.3419661858745195,0.01109900293235788,0.6708221876315625,9.040501076645848,34.88436971585049,-59.33160718980087,77.41260934309257,9.174162719372127
S2-moderate,0.75,152,c,9,8,1,8,8,-1.702398238240289,1.787621237530867,0.8400882054217882,0.41930848537816073,9.359277169234344,3.76886016022473,1.9724469924260157,16.746107346042674,9.174162719372127
S2-moderate,0.75,153,a,12,6,1,6,6,-9.859458620494626,10.969314473387417,0.00012340980416666959,0.9451388242244363,12.8659803945707,53.57748212400805,-92.14395495082364,117.87591573996504,9.174162719372127
S2-moderate,0.75,153,b,12,6,1,6,6,0.1161804145530108,0.9112922606846652,70.37273860912221,0.23404649125521915,9.109942214011419,24.502999981357622,-38.915055262635136,57.13493969065797,9.174162719372127
S2-moderate,0.75,153,c,12,6,1,6,6,-2.738194240232234,1.51489745389867,0.0818682523130736,0.5768225912133359,8.580090807038992,4.154814535116984,0.4368039557661767,16.723377658311808,9.174162719372127
S2-moderate,0.75,154,a,12,6,1,6,6,0.5743779338861765,2.524690009687388,8102.339624752408,0.07499243932742632,22.938459695887158,598.389637182906,-1149.8836779045985,1195.7605972963727,9.174162719372127
S2-moderate,0.75,154,b,12,6,1,6,6,0.3088585913341827,1.1663222971622242,207.84823037722626,0.19286657090056836,10.138856555363052,20.85454005380364,-30.73529086424008,51.01300397496618,9.174162719372127
S2-moderate,0.75,154,c,12,6,1,6,6,-2.1164313947474076,2.030271241112466,0.6309084015172979,0.46277192878063206,9.416226550158006,2.671884587940851,4.179428986946295,14.653024113369717,9.174162719372127
S2-moderate,0.75,155,a,11,6,1,6,6,0.8036092004427098,0.05225424864108258,174.62238593446844,0.19501751254853486,7.335184827797759,37.763022000067274,-66.67897823972781,81.34934789532333,9.174162719372127
S2-moderate,0.75,155,b,11,6,1,6,6,1.2854037865463424,0.4640709115910846,2208.539008406355,0.1062297244835498,9.281760805147,42.05353503389149,-73.14165328387372,91.70517489416773,9.174162719372127
S2-moderate,0.75,155,c,11,6,1,6,6,-1.3888298004344146,1.1843972592390097,1.4144060016892426,0.41658577052252566,8.657199380036698,2.8979806425684105,2.9772616927083693,14.337137067365026,9.174162719372127
S2-moderate,0.75,156,a,5,11,1,11,11,-10.212189340458892,11.667140977705698,0.00012340980480204675,0.923981593395569,13.542948212444113,44.81280684865035,-74.28853925706044,101.37443568194867,9.174162719372127
S2-moderate,0.75,156,b,5,11,1,11,11,-2.6532131282791758,2.73946757105545,0.4324612284835313,0.4771340770942134,10.295642603585955,4.1550053108942056,2.151981838660662,18.439303368511247,9.174162719372127
S2-moderate,0.75,156,c,5,11,1,11,11,-2.739925747415227,2.540007559819022,0.2994675470774332,0.5042014368144576,9.90614694791268,2.1848622883534823,5.623895551560088,14.18839834426527,9.174162719372127
S2-moderate,0.75,157,a,12,6,1,6,6,-2.5588424854455374,5.901234816426083,10.0983376760564,0.28885933982498785,16.795571011910386,57.3376203646783,-95.58409986208945,129.17524188591022,9.174162719372127
S2-moderate,0.75,157,b,12,6,1,6,6,1.7511566338758584,0.31066792873413696,8101.946089863096,0.05481760928856815,9.586150217190955,,,,9.174162719372127
S2-moderate,0.75,157,c,12,6,1,6,6,-0.9586378335273243,1.604800618333957,3.7045287003746963,0.3402278890587828,9.34818772884937,4.35717025784709,0.8082909489599714,17.888084508738768,9.174162719372127
S2-moderate,0.75,158,a,11,6,1,6,6,-1.1920790367535874,6.357155364126482,8103.083581801104,0.07501139096108478,46.570224979946154,300.99102694313575,-543.361347498325,636.5017974582173,9.174162719372127
S2-moderate,0.75,158,b,11,6,1,6,6,1.6114912386988136,0.26397482110702875,8071.073192774977,0.07484046942234154,8.932240861250374,,,,9.174162719372127
S2-moderate,0.75,158,c,11,6,1,6,6,-1.4747279078132285,1.6963798644453252,2.154270048069617,0.39467648371309266,9.410587689045887,3.3171360445960634,2.909120509817952,15.91205486827382,9.174162719372127
S2-moderate,0.75,159,a,9,8,1,8,8,-7.3560207181193995,5.5263795698078235,0.0001234098042115612,0.9373359898473118,10.27945692993653,566.9478806700928,-1100.9179702947577,1121.4768841546306,9.174162719372127
S2-moderate,0.75,159,b,9,8,1,8,8,-7.9566244511849895,8.350761544751633,0.0006498109090550235,0.8453466448052686,12.129509247057662,26.51115762501364,-39.83140488643351,64.09042338054883,9.174162719372127
S2-moderate,0.75,159,c,9,8,1,8,8,-2.042169355533373,1.5702310495941598,0.481649521650116,0.4785276985837497,8.921129840010215,2.760653260058769,3.510348876491939,14.33191080352849,9.174162719372127
S2-moderate,0.75,164,a,14,4,1,4,4,-4.769336232186543,0.8016125843354158,0.0002378610081902692,0.9008383114035914,7.603356141100366,3941.2632032810284,-7717.130575882681,7732.337288164882,9.174162719372127
S2-moderate,0.75,164,b,14,4,1,4,4,-10.100411909512665,11.999999999650367,0.0001527284348828294,0.9250924248299575,13.405850181248935,23.10302753053928,-31.875251712445397,58.68695207494327,9.174162719372127
S2-moderate,0.75,164,c,14,4,1,4,4,-1.4586895594274878,1.66014903658261,2.001100782127535,0.4029622485663879,9.168768462731464,3.369229170445258,2.565200632996995,15.772336292465933,9.174162719372127
S2-moderate,0.75,165,a,8,9,1,9,9,-4.937716915191409,0.016147002976001974,0.0001234098044800744,0.9482539292840835,7.360309156186992,11397.420560088916,-22331.173505274422,22345.894123586793,9.174162719372127
S2-moderate,0.75,165,b,8,9,1,9,9,-8.774517823299485,8.314215169536288,0.00012340980461374415,0.9509386901671572,11.642666653246437,207.44158755792765,-394.935373856104,418.2207071625968,9.174162719372127
S2-moderate,0.75,165,c,8,9,1,9,9,-1.1517692158901822,1.112121821978785,3.646542862158799,0.38450711504402724,8.809427611937883,3.6347962806575977,1.6853578107088492,15.933497413166917,9.174162719372127
S2-moderate,0.75,166,a,12,6,1,6,6,-1.2447728552135633,5.7281764165264555,1232.6480157663716,0.12169534886635289,29.12217716014344,,,,9.174162719372127
S2-moderate,0.75,166,b,12,6,1,6,6,1.6969226807329552,0.20803134011764945,8098.720677030888,0.06784439016920353,8.565013463134914,,,,9.174162719372127
S2-moderate,0.75,166,c,12,6,1,6,6,-1.6111657607957557,1.8056506324026043,1.3841822680235212,0.4103040040867534,9.371078983446903,3.164438712948938,3.1688930747827024,15.573264892111105,9.174162719372127
S2-moderate,0.75,167,a,12,6,1,6,6,-0.5158931678370624,4.909416349777769,8103.083384686842,0.07399930068106989,38.0515850268813,283.0179074069376,-516.6533204706082,592.7564905243707,9.174162719372127
S2-moderate,0.75,167,b,12,6,1,6,6,1.6424345169080201,0.2399578263032192,8103.073188485719,0.07245862217040877,8.789646172491286,,,,9.174162719372127
S2-moderate,0.75,167,c,12,6,1,6,6,-2.158633981486425,1.9032975808005683,0.4856377822830633,0.47262274880095084,9.297211809062425,2.3247181539815434,4.74084795305216,13.85357566507269,9.174162719372127
S2-moderate,0.75,160,a,10,7,1,7,7,-1.606633901413547,5.498432996471848,179.79915624765087,0.1838736371043385,21.227389781318085,,,,9.174162719372127
S2-moderate,0.75,160,b,10,7,1,7,7,1.5192592272859438,0.3494433148507595,3813.8163670523563,0.08288765505764785,9.088746506466936,93.64381185925558,-174.44975211271878,192.62724512565268,9.174162719372127
S2-moderate,0.75,160,c,10,7,1,7,7,-0.9998634129495083,1.7532789848441221,5.44245127735095,0.33232726944408775,9.74504517755561,4.805245850933939,0.3269363728645658,19.163153982246655,9.174162719372127
S2-moderate,0.75,161,a,9,8,1,8,8,-2.0627309831937817,7.167219390631601,484.7707870759192,0.14075021387747053,30.99800981592287,,,,9.174162719372127
S2-moderate,0.75,161,b,9,8,1,8,8,-2.48772674557355,2.0573674933738655,0.15538251916028947,0.5071898889484706,9.276415486003616,10.048217779470924,-10.41772947057443,28.970560442581665,9.174162719372127
S2-moderate,0.75,161,c,9,8,1,8,8,-2.4171812577806957,1.6319417770128501,0.12502453046509177,0.5239891023208285,8.81240901537216,3.092455898664153,2.7513068302119725,14.873511200532345,9.174162719372127
S2-moderate,0.75,162,a,14,4,1,4,4,1.3628514340957745,0.8759522109076419,8103.083801902596,0.07137012469748362,12.920573139236351,84.73828343351173,-153.16341050219373,179.00455678066643,9.174162719372127
S2-moderate,0.75,162,b,14,4,1,4,4,1.5335823087823957,0.5124505153414115,8103.083916105953,0.07084625840667214,10.560010836319949,106.93683127527109,-199.03232708404784,220.15234875668773,9.174162719372127
S2-moderate,0.75,162,c,14,4,1,4,4,-2.5083101596808115,2.806947391708553,0.45040181204749935,0.46922896692687305,10.148014991516622,2.353007084161309,5.5362058511928485,14.759824131840395,9.174162719372127
S2-moderate,0.75,163,a,13,5,1,5,5,-4.403840839861304,10.946691784319817,96.4193853801912,0.22202050114624805,30.204062832924688,64.0606583294885,-95.3525203187986,155.76064598464797,9.174162719372127
S2-moderate,0.75,163,b,13,5,1,5,5,1.5357034188782108,0.32403712697755727,5531.661165007433,0.08195916681791154,9.048096693406654,,,,9.174162719372127
S2-moderate,0.75,163,c,13,5,1,5,5,-2.161993985848004,1.6199046840627922,0.3466097197784893,0.4943499452346308,8.870988549287997,2.581756325293244,3.8108391348547626,13.93113796372123,9.174162719372127
S2-moderate,0.75,168,a,13,5,1,5,5,-1.9883636467056967,7.660487223452172,6798.644982462686,0.10103861127473196,42.46174531826068,,,,9.174162719372127
S2-moderate,0.75,168,b,13,5,1,5,5,1.3253817415583522,0.07802621344548141,3259.118227032517,0.12398747903275038,7.665990856578984,,,,9.174162719372127
S2-moderate,0.75,168,c,13,5,1,5,5,-1.5942097820441488,1.271536677272541,2.0523872481370504,0.43566973225523753,8.812542603370975,2.6188927302558644,3.67960717269571,13.94547803404624,9.174162719372127
S2-moderate,0.75,169,a,9,8,1,8,8,-3.9504771297498102,-1.9765403070151135,0.00012340980515931986,0.9421733763811576,5.906184455535839,22900.66961387276,-44878.58148058586,44890.393849496926,9.174162719372127
S2-moderate,0.75,169,b,9,8,1,8,8,-10.340817279804659,11.999999980262434,0.0001234098040993875,0.9367988004461005,13.495133091512882,,,,9.174162719372127
S2-moderate,0.75,169,c,9,8,1,8,8,-3.6360130167084987,2.490518367602992,0.034255952697255176,0.6321871745291956,9.302456847330028,3.8896494679228373,1.6788839777158824,16.92602971694417,9.174162719372127
S2-moderate,0.75,170,a,13,5,1,5,5,-0.9467273244603551,0.8565562071456698,5.24988019780607,0.37915124663037536,8.388994245968643,34.507033390723144,-59.243548413169776,76.02153690510707,9.174162719372127
S2-moderate,0.75,170,b,13,5,1,5,5,0.6510900862016216,0.3617840777068899,293.09633175335307,0.19713168551214405,8.147372068738758,25.621160447516743,-42.06917965051619,58.36392378799371,9.174162719372127
S2-moderate,0.75,170,c,13,5,1,5,5,-3.1093637919751322,2.3042702320707056,0.09921378205313852,0.5767688843329932,9.28367660481501,2.9372515013343152,3.5267694486635497,15.04058376096647,9.174162719372127
S2-moderate,0.75,171,a,12,6,1,6,6,-3.557840991087755,-1.2607862662630516,0.00038308836161471047,0.8590537246207871,6.144616280505137,4422.5966087203415,-8661.985454960344,8674.274687521356,9.174162719372127
S2-moderate,0.75,171,b,12,6,1,6,6,1.4831064611010367,0.4408381036638216,3951.9844291931418,0.08195639479216561,9.65235308593591,49.98376490852464,-88.31402594648937,107.6187321183612,9.174162719372127
S2-moderate,0.75,171,c,12,6,1,6,6,-1.0058327699926226,1.319684153821258,3.7625910122066006,0.35901497781084524,9.002476343018811,3.707577087658419,1.7357587813024073,16.269193904735214,9.174162719372127
S2-moderate,0.75,172,a,5,11,1,11,11,-7.596940069472993,5.823757805564071,0.00012340980425769513,0.9304035151556079,10.620351889402288,425.3878579657535,-823.1245291841145,844.3652329629191,9.174162719372127
S2-moderate,0.75,172,b,5,11,1,11,11,-8.29411652657747,9.007434989135627,0.0007168486330366534,0.8315277259026362,12.739103516396368,8.114256932640275,-3.1645478328830237,28.64275486567576,9.174162719372127
S2-moderate,0.75,172,c,5,11,1,11,11,-1.678180264938387,1.819532684037852,1.898485551331127,0.4059990488169611,9.66961650720405,3.209911877322014,3.378304834105551,15.96092818030255,9.174162719372127
S2-moderate,0.75,173,a,12,6,1,6,6,-3.034279837313651,10.478797358687123,8103.083643161683,0.06864294209631923,77.74504088206278,621.412737792442,-1140.2015447255558,1295.6916264896813,9.174162719372127
S2-moderate,0.75,173,b,12,6,1,6,6,1.6629275635115457,0.29118516126255206,8103.08387364533,0.06703904136881902,9.187347282157608,95.53335199132015,-178.05458194321773,196.42927650753296,9.174162719372127
S2-moderate,0.75,173,c,12,6,1,6,6,-0.5600754808045699,1.2395146557010066,11.400366554905386,0.30413026041182634,9.18724434405519,4.549716871979159,0.2699631351218059,18.104525552988573,9.174162719372127
S2-moderate,0.75,174,a,12,6,1,6,6,-2.2421364687684973,8.607673810660062,8102.959911151092,0.07829515056404189,58.03990753033327,647.863437770251,-1211.7490973996653,1327.8289124603318,9.174162719372127
S2-moderate,0.75,174,b,12,6,1,6,6,1.4955063294185122,0.11445339223647744,3387.8497867895912,0.10092217490126333,7.689246968636687,78.02014120620207,-145.22741986424876,160.60591380152215,9.174162719372127
S2-moderate,0.75,174,c,12,6,1,6,6,-2.728922679007162,1.8102194177454032,0.11130687250881365,0.5612930464946801,8.822878175932987,3.0352584828088873,2.8738808658578803,14.771875486008092,9.174162719372127
S2-moderate,0.75,175,a,10,7,1,7,7,-9.556959366876683,10.46277457174942,0.00012340980425825371,0.9334812261102766,12.701878390655564,91.2719264481657,-166.18781024733804,191.59156702864917,9.174162719372127
S2-moderate,0.75,175,b,10,7,1,7,7,-3.203755072836212,1.8414334562185788,0.03268439423670107,0.6166560038798824,8.78178404326638,12.859100433157051,-16.421589679304848,33.98515776583761,9.174162719372127
S2-moderate,0.75,175,c,10,7,1,7,7,-1.9443925310744277,2.117965698416925,0.9204274191017825,0.4306788477670404,9.720816135548974,2.965555847539544,3.908433480229312,15.533198790868635,9.174162719372127
S2-moderate,0.75,176,a,10,7,1,7,7,2.3382652562696067,-1.4735472715283193,8103.073395836048,0.08427068145963089,-0.9769930209541224,45.35607632622076,-89.87326910039658,87.91928305848833,9.174162719372127
S2-moderate,0.75,176,b,10,7,1,7,7,1.532228340849069,0.30422124128848566,8103.083903289074,0.08252076954653013,9.082797696132415,79.53116060915663,-146.7954127464852,164.96100813875003,9.174162719372127
S2-moderate,0.75,176,c,10,7,1,7,7,-1.6303133858677463,1.4483743313162452,1.3726407562519258,0.42720736508803553,9.047502075094233,2.7881167157768676,3.582893727477474,14.512110422710991,9.174162719372127
S2-moderate,0.75,177,a,12,6,1,6,6,-9.47213135057482,9.341335256148788,0.00012340980504473476,0.9940299301091118,11.842609848417148,,,,9.174162719372127
S2-moderate,0.75,177,b,12,6,1,6,6,0.8543576535869588,0.6328344555188483,1290.3605386155712,0.15349734403485782,9.262162757792076,26.08435712413048,-41.86223776538445,60.3865632809686,9.174162719372127
S2-moderate,0.75,177,c,12,6,1,6,6,-2.989710294694081,0.656100819899377,0.03904441514645289,0.663386443767332,7.822248801715915,7.50864404721958,-6.894423103565529,22.53892070699736,9.174162719372127
S2-moderate,0.75,178,a,15,3,1,3,3,-3.734066637505784,-1.9958674814259416,0.00012340980411760117,0.9388202730276219,5.528651319905659,14621.731585790445,-28652.5386484411,28663.59595108091,9.174162719372127
S2-moderate,0.75,178,b,15,3,1,3,3,-6.924847274416512,4.9363403752261075,0.00012340980422852663,0.9390655986504755,9.787997760008333,792.9886174141507,-1544.441132521939,1564.0171280419554,9.174162719372127
S2-moderate,0.75,178,c,15,3,1,3,3,-1.3764014326947105,1.4747479283350038,1.553949099570318,0.40434450963522783,8.895697336609093,3.76726698490803,1.5119897260425548,16.27940494717563,9.174162719372127
S2-moderate,0.75,179,a,8,9,1,9,9,-4.641916826296135,0.1975736008699775,0.0001234098051981371,0.9001078437488461,7.326506065357849,7426.551513663141,-14548.446990045823,14563.100002176538,9.174162719372127
S2-moderate,0.75,179,b,8,9,1,9,9,1.7250804528242125,0.2645763490115688,7813.0121436920945,0.05947063733955815,9.27803428012167,,,,9.174162719372127
S2-moderate,0.75,179,c,8,9,1,9,9,-1.6195799578770949,1.8145870741448322,1.036152087541909,0.40581175089341426,9.470802720878813,3.4460414414902907,2.7166856063253517,16.224919835432274,9.174162719372127
S2-moderate,0.75,180,a,10,7,1,7,7,1.1832078954853262,1.4695187383258643,8103.083461391576,0.05774581550932921,19.130024719248194,169.4832466766923,-313.0510347499865,351.3110841884829,9.174162719372127
S2-moderate,0.75,180,b,10,7,1,7,7,1.715074979618588,0.3066277449057234,8102.938677920578,0.058260868430113175,9.654717055030394,191.71533220605394,-366.10042935296724,385.40986346302805,9.174162719372127
S2-moderate,0.75,180,c,10,7,1,7,7,-0.09110455617792382,1.161566994176538,24.608078222062616,0.24313454622604566,9.538444759132046,6.228955928196535,-2.6700845214204243,21.746974039684517,9.174162719372127
S2-moderate,0.75,181,a,12,6,1,6,6,-0.5753287756156367,4.815011517958197,1719.7829828002327,0.08953958233218767,32.079854029507295,,,,9.174162719372127
S2-moderate,0.75,181,b,12,6,1,6,6,1.835410427361026,0.1625166330976789,8103.013332035918,0.05292809331423711,8.293476792509423,,,,9.174162719372127
S2-moderate,0.75,181,c,12,6,1,6,6,-1.3178069898066638,1.3460104268189597,1.0229781087644951,0.40612611954932887,8.650444340496124,2.6979013165196464,3.3626549262744208,13.938233754717828,9.174162719372127
S2-moderate,0.75,182,a,13,5,1,5,5,-7.934537471701176,6.851809013937436,0.0001234098063911333,0.947720450031332,10.7880513449296,377.7782579727009,-729.6437284238457,751.2198311137049,9.174162719372127
S2-moderate,0.75,182,b,13,5,1,5,5,0.39797693759282593,0.5928507032545114,112.91015581666281,0.2178822910117336,8.480882143061775,13.901909048353183,-18.76635890806196,35.72812319418551,9.174162719372127
S2-moderate,0.75,182,c,13,5,1,5,5,-3.1540225822898527,2.577556231417415,0.07993123938531145,0.5688908322818523,9.484136127026009,3.0084733719082446,3.5876366696380737,15.380635584413945,9.174162719372127
S2-moderate,0.75,183,a,11,6,1,6,6,-0.4898018914143665,3.7880909720981846,909.2642767841047,0.13880128553129067,20.05854501527773,132.45474613147533,-239.54798698380995,279.6650770143654,9.174162719372127
S2-moderate,0.75,183,b,11,6,1,6,6,1.4735236747301095,0.0944360613411293,2597.21698267505,0.10380054587920577,7.652710364392933,,,,9.174162719372127
S2-moderate,0.75,183,c,11,6,1,6,6,-2.5461645493195384,2.746497140416281,0.37663616929718996,0.4708000295842866,10.189030675935168,2.8326893847654633,4.6370615024059365,15.7409998494644,9.174162719372127
S2-moderate,0.75,188,a,14,4,1,4,4,-2.0908438835359107,8.25249164874042,6904.728566672891,0.07976520339833587,55.07196198526305,839.2650090765221,-1589.8572292894019,1700.0011532599278,9.174162719372127
S2-moderate,0.75,188,b,14,4,1,4,4,1.5298516137712754,0.04321912896694399,3120.901455072952,0.10051370429064971,7.354602428025111,31.775187221997015,-54.92362012910637,69.63282498515659,9.174162719372127
S2-moderate,0.75,188,c,14,4,1,4,4,-3.014640497685951,1.6545347113737834,0.04227508360214055,0.6068615051514658,8.60255178553258,5.337501119803904,-1.8587581767252814,19.06386174779044,9.174162719372127
S2-moderate,0.75,189,a,10,7,1,7,7,-3.064177107826295,-1.9838432719010273,0.0003831146265621796,0.8329083848362793,5.32372119583543,6112.684108079595,-11975.316979510515,11985.964421902185,9.174162719372127
S2-moderate,0.75,189,b,10,7,1,7,7,1.6310237278560669,0.24550982345301475,3815.3582976504135,0.07380795523844867,8.64462694244577,49.33719029226174,-88.05448912878641,105.34374301367795,9.174162719372127
S2-moderate,0.75,189,c,10,7,1,7,7,-0.350466555381442,1.4046347534838923,17.180048870501423,0.2648680478433106,9.75654540646671,6.366645996204983,-2.72185144841119,22.23494226134461,9.174162719372127
S2-moderate,0.75,190,a,13,5,1,5,5,-8.471319797814264,11.13079882571536,0.0027420252142837088,0.7600824789031646,14.172520319153278,52.075394209593725,-87.89337681237609,116.23841745068265,9.174162719372127
S2-moderate,0.75,190,b,13,5,1,5,5,-9.423815262144945,11.999999987910925,0.0007165548854952868,0.8345622384918568,14.049494319098013,6.139557488703377,2.0161827602262132,26.08280587796981,9.174162719372127
S2-moderate,0.75,190,c,13,5,1,5,5,-2.025464136852539,1.5492513296484987,0.40530542673353603,0.4858780402784719,8.734887067643731,3.009133240407965,2.8370942917618116,14.63267984352565,9.174162719372127
S2-moderate,0.75,191,a,9,8,1,8,8,-1.192097449759115,5.44356315643949,1040.7639475982432,0.13061224961699644,26.72696416087427,164.67917845659102,-296.0382946176885,349.49222293943706,9.174162719372127
S2-moderate,0.75,191,b,9,8,1,8,8,1.2437072105630564,0.2543028156102439,1261.8142126494538,0.12419964581022058,8.207026462148706,42.026446854999364,-74.16329577183667,90.57734869613408,9.174162719372127
S2-moderate,0.75,191,c,9,8,1,8,8,-1.4662702862710664,0.9252984357035676,0.9970798866748315,0.4385037698264087,8.38128356418295,2.7916706389071604,2.9097096552269948,13.852857473138908,9.174162719372127
S2-moderate,0.75,184,a,10,7,1,7,7,-3.4528400488049904,10.803992583415582,3554.986403896345,0.10345863108944554,55.628128055872196,328.8542614975195,-588.914380641783,700.1706367535273,9.174162719372127
S2-moderate,0.75,184,b,10,7,1,7,7,1.4263829678221915,0.3611879570087022,4932.108695052194,0.09340182976027757,9.12376376873991,71.77468950736369,-131.55204266723783,149.79957020471764,9.174162719372127
S2-moderate,0.75,184,c,10,7,1,7,7,-2.567723275197877,1.4884590681082706,0.14861272024754796,0.5513112296202035,8.687812214091036,2.697656926205164,3.400501796083888,13.975122632098184,9.174162719372127
S2-moderate,0.75,185,a,11,6,1,6,6,-3.0053105551977213,8.526277784376894,291.453243286993,0.18317303669894305,28.971076408113092,,,,9.174162719372127
S2-moderate,0.75,185,b,11,6,1,6,6,1.4257608210055577,0.1916790025684094,2874.7180343581254,0.10414536355174384,8.117253092131218,50.09835354626202,-90.07371554329683,106.30822172755927,9.174162719372127
S2-moderate,0.75,185,c,11,6,1,6,6,-3.132133792907749,2.2048681202446914,0.06577684334625143,0.5840261192087663,9.187600897521953,3.2276458718786554,2.861531233790407,15.5136705612535,9.174162719372127
S2-moderate,0.75,186,a,9,8,1,8,8,-0.5684503281350781,4.009602115415525,1041.542723468081,0.13523594065950423,21.17723228945976,143.06101781064854,-259.2172102110546,301.5716747899741,9.174162719372127
S2-moderate,0.75,186,b,9,8,1,8,8,1.5490872419880182,0.23062455880663124,5113.5116010471,0.08508026322895798,8.542776481680455,40.10725208633827,-70.06599312641148,87.15154608977241,9.174162719372127
S2-moderate,0.75,186,c,9,8,1,8,8,-1.9360247757524707,1.6875189759696203,0.631235247177201,0.45482476063574484,9.157446959895902,3.141052411384512,3.0010973600295685,15.313796559762235,9.174162719372127
S2-moderate,0.75,187,a,11,6,1,6,6,-5.496468683676644,0.9581138701883727,0.00012340980480613368,0.9757733840634192,7.839502555753348,3976.758942245329,-7786.464799442692,7802.143804554198,9.174162719372127
S2-moderate,0.75,187,b,11,6,1,6,6,-6.398270768131094,2.9404239915748978,0.00012340980432578658,0.9744991150161352,8.866242809897633,1708.0699928197796,-3338.889426190459,3356.6219118102545,9.174162719372127
S2-moderate,0.75,187,c,11,6,1,6,6,-3.6809200194167797,1.3927935838859702,0.014800671237750095,0.7070909359240702,8.343460456628552,20.570536807788095,-31.974050829291645,48.66097174254875,9.174162719372127
S2-moderate,0.75,192,a,12,6,1,6,6,-1.932688550089388,5.357754586322837,82.01188626148846,0.23568544126952903,17.942540787256323,90.62097509169618,-159.6713066363695,195.55638821088215,9.174162719372127
S2-moderate,0.75,192,b,12,6,1,6,6,1.2018302270720205,0.1290885106582925,959.4998209877392,0.13843421911995143,7.637136343143805,24.846404446642534,-41.06092151759141,56.33519420387903,9.174162719372127
S2-moderate,0.75,192,c,12,6,1,6,6,-2.3318360109826806,1.1984221990784922,0.1519670200099098,0.5416465442629591,8.369852986672308,3.312808275443799,1.876868079116215,14.862837894228402,9.174162719372127
S2-moderate,0.75,193,a,12,6,1,6,6,-3.647581112942648,10.975372736143022,1446.5835272776237,0.11974124448763279,49.689550315620465,284.1526347163744,-507.2393798406392,606.61848047188,9.174162719372127
S2-moderate,0.75,193,b,12,6,1,6,6,-0.30656976661836577,0.794106000490097,16.497816540585532,0.29826524425714157,8.501627607233967,9.718640338024985,-10.54655743399318,27.549812648461113,9.174162719372127
S2-moderate,0.75,193,c,12,6,1,6,6,-2.895345000416086,2.508473316309992,0.14950803272652255,0.5381654603526488,9.550964360217362,2.3773119751261804,4.891518508954268,14.210410211480458,9.174162719372127
S2-moderate,0.75,194,a,13,5,1,5,5,-2.6216608467053906,9.374481014709371,4307.195692623206,0.08117979542367419,60.65298761190917,,,,9.174162719372127
S2-moderate,0.75,194,b,13,5,1,5,5,0.5959402244761401,0.4996478203408697,133.37939924163038,0.19605106701783942,8.380343577527452,,,,9.174162719372127
S2-moderate,0.75,194,c,13,5,1,5,5,-1.7108254866403652,1.3825003190321774,0.6180712053865112,0.44781648845586175,8.754227434082221,2.3918314322399263,4.066323969801111,13.442130898363331,9.174162719372127
S2-moderate,0.75,195,a,12,6,1,6,6,1.205681460440586,1.4024550650850611,8103.067440894675,0.060553582295285596,17.866345807317682,196.7979949161993,-367.8506364581296,403.5833280727649,9.174162719372127
S2-moderate,0.75,195,b,12,6,1,6,6,1.6642386731909613,0.34846411151218004,6992.368273815196,0.06409174469576694,9.56051132247881,72.69904209097298,-132.92699288638968,152.04801553134732,9.174162719372127
S2-moderate,0.75,195,c,12,6,1,6,6,-0.3936192797958725,1.0137696615448946,10.215699740614635,0.29956989022612485,8.714804963334087,4.710787917995928,-0.5181696947443566,17.94777962141253,9.174162719372127
S2-moderate,0.75,196,a,12,6,1,6,6,-3.2349202556148047,10.940933391216806,8102.645577004037,0.06720281569397461,82.3972637254227,,,,9.174162719372127
S2-moderate,0.75,196,b,12,6,1,6,6,1.7291525422894662,0.16712053970331261,8102.900432480387,0.06600247914312934,8.30362619134816,,,,9.174162719372127
S2-moderate,0.75,196,c,12,6,1,6,6,-0.9628629574132936,1.381221370928961,3.486902963533461,0.34671431307194706,9.17934631842321,4.007877076963853,1.3240515931103927,17.034641043736027,9.174162719372127
S2-moderate,0.75,197,a,10,7,1,7,7,-1.5931097083861885,7.229922803246814,8103.0681157611525,0.07502438034998846,51.91351862309294,,,,9.174162719372127
S2-moderate,0.75,197,b,10,7,1,7,7,1.4407601050087022,0.25789182522302,3437.65048684006,0.0979248570619941,8.502747069366697,,,,9.174162719372127
S2-moderate,0.75,197,c,10,7,1,7,7,-2.0291016361733494,1.9311070503918715,0.7308243717482185,0.45352395631639186,9.413792611134332,2.4116159903102403,4.687112125585364,14.140473096683298,9.174162719372127
S2-moderate,0.75,198,a,9,8,1,8,8,2.7002326825069307,-1.9272525709736021,8103.059957087111,0.06420237211002743,-7.237117933855866,,,,9.174162719372127
S2-moderate,0.75,198,b,9,8,1,8,8,1.715118321510336,0.23856105646600678,8103.083700602021,0.06252784352653538,8.995160652335915,,,,9.174162719372127
S2-moderate,0.75,198,c,9,8,1,8,8,-1.3460944360245275,1.7673368893425818,2.6478077390238632,0.3709606842872798,9.66106016462881,2.9160233030211176,3.94575951262789,15.376360816629727,9.174162719372127
S2-moderate,0.75,199,a,12,6,1,6,6,-0.19730592550689607,4.088611316742529,8094.468237901192,0.08243749742284606,30.279826737093167,360.5437263992052,-676.3728918572122,736.9325453313984,9.174162719372127
S2-moderate,0.75,199,b,12,6,1,6,6,-4.72729736229253,1.796446821661278,0.0010652949586677672,0.8273472750592277,8.364137909865079,364.84150155518574,-706.712065203813,723.4403410235433,9.174162719372127
S2-moderate,0.75,199,c,12,6,1,6,6,-1.7010627920543477,1.373812530946668,0.98436454172076,0.4486400593261102,8.75785371555467,3.1899328325407277,2.505700250673005,15.010007180436336,9.174162719372127
