combo,rep,scheme,ok,log_xi,log_xi_true,a0,a1,lam,q
0,24,b,1,10.00335155598259,9.672761633543844,-1.2951358076627622,1.6238286920657357,1.536372107204592,0.350703528934036
0,24,c,1,8.994763284817866,9.672761633543844,-1.4600610914032863,1.0896575835352271,0.5960899852067771,0.4047718681511696
0,25,b,1,10.950731141254948,9.672761633543844,-7.012516098766259,5.336473288850515,0.00012340980419696707,0.8476375109676102
0,25,c,1,9.646477776998408,9.672761633543844,-1.6917158206985021,1.5080046100498519,0.4734359885084198,0.4028269096680365
0,26,b,1,11.013309966427999,9.672761633543844,-2.849240778144222,2.8879977970639743,0.15554193000741987,0.46238145414319687
0,26,c,1,9.73244861945809,9.672761633543844,-1.786257137478359,1.5222254456430964,0.528709072202893,0.41053101595573993
0,27,b,1,10.27042088360894,9.672761633543844,-0.1253316522829397,1.1463578390504663,23.418359894887622,0.2292071127654761
0,27,c,1,9.588372348359652,9.672761633543844,-1.7462736400266259,1.436022082052602,0.49415210138403054,0.41178468352950787
0,8,b,1,8.664415750421535,9.672761633543844,1.8356057057712571,0.12867217147106202,7600.267076531642,0.050532975008537866
0,8,c,1,9.653743392533167,9.672761633543844,-1.3354317663192483,1.4243786138314296,1.0676493821015254,0.36616812432849966
0,9,b,1,9.174963268928519,9.672761633543844,-0.5471968623594647,1.0647609087632985,5.5668723799596,0.29977730959151566
0,9,c,1,8.879560647865416,9.672761633543844,-1.723275023722446,1.2008096162314201,0.36708562966964775,0.43994829915040784
0,10,b,1,14.579165288763274,9.672761633543844,-8.478936935524263,10.34048158589844,0.00042668326524705833,0.7392360906462819
0,10,c,1,9.929762043491206,9.672761633543844,-1.5981692377779482,1.6774192005787762,0.8212026967669382,0.383728195807877
0,11,b,1,10.342964640019368,9.672761633543844,-5.441577979092817,3.727248305526111,0.0007026809821203204,0.7423342400840477
0,11,c,1,9.33853511819924,9.672761633543844,-1.2661380955504675,1.1996887054604497,1.2036037750949857,0.37100360574939445
0,20,b,1,10.342398525550243,9.672761633543844,-1.893575919562672,2.1102559534239314,0.4398528825961431,0.3968334128881234
0,20,c,1,9.459673300073053,9.672761633543844,-0.7404523157259462,1.1034505057004427,3.303250413543785,0.31044928763266955
0,21,b,1,9.065663954107993,9.672761633543844,1.2483020438974928,0.3340683646368967,940.0845645677687,0.11121429510845844
0,21,c,1,9.387275329525997,9.672761633543844,-1.5868100407607308,1.4088313350695425,0.6485544657475196,0.4033643321341437
0,22,b,1,8.860630681206915,9.672761633543844,1.2345521906116037,0.32589736019045323,482.62025938365605,0.11338279145097876
0,22,c,1,9.580325203232032,9.672761633543844,-1.1556830788619843,1.2837214126388181,1.41411491051887,0.3497817306808036
0,23,b,1,11.624045990611585,9.672761633543844,-5.268374876459404,4.86413695136563,0.0040178887090943464,0.6484852537565013
0,23,c,1,10.348185567915554,9.672761633543844,-1.4172847692485018,1.784939786045932,1.202432271465831,0.3508175184583002
0,28,b,1,8.465474212393897,9.672761633543844,0.5102777278856551,0.3826215082971375,52.67789049491483,0.2007365638367475
0,28,c,1,9.293071376669456,9.672761633543844,-1.9042899740240946,1.4147099607984255,0.29762661298569093,0.44079078420298246
0,29,b,1,10.605874105752806,9.672761633543844,-6.8524352602826175,4.811972275191229,0.00012340980411101426,0.8595677397041784
0,29,c,1,9.273735044570865,9.672761633543844,-1.5163127032629018,1.2671778547175354,0.737286334358023,0.40062999751764317
0,30,b,1,9.377349722061952,9.672761633543844,-1.8956137780280626,1.4304251264042258,0.3475793371985963,0.43668834988459665
0,30,c,1,9.770731753963796,9.672761633543844,-2.3552760592112274,1.957849422858949,0.15443383200789315,0.4667069079362576
0,31,b,1,8.68655871608137,9.672761633543844,-1.4136182311224181,0.8536136750230227,0.7334729926239493,0.414566428725073
0,31,c,1,9.442463462329458,9.672761633543844,-2.5522379709250567,1.7100104997126682,0.15837979775902505,0.5057482242608542
0,0,b,1,10.95741024200403,9.672761633543844,-6.83994676126729,5.107194190216418,0.0001234098041241223,0.8308071071674537
0,0,c,1,9.863588884140194,9.672761633543844,-1.8384659531496803,1.699021335231204,0.6049558515231828,0.4114320777529376
0,1,b,1,10.095125302110736,9.672761633543844,-3.9707163670287176,2.7350536851142326,0.010002838106418973,0.6138506048779248
0,1,c,1,10.349325514469484,9.672761633543844,-2.0435614346328697,2.071736099089561,0.3930658505138697,0.41185474634142355
0,2,b,1,10.71022995601327,9.672761633543844,-1.6123553535769137,2.085290706695644,0.703401678613864,0.35653926939970126
0,2,c,1,9.994043830743376,9.672761633543844,-1.3110473053116345,1.6064405693775512,0.9302327631434726,0.3502523409630531
0,3,b,1,8.837696986215224,9.672761633543844,-5.823368485136735,1.8119349938295493,0.00012340980413173757,0.907262387411724
0,3,c,1,8.794312386882178,9.672761633543844,-2.595560509016225,1.080357015489053,0.09075778507008525,0.5455604044942826
0,12,b,1,12.867832869529657,9.672761633543844,-8.781366716567362,9.092294191910991,0.00012340980430680827,0.8609335918178327
0,12,c,1,9.705786584886637,9.672761633543844,-2.3663778425387543,1.9524713517343084,0.1604295174823063,0.4712726415984083
0,13,b,1,11.374823268062142,9.672761633543844,-6.44901427585717,5.42293485017076,0.000830022467036123,0.7674268882722678
0,13,c,1,9.683291055089441,9.672761633543844,-2.399251930496524,1.8389593784120102,0.17988979104012912,0.4766063390998215
0,14,b,1,9.997075867502616,9.672761633543844,-0.8403747500772378,1.2491555590010557,8.012100843803328,0.3082084527218033
0,14,c,1,10.038546822216494,9.672761633543844,-1.9178346435088507,1.6943875488633588,0.6309633041031413,0.4129559231105863
0,15,b,1,9.753723618623676,9.672761633543844,0.18418596019965547,0.9165970268581386,31.819573439963523,0.20833608483056407
0,15,c,1,9.84981205351763,9.672761633543844,-1.2428202952673808,1.5181479760534802,1.1241560134902,0.34875405698876294
0,40,b,1,10.275250931722802,9.672761633543844,0.6165366804821544,0.8075248796581875,153.9881663212468,0.15820131993370348
0,40,c,1,9.5681490948948,9.672761633543844,-1.2474389440895601,1.2850745706720001,1.4500665841886282,0.3609259029558693
0,41,b,1,9.720710075338207,9.672761633543844,-2.188023720826477,1.802584136664443,0.22910981865207822,0.4521995190252677
0,41,c,1,9.467242216735643,9.672761633543844,-1.8935615940661084,1.5276003555848343,0.346203366030348,0.432281132129841
0,42,b,1,9.34311001855664,9.672761633543844,1.5144601536838873,0.28197722047880186,2760.3064922157378,0.08059984675572669
0,42,c,1,9.927384888637588,9.672761633543844,-1.8996432097598261,1.761046538168296,0.4545252384780314,0.41423987391639616
0,43,b,1,10.080214057286753,9.672761633543844,-2.0682109704034795,1.9110332295654753,0.41573402147601046,0.42572141201582636
0,43,c,1,9.731459210237132,9.672761633543844,-1.2840617858994157,1.4365288737041801,1.2706775962118328,0.35833621234542273
0,32,b,1,10.143359270826515,9.672761633543844,-3.6371018327533333,2.5037175354868912,0.031820846032020046,0.5796779069220223
0,32,c,1,9.442291754792322,9.672761633543844,-1.8479091405996462,1.3066288724970705,0.553378667559581,0.43047609442989354
0,33,b,1,10.324864767591011,9.672761633543844,-6.597547649850004,4.137479580738343,0.00012340980424246814,0.8571917655814979
0,33,c,1,10.09939173570501,9.672761633543844,-1.7561572101936607,1.8428625557061802,0.777439959318847,0.39402201997652403
0,34,b,1,8.909711537034864,9.672761633543844,-5.64490868100115,2.0047481797171516,0.00012340980413405494,0.8775376252177847
0,34,c,1,9.645270201311188,9.672761633543844,-3.1781006437263715,2.118203961659401,0.055604717691436496,0.5608028631581591
0,35,b,1,10.854948940563117,9.672761633543844,-7.342079892421582,5.060454484203087,0.00012340980416805877,0.8863272476353813
0,35,c,1,9.643624430170995,9.672761633543844,-2.0376543131810876,1.646712124923079,0.32009387869519146,0.4403857162947789
0,4,b,1,9.3470926211255,9.672761633543844,0.06746079825210602,0.7267166869859197,39.65939942277822,0.2317613399438739
0,4,c,1,9.598659432828729,9.672761633543844,-2.6174790078093575,1.7838330254786143,0.10249530116211077,0.5029563182176972
0,5,b,1,10.791941944064497,9.672761633543844,-7.043533055947157,5.107567282863077,0.00012340982202927464,0.8630764229865636
0,5,c,1,9.66041693044155,9.672761633543844,-1.2382804458091101,1.3455542657405568,1.4197888971006039,0.35633166859038595
0,6,b,1,9.269231786444628,9.672761633543844,1.4346933674416862,0.280196222115779,2576.4013844751616,0.09001532695681756
0,6,c,1,9.84919495372016,9.672761633543844,-2.2241578400685813,1.807314009961035,0.2900950616812164,0.45134488193879496
0,7,b,1,9.588263713306029,9.672761633543844,-2.13354938819743,1.6630453546297606,0.22001159230338796,0.45199711357305794
0,7,c,1,9.931684124420526,9.672761633543844,-1.829068079804729,1.7461422759801528,0.526962104595214,0.40698486706277265
0,16,b,1,8.975905371739472,9.672761633543844,-0.03030859654626493,0.7073927303057929,14.683855175349422,0.24848047881268337
0,16,c,1,9.4650954912316,9.672761633543844,-1.2793366545031395,1.312359573401442,1.2297411640362284,0.3676971929137901
0,17,b,1,8.607004124481442,9.672761633543844,1.756471396697485,0.12134023395425547,8103.079169697802,0.06042040566117693
0,17,c,1,9.642249806777944,9.672761633543844,-1.839067986675032,1.544793044244176,0.4506533044637039,0.4195829680611753
0,18,b,1,10.418727700414053,9.672761633543844,1.29872730040375,0.5112339629505748,1133.3828837747355,0.09211750724319165
0,18,c,1,9.685600138534017,9.672761633543844,-1.2675370805236599,1.3345696880977622,1.2649816663165376,0.35813222517032656
0,19,b,1,10.24245195952736,9.672761633543844,-6.7616209223291595,4.339008802075155,0.00012340980441148775,0.8808426314974983
0,19,c,1,9.38522009671139,9.672761633543844,-1.8698183566869537,1.5100587969693393,0.31608228600880545,0.43273812943965306
0,36,b,1,10.242383699809162,9.672761633543844,-1.3226345391173249,1.7073476188994978,2.4226702295098086,0.3471714146241135
0,36,c,1,9.946857283466013,9.672761633543844,-2.3256867987286713,1.935752956816399,0.24132599413981437,0.4571978177964851
0,37,b,1,10.196060586063613,9.672761633543844,-7.226734426213918,3.9561945952231414,0.0001234098041088819,0.9320073032733224
0,37,c,1,9.581262245121458,9.672761633543844,-2.9098788686269303,1.749455808401502,0.07910163339710348,0.5358353281309255
0,38,b,1,9.392899433324773,9.672761633543844,1.660486162292614,0.22604702065326912,8103.0839199273505,0.06583805795945159
0,38,c,1,9.755634337144523,9.672761633543844,-1.8282062189726611,1.6531094517993743,0.5236670957289388,0.41420418247231644
0,39,b,1,9.462635064580414,9.672761633543844,-3.2758096150879443,2.044727407435738,0.03028588834359983,0.5802220710169735
0,39,c,1,8.531982428781179,9.672761633543844,-1.7317851798083543,0.844743172702301,0.33547523150650654,0.45834908045310274
0,48,b,1,8.806332958256714,9.672761633543844,-5.583647017398514,1.9701186691350467,0.0001234098046289786,0.8799593580770245
0,48,c,1,8.963985722079562,9.672761633543844,-2.6147462812431987,1.381344475812535,0.0728937738367744,0.5363162543144202
0,49,b,1,11.313504917408236,9.672761633543844,-5.565302410190538,4.831163349758864,0.0016296044193838215,0.6920451256779638
0,49,c,1,10.031632753331637,9.672761633543844,-1.563156117132451,1.7472446808997748,0.7652216727573138,0.3756850473766333
0,50,b,1,9.338134773927834,9.672761633543844,1.7810170947208375,0.19034693791241872,8103.083858682569,0.05299185451888015
0,50,c,1,9.334623316833374,9.672761633543844,-1.6237725459288028,1.311661062089859,0.5716217151304316,0.4093071796389341
0,51,b,1,9.153451784401922,9.672761633543844,1.7561758725845331,0.20530316189473777,5248.628980408823,0.056155936715885334
0,51,c,1,9.23665241483623,9.672761633543844,-0.4499893892212542,1.0083509839384894,4.908965884613576,0.285385829161629
0,44,b,1,9.599635381114188,9.672761633543844,-0.08750290330947592,1.0097521186876421,11.782233244060286,0.23771395839652337
0,44,c,1,10.101415151303076,9.672761633543844,-2.2625488315468054,2.2068361730865815,0.19067943791488032,0.44237095372070206
0,45,b,1,8.503236061217448,9.672761633543844,1.7453708454317933,0.12397345793558562,8102.907929799507,0.0624970053904151
0,45,c,1,9.298731099167043,9.672761633543844,-2.1555213238533666,1.4692662657315674,0.21183502684322006,0.4684670548866671
0,46,b,1,9.813819491450337,9.672761633543844,-6.25911696192717,3.549374609156464,0.000123409804115195,0.8653033960252624
0,46,c,1,8.975930632812956,9.672761633543844,-2.530333913829634,1.4056461734387382,0.07829984885907634,0.5255891731866636
0,47,b,1,8.941513202631986,9.672761633543844,1.7228185447010365,0.1574211449580416,8103.055170974303,0.062020189877972344
0,47,c,1,9.839182439406345,9.672761633543844,-1.584416851694619,1.4822754432300789,0.8554599500212183,0.385924250572841
0,52,b,1,9.80259377147385,9.672761633543844,1.3369119633130762,0.4418365953003017,1121.15843534893,0.09381158131908633
0,52,c,1,9.282118059090747,9.672761633543844,-1.3711935940595006,1.2486655917022085,0.9507390136548989,0.38443158963778
0,53,b,1,8.992111427069403,9.672761633543844,1.7945257347807915,0.16187077538080863,8103.080371307581,0.05348832918137682
0,53,c,1,9.690288873042832,9.672761633543844,-1.5956887936857442,1.528742256695598,0.7590305570619902,0.39255671672899073
0,54,b,1,9.06263130743718,9.672761633543844,1.126868673851249,0.3698548519310419,697.1075634184764,0.1245061686575242
0,54,c,1,9.165186320527914,9.672761633543844,-1.1972609134545047,1.121648072407532,1.0859346403748602,0.3690550949396613
0,55,b,1,12.41947954363727,9.672761633543844,-8.405800118860519,7.720814367353983,0.00012340981947674918,0.8615682612403475
0,55,c,1,9.897333062401144,9.672761633543844,-0.9866157305656009,1.3876988396138923,2.5017538804516786,0.3226837769680447
0,80,b,1,10.110941390734245,9.672761633543844,-6.434642278538572,4.312253365894748,0.0001234098042431714,0.8583459007455594
0,80,c,1,8.27282479812256,9.672761633543844,-0.7006336313645039,0.5819580521763319,2.2099762292384773,0.3466812402081568
0,81,b,1,10.430811706449148,9.672761633543844,-1.9681572362030162,2.002736229347061,0.5532238231111934,0.4021389778949306
0,81,c,1,9.56764795750185,9.672761633543844,-1.5612449535217465,1.3528799974922339,0.6784140864916027,0.39305500932235776
0,82,b,1,10.236724438062888,9.672761633543844,-0.6888455785875607,1.4208593583752518,6.940621758307762,0.28468130092907
0,82,c,1,9.703410286969394,9.672761633543844,-1.4394833722507574,1.48742496248135,0.8563192236357046,0.37495069177528234
0,83,b,1,9.16894079757174,9.672761633543844,-1.8730042998280627,1.268569236427588,0.27080135214761825,0.4423622684447898
0,83,c,1,9.849480988940265,9.672761633543844,-1.8294527923595576,1.7808115677329988,0.38591033447105183,0.4088925748461737
0,56,b,1,9.753287816703955,9.672761633543844,-2.586362350144273,2.0424826529280544,0.10870634481168037,0.49177598425435654
0,56,c,1,9.137997404673294,9.672761633543844,-1.75990668308524,1.2972063028588934,0.34758097636196683,0.43163574556198003
0,57,b,1,10.237394064978213,9.672761633543844,-2.0095345012935724,2.038450543717502,0.5088071420291184,0.4137749773212585
0,57,c,1,9.86605916097888,9.672761633543844,-1.3082425002921367,1.526242379631456,1.3133326185698517,0.3563002877960933
0,58,b,1,10.62688819167767,9.672761633543844,0.585240554405122,0.9317565783683246,99.64854754958745,0.15474621894167048
0,58,c,1,9.95062347498768,9.672761633543844,-1.4164482749656688,1.5550029685190578,1.0291105364988888,0.36401392700558377
0,59,b,1,8.851796668135833,9.672761633543844,1.554654755149002,0.20015942267845455,7727.738058118672,0.08202957362210471
0,59,c,1,8.960098336228393,9.672761633543844,-2.603663940868182,1.3553862162851098,0.08953230577906952,0.5363850596140277
0,68,b,1,9.983793297291982,9.672761633543844,-2.975334167867527,2.112185270426931,0.05516024559014455,0.5198317897504705
0,68,c,1,10.022368078739865,9.672761633543844,-1.4017714156691914,1.5944921266834364,1.2520688552181223,0.36071635680675945
0,69,b,1,9.75359218168975,9.672761633543844,-2.625260926890232,1.9909348103372775,0.09498073539093466,0.4954738808557365
0,69,c,1,9.10270046993276,9.672761633543844,-0.9129528689627244,0.9752189890426508,2.1876377214728198,0.3411764909176117
0,70,b,1,10.1265077167306,9.672761633543844,-1.331180551512067,1.6584068835403054,1.725677099671434,0.35079151609677794
0,70,c,1,9.577897816145779,9.672761633543844,-1.3948411910734628,1.3860240066144422,0.9007813790430204,0.37499193904282935
0,71,b,1,8.727895858717012,9.672761633543844,1.834824169135067,0.13538748823597224,6627.002577020061,0.05002101485039444
0,71,c,1,10.066270861366132,9.672761633543844,-2.0237547896195274,2.02533826640646,0.3629443538416642,0.42095701551011655
0,60,b,1,8.716340063433716,9.672761633543844,1.347348623012814,0.25232191663198184,1323.6713435321324,0.10467531921457573
0,60,c,1,9.105045615149535,9.672761633543844,-1.8895858225616398,1.2572641700114597,0.28106527085191685,0.4477412821259674
0,61,b,1,8.995372326834685,9.672761633543844,0.05063984173686328,0.7209650272628951,21.273649276176332,0.24007335796123164
0,61,c,1,9.548741108588075,9.672761633543844,-1.4030086544492577,1.4628650080961991,0.8403299011852008,0.37669431691809424
0,62,b,1,8.635677388261684,9.672761633543844,0.23562319520981223,0.510706687957938,31.495332531520447,0.22877121264108619
0,62,c,1,9.816736273812614,9.672761633543844,-1.541064700277469,1.5514267376639124,0.9578562872889347,0.3825102271989721
0,63,b,1,10.918564996104886,9.672761633543844,-1.9089912258616761,2.2704157447336017,1.225997880335973,0.38075787277301987
0,63,c,1,9.68163300971736,9.672761633543844,-1.331131017052149,1.33198834685444,1.6791007944997016,0.3667891306964962
0,72,b,1,8.692536375860044,9.672761633543844,-4.644955069294048,1.230098499946195,0.0013908685485023596,0.7872454948241276
0,72,c,1,9.401254797454627,9.672761633543844,-2.3380145008208513,1.4906474900584397,0.15460040011800502,0.4830375081587629
0,73,b,1,10.002566747492333,9.672761633543844,-2.756555086546647,2.2984866368669667,0.0895107810903854,0.4971862153769806
0,73,c,1,9.377542830558951,9.672761633543844,-2.0438829040442625,1.5365644390700244,0.24971696941102012,0.4523011860298567
0,74,b,1,10.436834998092523,9.672761633543844,-3.457357852867408,2.7957226387089578,0.04041560117312163,0.5458003145728382
0,74,c,1,9.345079482619115,9.672761633543844,-1.3717751831012692,1.2531333037084336,0.9666587180601974,0.3820034677803036
0,75,b,1,9.422497316591132,9.672761633543844,0.794657691725992,0.5863866339598096,129.60553567857494,0.15167373057152572
0,75,c,1,9.701809854989657,9.672761633543844,-2.063996925437375,1.7551230710230248,0.239008969962879,0.43923751285778256
0,76,b,1,9.001684201440503,9.672761633543844,-4.039515142844068,1.6510675884150945,0.005592845405736674,0.6939511737883313
0,76,c,1,9.338229803436535,9.672761633543844,-2.491619428656934,1.6089427242404666,0.1219841252698148,0.5031139311071463
0,77,b,1,10.281016540286078,9.672761633543844,-1.9676075927799308,2.0137369492447474,0.38447305251581737,0.40646359871644583
0,77,c,1,9.445923348689233,9.672761633543844,-2.0010987463207464,1.4709723754728312,0.24262617882988333,0.4438440022803185
0,78,b,1,8.593267863002737,9.672761633543844,1.516440805306994,0.2173253909351259,879.4369333466867,0.08423959549297222
0,78,c,1,9.914487330832364,9.672761633543844,-1.563973089220761,1.658153676600009,0.834616434198337,0.38062931580329334
0,79,b,1,9.494123620507379,9.672761633543844,0.6478612191065778,0.5797684275918682,206.22053410191702,0.16860826500557136
0,79,c,1,9.741841238975223,9.672761633543844,-2.2865361702624987,1.7632541665066206,0.191199884869434,0.4614092097482441
0,92,b,1,14.462697205204638,9.672761633543844,-10.432663069986432,11.999542471115902,0.000123409804107051,0.8804840110700662
0,92,c,1,9.975266892620885,9.672761633543844,-1.8779550601159456,1.8484840336906365,0.49550560054406984,0.4102686666109309
0,93,b,1,9.648161839341412,9.672761633543844,-5.997109318961989,2.8857805225667095,0.00012340980745645302,0.8508395287654203
0,93,c,1,9.40593436019132,9.672761633543844,-1.6644850892900909,1.2949990569204306,0.5804855559653058,0.41106260859831123
0,94,b,1,9.258631689280453,9.672761633543844,-5.43497720689262,2.846127861962219,0.00012340980442454425,0.8185470661088755
0,94,c,1,9.614149570674606,9.672761633543844,-2.0010518958568473,1.780791352017888,0.2793026469994685,0.43685750948986596
0,95,b,1,9.475296921060307,9.672761633543844,-0.12365767268928979,0.8541602469498751,19.714870217392793,0.2475499070494465
0,95,c,1,9.74072680635034,9.672761633543844,-2.345774613252607,1.7579064199512424,0.17812051640801926,0.46777075940038076
0,88,b,1,10.300817182322369,9.672761633543844,-2.8280398404259914,2.3417425833709364,0.06095489280801196,0.4886607795688752
0,88,c,1,10.284700049809786,9.672761633543844,-1.0096952590088066,1.5913329492679003,2.1647272675567555,0.312305620680329
0,89,b,1,8.665368459208057,9.672761633543844,1.6198055367132285,0.17362879926557406,2552.7253562705314,0.07411789351486044
0,89,c,1,10.162964883681472,9.672761633543844,-2.2704370372106446,2.0652970790299423,0.25191193178436483,0.44176715166826674
0,90,b,1,8.549604571400446,9.672761633543844,1.7541720086233736,0.12716003272848453,5869.593065546434,0.06056968047867705
0,90,c,1,9.540757274315617,9.672761633543844,-1.3420515350859827,1.355721380620595,1.076843331755373,0.371315448634441
0,91,b,1,9.911872244038735,9.672761633543844,-6.126505790031839,3.761880765458317,0.00012340980437701147,0.8423667050925426
0,91,c,1,9.227408550463517,9.672761633543844,-1.479432262429102,1.3001043094690155,0.6749820907105931,0.3976982674684875
0,100,b,1,10.070329252161814,9.672761633543844,-2.0251021852445756,1.8529779483400417,0.5243769606283271,0.42241336143813
0,100,c,1,9.707394576792705,9.672761633543844,-2.1645581668953033,1.7163976495719653,0.3236584116899743,0.45175746228065783
0,101,b,1,9.660111925105987,9.672761633543844,1.045682357827597,0.48322684718978814,645.6344758049587,0.12541524891272102
0,101,c,1,9.788577667000075,9.672761633543844,-1.3592626894713389,1.4293348377946065,1.1223571036836673,0.3640603748619185
0,102,b,1,11.814273829898283,9.672761633543844,-2.962410610534074,3.4623318610959055,0.1164073374408009,0.4404504873108179
0,102,c,1,10.324551173903469,9.672761633543844,-1.478027663029915,1.822387403566776,1.1470280356659701,0.3578200840003334
0,103,b,1,9.73125249450632,9.672761633543844,1.651543230619771,0.2577553976651482,8103.0838103980595,0.06448954861449116
0,103,c,1,10.337458294263596,9.672761633543844,-1.2157329163092045,1.6921754722066624,1.8807587635499223,0.3318736490301506
0,104,b,1,10.42556591093214,9.672761633543844,-3.6912885011307965,3.103384532370608,0.018844377142743018,0.5678600998576182
0,104,c,1,9.34081226235463,9.672761633543844,-0.30433269312125766,0.9434658288931844,9.473879451407383,0.2686958373527963
0,105,b,1,9.45049926416114,9.672761633543844,-4.92989554194786,2.696188160791209,0.001008917254541128,0.7555476439691916
0,105,c,1,9.214563891853205,9.672761633543844,-2.2443171046981556,1.561890223127068,0.17567280873303273,0.482329410190692
0,106,b,1,9.077901982374941,9.672761633543844,1.8059034808114856,0.16359496091203207,8103.020553926286,0.05169534190734854
0,106,c,1,9.863584307499247,9.672761633543844,-1.8088893452308286,1.6815464630794505,0.4993858117161898,0.40731160514094855
0,107,b,1,9.45200231325327,9.672761633543844,1.8003316258888047,0.22194765299486874,6839.768302450656,0.05000000155565659
0,107,c,1,9.25250098377388,9.672761633543844,-1.6088796701778738,1.4369704868016644,0.5078556921339785,0.41045411482859046
0,84,b,1,10.320617972428444,9.672761633543844,-6.730055716262985,4.438740822369834,0.00012340980520575984,0.8709817087611345
0,84,c,1,9.28230339844327,9.672761633543844,-3.1094576504526232,1.824093262503693,0.03211853177418202,0.5721828315267428
0,85,b,1,8.573366758203164,9.672761633543844,1.225472933417116,0.22296199652045634,826.6869899778302,0.1200359588093105
0,85,c,1,9.651257866907343,9.672761633543844,-1.3616043627684182,1.3790276399892185,1.271145769595856,0.37011892439047867
0,86,b,1,9.19036646929333,9.672761633543844,0.8995922859035851,0.508139952461505,195.76778981284127,0.14491215438168886
0,86,c,1,9.793463215419102,9.672761633543844,-0.8357728475464735,1.373235197323654,3.2803099320896316,0.31055286257723347
0,87,b,1,14.814657301741402,9.672761633543844,-10.067040342916172,11.999999998955264,0.00013571221450838126,0.8348588989653805
0,87,c,1,9.759523553503291,9.672761633543844,-1.4567390643405003,1.5154614081234241,0.9810477994288876,0.3754310869719651
0,64,b,1,9.877974979026964,9.672761633543844,1.561371756372551,0.3267208304078572,8103.083719930616,0.07286512256087162
0,64,c,1,9.140556361292749,9.672761633543844,-1.8823433955011912,1.284735463975176,0.3538340969821595,0.44650007761426236
0,65,b,1,8.885532531090986,9.672761633543844,1.4029606899661626,0.20739155225035966,1979.7492065740662,0.09707708142178002
0,65,c,1,9.852716981206994,9.672761633543844,-2.3724890089348487,1.7578955312083624,0.2236133699705218,0.46638712533531895
0,66,b,1,9.530263211733613,9.672761633543844,-6.397670752611525,3.4342509311069067,0.00012340980519444218,0.9065341783101926
0,66,c,1,8.611757027179586,9.672761633543844,-4.284762447219473,1.5157626148075458,0.0025086474616632334,0.751987393013202
0,67,b,1,9.470621197438941,9.672761633543844,1.5539040528307404,0.2943497138877393,1616.330441431163,0.0740191164434507
0,67,c,1,10.034521884868807,9.672761633543844,-0.6365095564685401,1.3271545231360076,4.305526539975768,0.2826039351016993
0,96,b,1,8.773399668030263,9.672761633543844,1.7488306307897508,0.14505817442343297,8103.073803580298,0.06016799881508854
0,96,c,1,9.75378323219296,9.672761633543844,-1.4876006360481036,1.5312169462079979,0.9989524783659657,0.3791980221705677
0,97,b,1,9.593723442035806,9.672761633543844,1.7529735176813244,0.2082411959334099,8103.083888628098,0.054580227714755
0,97,c,1,10.098976470950202,9.672761633543844,-2.035714862407386,1.9391257865201226,0.3218648131083565,0.42034471303172455
0,98,b,1,10.050611972758793,9.672761633543844,-6.593835627154023,3.918823203248968,0.00012340980431905588,0.8801943708851078
0,98,c,1,8.953330600342833,9.672761633543844,-2.2062635935011645,1.2028481037266887,0.17042747803285127,0.49152748713798605
0,99,b,1,9.085780804867435,9.672761633543844,-0.35356225514222844,0.7908206068676754,8.73685847358593,0.2817491092771124
0,99,c,1,9.995579483761544,9.672761633543844,-1.3975381202930435,1.6013670757194447,1.067430928390216,0.36047878562803715
0,108,b,1,9.473912628789819,9.672761633543844,-3.2953184363395955,1.885325537838611,0.020212362300648896,0.5797311405221384
0,108,c,1,9.619948791618594,9.672761633543844,-2.1312858506671466,1.6906325796020392,0.27004605274422083,0.4512858199772295
0,109,b,1,10.887505140986168,9.672761633543844,-6.936355758587901,4.901572847434072,0.00012340980424192273,0.8453259613595001
0,109,c,1,10.108349770997458,9.672761633543844,-3.0173775384405497,2.3142410428499733,0.08292554563575702,0.5194831225696563
0,110,b,1,9.267166265784196,9.672761633543844,-6.256811159470883,2.8716790044782012,0.0001234098208821687,0.9160798776192253
0,110,c,1,8.612280981175834,9.672761633543844,-3.187007446153475,1.1915944776912961,0.018619694155215496,0.6231826650965546
0,111,b,1,9.671403432588523,9.672761633543844,1.5239953100333592,0.31938402261328847,4813.166402880945,0.07773176311084017
0,111,c,1,10.060706459199013,9.672761633543844,-1.788009393847713,1.7892437486444381,0.6512389060720398,0.3982430863588891
0,124,b,1,8.425104820923908,9.672761633543844,-0.7887646943746247,0.7763159598714233,1.2002395294805892,0.34699336459194896
0,124,c,1,9.057849670445991,9.672761633543844,-1.10651947982507,1.1549891317737382,1.1062643652259299,0.36231188604684167
0,125,b,1,8.97408688893424,9.672761633543844,-0.9734428165066003,1.0371631437184816,1.2543876696358958,0.3498335863468888
0,125,c,1,9.24309463361546,9.672761633543844,-1.4959614721646137,1.2795218892112392,0.6244512899296377,0.3985370029301394
0,126,b,1,9.868052741084098,9.672761633543844,1.736568053222431,0.24190572957258516,8103.083881519435,0.05476823715131009
0,126,c,1,10.044093788982519,9.672761633543844,-1.628885007187136,1.662181151244647,0.830308397014595,0.38273843755678744
0,127,b,1,10.119579283502933,9.672761633543844,-6.041958091947144,4.028834954511882,0.00012340980467380862,0.8160279686420476
0,127,c,1,9.818491480251447,9.672761633543844,-1.8673999666903605,1.8659036750837943,0.3077140869896181,0.41321556576840945
0,112,b,1,10.573280906805207,9.672761633543844,-0.9499522279290111,1.6485882342261529,5.203607341405129,0.3011212969934878
0,112,c,1,10.242538875724081,9.672761633543844,-1.163678181335368,1.6195800116849393,2.1062258466856743,0.32990582130605844
0,113,b,1,9.317155111293062,9.672761633543844,1.5824683878921053,0.2553440872532115,8096.713869867196,0.07493673926255547
0,113,c,1,9.671982322877845,9.672761633543844,-1.2332131849524095,1.4526538235672386,1.2632514231667529,0.3547144930382347
0,114,b,1,9.979838245002954,9.672761633543844,-2.349992281612075,1.9545081223499614,0.3792201448053339,0.45990975466225187
0,114,c,1,9.91700803873375,9.672761633543844,-1.1324178417127928,1.4713313324154116,2.020641193226688,0.3371139803640385
0,115,b,1,10.257292381334468,9.672761633543844,-0.8884132366521861,1.5401704410868002,4.505770506028567,0.3034418297258528
0,115,c,1,10.005926037134724,9.672761633543844,-1.6320364578390918,1.687585197469825,0.8706645586266826,0.3847443864508181
0,128,b,1,14.90904229251067,9.672761633543844,-9.87684339586718,11.999999998262226,0.00012340980592228322,0.8167899030903013
0,128,c,1,9.350812692639852,9.672761633543844,-0.911959684440325,1.1469010429294952,1.8484019853650968,0.33097286930368314
0,129,b,1,10.33595719165625,9.672761633543844,-3.2283764742177414,2.6211212570072595,0.04621405852654203,0.5278935754033748
0,129,c,1,9.476758909303845,9.672761633543844,-1.200062049903374,1.266017857758085,1.523955943117846,0.3591751420566299
0,130,b,1,9.123422225910602,9.672761633543844,0.0979968380285687,0.7092201684229382,15.956165280881276,0.22938171540663693
0,130,c,1,9.803941072288458,9.672761633543844,-1.2698991386041185,1.4171673412556405,1.364501951880149,0.3544576989381616
0,131,b,1,10.144402198398138,9.672761633543844,-3.974400719154961,2.936327355098744,0.009410842214222859,0.6110273724305965
0,131,c,1,10.461152916855006,9.672761633543844,-2.884984658440233,2.6849931636854363,0.10757452966591323,0.4892928815592019
0,116,b,1,10.529499139543304,9.672761633543844,-3.3968666923233117,3.0088911304813015,0.03741055424885408,0.5346238018836104
0,116,c,1,9.08432151308614,9.672761633543844,-0.7809659400637314,1.0041209844546102,2.5547170443965164,0.3266616279954066
0,117,b,1,10.85964690028798,9.672761633543844,-5.396272173197417,4.369589740447462,0.0008616422569142105,0.7031792161624661
0,117,c,1,9.59287079063178,9.672761633543844,-1.4059578943686024,1.4473738466061867,0.8214458128668573,0.37517326105899645
0,118,b,1,10.804602355156428,9.672761633543844,-0.11272703215617393,1.26003222058976,28.922618253651624,0.2173150112865906
0,118,c,1,10.805401809325613,9.672761633543844,-1.1497586730536191,1.8132129673285156,2.509425850003486,0.3120052096121528
0,119,b,1,8.858894301191349,9.672761633543844,1.4837982151848657,0.21376656906776714,3419.310087850822,0.0889757471356214
0,119,c,1,9.944393157500247,9.672761633543844,-2.703709197308683,2.1991123364014626,0.09297415291411144,0.4944828666544835
0,120,b,1,8.971013805273882,9.672761633543844,-1.1313409163543304,0.908577618485227,2.362696368575886,0.373301976191375
0,120,c,1,9.812171733155903,9.672761633543844,-2.8378265678004,2.1356677139340077,0.08813192038376699,0.5157371609128333
0,121,b,1,8.460849757407724,9.672761633543844,1.6990409747977164,0.11804147971617768,8098.162432006343,0.06842301670053734
0,121,c,1,9.67704581867968,9.672761633543844,-2.7203309646865064,1.989420204994189,0.10543541356278546,0.5105638055084508
0,122,b,1,9.5009813553349,9.672761633543844,-2.0255275486447593,1.506136328707036,0.3209019505656169,0.4456138447116431
0,122,c,1,9.886566689870326,9.672761633543844,-2.540612765914374,1.9276877774641716,0.17780818796924946,0.4822164765114236
0,123,b,1,12.123019118065738,9.672761633543844,-4.595892769945456,4.604284424371942,0.014750759587698179,0.5662616282190092
0,123,c,1,10.4004311430483,9.672761633543844,-1.5131687249173047,1.7350541278555678,1.4723395721626116,0.3598141524888546
0,132,b,1,9.73254613390527,9.672761633543844,-4.141821926352356,2.582950266255586,0.00770140123518874,0.6546104149420038
0,132,c,1,9.148166456609527,9.672761633543844,-2.45424008840145,1.4575059063988132,0.12270011453786385,0.5091130973537543
0,133,b,1,9.453062893926143,9.672761633543844,1.4087343930602507,0.32900472367458966,1889.1969874630358,0.09052209411364624
0,133,c,1,9.43673242589461,9.672761633543844,-1.496575242602323,1.2652560828753665,0.8982360966168937,0.39245135163891937
0,134,b,1,8.643175442176132,9.672761633543844,-0.15952295886392184,0.6658515052837559,7.162128186574981,0.26993492446404077
0,134,c,1,9.156932644261252,9.672761633543844,-1.0466900145275,1.149293191414034,1.3605798353803247,0.3524506378507756
0,135,b,1,9.535193546301544,9.672761633543844,-0.6070176789317314,1.1196515002427412,3.4868442135367923,0.29274664739236833
0,135,c,1,10.287382123755068,9.672761633543844,-1.810872496474389,1.9789019105372838,0.5254030683539819,0.39097119701115146
0,140,b,1,9.18457266430139,9.672761633543844,-1.5878783707582989,1.1677119109323537,0.5465374328553593,0.41139593247292155
0,140,c,1,9.657839440912447,9.672761633543844,-1.83382337146611,1.6212368051431914,0.4919225104122658,0.41873814856379
0,141,b,1,10.685212987409587,9.672761633543844,-6.936579675600688,4.739213212822737,0.00012340980466955925,0.8613513473424388
0,141,c,1,9.53149179353613,9.672761633543844,-1.8015029430637242,1.4806397195203882,0.6594636331820539,0.42194270452150034
0,142,b,1,9.403717157316144,9.672761633543844,-0.8118007277863086,1.1141347401764017,2.435302930316674,0.31893038310016014
0,142,c,1,9.42709225770317,9.672761633543844,-1.477767813126139,1.3485296951114276,0.721696349005607,0.38947010250059033
0,143,b,1,8.980184589521658,9.672761633543844,1.8172860255203314,0.15896189803090746,4724.208542310568,0.050000000112690644
0,143,c,1,9.73907423187524,9.672761633543844,-0.8481817549827253,1.293091195028135,2.3592754527839315,0.31192398733953586
0,144,b,1,10.98392536795913,9.672761633543844,-3.3458030967857475,3.1974061498255137,0.05068687624920492,0.5084684099697072
0,144,c,1,10.172932545485862,9.672761633543844,-0.8070281570776141,1.4698214515727375,3.7225412667611817,0.2964659725907899
0,145,b,1,9.4306595035919,9.672761633543844,-1.3081997758797212,1.2557042230659845,0.9986141669489329,0.3712591681805592
0,145,c,1,10.158633269173713,9.672761633543844,-1.5270624488248554,1.7723377159553024,0.7919286637249808,0.3672528831271093
0,146,b,1,8.142743589575767,9.672761633543844,1.8085009324446726,0.09180121101770192,8103.040377132762,0.05730458964493538
0,146,c,1,9.323461683085913,9.672761633543844,-1.8399424436109473,1.5775800577902184,0.3658180094579493,0.43290324840608235
0,147,b,1,11.230873618052751,9.672761633543844,-5.660751285153056,4.83514372128651,0.001588836879610558,0.7059074868408145
0,147,c,1,9.449875224403963,9.672761633543844,-1.4203101438724648,1.3866556154581022,0.8042898544124284,0.3824130784073167
0,136,b,1,9.992337519443666,9.672761633543844,-3.142633165149969,2.2289150040477623,0.13348964900599597,0.5401478406587603
0,136,c,1,9.388570470718381,9.672761633543844,-1.6025160095409694,1.2887602964366414,0.7336833769162888,0.4057969828331398
0,137,b,1,9.890393519142801,9.672761633543844,-0.14574393183849116,1.0051046362770184,32.24179182371299,0.2413095630863295
0,137,c,1,10.405597626686276,9.672761633543844,-1.613504439477063,1.9238862257735971,0.9258584344027144,0.3682845395072898
0,138,b,1,14.870338457546449,9.672761633543844,-9.929121342106484,11.999999992322916,0.00012997736207695902,0.8224408680656302
0,138,c,1,9.900816148867042,9.672761633543844,-2.203980608755392,1.9035391384417273,0.267659479858136,0.4464421826932784
0,139,b,1,8.68781184465803,9.672761633543844,1.831009974053817,0.13140785097431645,8103.083856629356,0.05104649854242569
0,139,c,1,9.78523265991714,9.672761633543844,-1.3502429533101106,1.5574197969606396,0.965637873605093,0.3623819425958435
0,156,b,1,10.124241515800119,9.672761633543844,-1.3934204786525226,1.6625174891181613,1.3570695660764525,0.35653819817319526
0,156,c,1,9.795701294579814,9.672761633543844,-1.4804362886307798,1.4677389003093966,1.0186369411056466,0.3768681552946627
0,157,b,1,8.99573472099104,9.672761633543844,0.6060991206472319,0.542999908637519,83.33788922477193,0.17954333029594322
0,157,c,1,9.405787459531991,9.672761633543844,-1.1892995119210639,1.2495271529575445,1.3343945672343094,0.3598987606322402
0,158,b,1,9.069347217368138,9.672761633543844,1.738823880230925,0.17310602706423828,8103.060447734608,0.05933638356187693
0,158,c,1,9.881269338736717,9.672761633543844,-1.5975208660946552,1.6492496149139948,0.6700380190953498,0.38456013443602427
0,159,b,1,9.24624319776258,9.672761633543844,-1.496054052302839,1.201397755246035,0.6090520217153714,0.39825661774013826
0,159,c,1,9.472300539149732,9.672761633543844,-1.7828805055172698,1.4099383945725321,0.4196882565413905,0.42020660970697665
0,148,b,1,9.213194647336342,9.672761633543844,0.5421453491239037,0.5756828101473845,151.71407256681053,0.1849375735972029
0,148,c,1,9.70227213528748,9.672761633543844,-2.5767756183584325,1.960432116305254,0.1165104108191984,0.4936097054695161
0,149,b,1,10.404990107678067,9.672761633543844,-6.677552475966127,4.295003646092401,0.00012340980524479697,0.8586474173645006
0,149,c,1,9.597113927246284,9.672761633543844,-1.182990088799492,1.3349489273387358,1.572959169283054,0.35287910863183847
0,150,b,1,9.017504496729584,9.672761633543844,-0.25035449020798983,0.7346939223590682,8.340511979038725,0.27100027243122454
0,150,c,1,9.809227947659329,9.672761633543844,-1.6465549912572306,1.609868740778838,0.6528761188199677,0.3927445887682031
0,151,b,1,9.415780622436774,9.672761633543844,-0.3401935405322546,0.9795199237688491,8.939890862942356,0.2704354374151949
0,151,c,1,9.738145528321114,9.672761633543844,-1.152304591269502,1.4449124410181575,1.50737031306876,0.3440758128463707
0,160,b,1,9.333733353666215,9.672761633543844,0.6997303117992641,0.589321875663092,119.8625869145402,0.1637447918193887
0,160,c,1,9.78093779141255,9.672761633543844,-1.4048203406364075,1.5777589675849133,0.8768847729204617,0.36819034220164576
0,161,b,1,10.179773712793635,9.672761633543844,-5.983881595315335,3.792984086398642,0.00022501886033886624,0.8073288339387188
0,161,c,1,9.570051371963906,9.672761633543844,-1.848938794872729,1.5371532800804228,0.4783702605893653,0.4241698230253827
0,162,b,1,10.568500675941317,9.672761633543844,-2.627097934430805,2.530988223318449,0.14957997559434874,0.45928503115011166
0,162,c,1,10.335979861965106,9.672761633543844,-1.3449253240199885,1.7977023899521711,1.3211091958809678,0.3440092643495422
0,163,b,1,14.516062167100818,9.672761633543844,-10.306303056706035,11.999999555201255,0.00012341009062754964,0.8685323031709432
0,163,c,1,9.370803812811321,9.672761633543844,-2.7863082357353726,1.7241896952731848,0.06473001523113513,0.5325833644081434
0,164,b,1,11.277265604412499,9.672761633543844,-7.286065272758038,6.088048897968758,0.00012340980969845135,0.8480478798183708
0,164,c,1,8.781105528435814,9.672761633543844,-1.4513762345440775,1.0030715070098133,0.6015518871839851,0.4135742865355128
0,165,b,1,9.155407814364331,9.672761633543844,-0.8040107706365239,1.057165653109411,4.712256214984471,0.33019507607474
0,165,c,1,9.661468144142361,9.672761633543844,-0.9271696835248349,1.4240667829464435,2.3352437679635853,0.3234365058479272
0,166,b,1,11.050416103720098,9.672761633543844,-7.390354400437323,5.538439909720468,0.00012340980539669923,0.8751186309619516
0,166,c,1,9.541296363738368,9.672761633543844,-2.51504560040797,1.7339637406233113,0.11061805584212733,0.4946019821585959
0,167,b,1,10.331406619417077,9.672761633543844,0.05783053982523925,1.1190298250894082,31.33037091401623,0.2098514229545857
0,167,c,1,10.08708419052424,9.672761633543844,-2.4270462684429486,2.129609008531105,0.12762925533845051,0.4589542333052758
0,152,b,1,9.118495960303319,9.672761633543844,-0.5755012108007429,0.8525965658386956,8.337035212888871,0.3069768850303259
0,152,c,1,9.920348469991731,9.672761633543844,-2.3555912652859945,1.9870199936258182,0.21022386954019126,0.46111037923515547
0,153,b,1,8.883628009962075,9.672761633543844,1.451783481490616,0.2524909405174753,1245.918649082037,0.09025288230517091
0,153,c,1,9.18135819688328,9.672761633543844,-1.7032964836549032,1.2131455049363273,0.4146176697865144,0.42383113146898577
0,154,b,1,9.55841324524504,9.672761633543844,1.5801234909379644,0.29992026090652274,1567.4310479782412,0.07038447789237019
0,154,c,1,9.983517916088523,9.672761633543844,-1.20100694262262,1.4896836169699401,1.6060108541894715,0.3413033219941315
0,155,b,1,9.242351504617353,9.672761633543844,-4.347819403593549,2.011601287210069,0.003041709542910149,0.7092775230322748
0,155,c,1,9.376423096304855,9.672761633543844,-2.1439999008730557,1.4846471291171577,0.26285579190886027,0.4643549455530679
0,172,b,1,9.361761206301368,9.672761633543844,-1.825079350351058,1.328131772812823,0.4053783048444916,0.42995123159368587
0,172,c,1,10.032823141014989,9.672761633543844,-2.2807060213888333,1.898606744917259,0.25821548158596946,0.44870689382894774
0,173,b,1,9.391955131289524,9.672761633543844,1.8055967509281716,0.20209021474146932,8102.183043830678,0.0500001284257176
0,173,c,1,9.53212930356408,9.672761633543844,-1.1741054589052404,1.3721575509097983,1.3204317829367633,0.35330336848358557
0,174,b,1,8.730350372362016,9.672761633543844,1.2552605353483024,0.27112562628767156,845.0721769081329,0.11436132654829087
0,174,c,1,9.876751543110059,9.672761633543844,-1.5378383561553437,1.598262882451848,0.8996418269902124,0.3795437236372173
0,175,b,1,8.203816051921846,9.672761633543844,-1.9565114723542885,0.7619437981994961,0.0889550551512495,0.49578456608434956
0,175,c,1,8.682630553219497,9.672761633543844,-1.9855151408942775,1.0905691092155885,0.1776038333340033,0.47867453064698
0,180,b,1,8.965488767526224,9.672761633543844,-2.7882424929943475,1.3594943372275181,0.034587749689496454,0.5528811897384711
0,180,c,1,9.96149714208682,9.672761633543844,-2.274362399103346,1.996425904322588,0.2661705138731416,0.45135475853409524
0,181,b,1,8.965214833726579,9.672761633543844,0.5024807701567868,0.5095412457073967,140.18098093740076,0.19447810132373616
0,181,c,1,9.42491902064086,9.672761633543844,-2.098535303670609,1.566233224029546,0.30736217571295565,0.45745802817507797
0,182,b,1,10.503299745397488,9.672761633543844,-4.239831186927677,3.2293237702026696,0.01771764712472281,0.6187147763897263
0,182,c,1,9.357820523776619,9.672761633543844,-1.2832889198961,1.1397110660261554,1.4254340646034984,0.37314689533761236
0,183,b,1,10.345102917217625,9.672761633543844,-5.003806300300857,3.587964189240027,0.003191925141883281,0.7016119060088661
0,183,c,1,9.08820064891605,9.672761633543844,-2.0365072663516166,1.303944816990629,0.24195775656262514,0.465619187213299
0,168,b,1,9.694550285916394,9.672761633543844,-6.0992858631147335,3.102149567059168,0.00013798918524672525,0.8586738749382099
0,168,c,1,10.17107184497275,9.672761633543844,-1.7084473185307174,1.875648258474045,0.6021829601707174,0.38505923599765984
0,169,b,1,10.014057636329593,9.672761633543844,-6.89372621055259,3.902750347437704,0.00012340980414293312,0.914645971820279
0,169,c,1,9.291548768966226,9.672761633543844,-3.021054560383824,1.7201305701096246,0.05503269973115383,0.5638939132733999
0,170,b,1,10.193739916298245,9.672761633543844,-1.3281837820853961,1.6585261021966708,3.4442745544404776,0.3505012735004086
0,170,c,1,9.58042836573884,9.672761633543844,-2.057948230704013,1.5962107637622274,0.28232468557077084,0.44498649327625867
0,171,b,1,9.469011150987013,9.672761633543844,1.7651748958110138,0.2074819849518713,8103.083710679267,0.053976836606181515
0,171,c,1,9.708889216170022,9.672761633543844,-1.5712877364718891,1.550621362195033,0.6285642001503192,0.38806850142985955
0,188,b,1,10.281321049815004,9.672761633543844,-3.270408167963435,2.652458249330862,0.06462115914812029,0.5361603380776184
0,188,c,1,9.510936631274415,9.672761633543844,-1.673215296882252,1.4870871705442714,0.5944916508673992,0.4076584304053108
0,189,b,1,9.371458555387683,9.672761633543844,-1.0275935523325885,1.0717759584160031,5.123577102915829,0.3485174847070839
0,189,c,1,9.505967361260058,9.672761633543844,-1.4981983012996842,1.3653784839589749,0.8296928207119088,0.38937344633815607
0,190,b,1,9.466961044196006,9.672761633543844,1.7771530553559596,0.1928427297892039,8103.083877312841,0.052689788154526955
0,190,c,1,10.221872728979344,9.672761633543844,-1.2503102766215808,1.5985548716340636,1.874739458008522,0.33928682221975676
0,191,b,1,9.440286958545029,9.672761633543844,-1.9828407318937455,1.5069336942641027,0.3860885769571682,0.4444420203162704
0,191,c,1,8.928697271006143,9.672761633543844,-1.1499572044385853,0.9301526052259531,1.2120572595084895,0.37363198278526927
0,192,b,1,9.486791812417305,9.672761633543844,-1.193222057341137,1.1649692018776103,2.408175723297452,0.36014658347299566
0,192,c,1,9.927355655413962,9.672761633543844,-2.525502659059633,1.9558603671878816,0.20513829896882474,0.47913112105890676
0,193,b,1,9.704631868860103,9.672761633543844,1.6228996294750266,0.2736315925875853,7701.871946403009,0.067625844584049
0,193,c,1,9.722670109390291,9.672761633543844,-1.849694938766722,1.5959822163069743,0.5918547083764405,0.4185526345168296
0,194,b,1,8.564873820763497,9.672761633543844,0.3275083466114598,0.493928198628409,34.244107024248514,0.2193871978692413
0,194,c,1,9.073749073215932,9.672761633543844,-1.4398923372826267,1.1903406753560215,0.6455609691161791,0.3992871404214787
0,195,b,1,9.198179454981878,9.672761633543844,-0.4400308793663723,0.8997084934333521,7.443154347056609,0.2877729331142576
0,195,c,1,9.67897904116006,9.672761633543844,-1.5507354482437212,1.5264652585197012,0.8331287724805115,0.3883867405488873
0,176,b,1,9.455211486110361,9.672761633543844,1.7796744008210639,0.21634245076897962,8103.083707474925,0.052481494283926254
0,176,c,1,10.044593592094829,9.672761633543844,-1.4915396378660075,1.8496391726537706,0.7371707688996005,0.3671586977170572
0,177,b,1,10.024072876401107,9.672761633543844,-6.2742874919271525,3.8181567602516333,0.00012340980418751893,0.8487719535825936
0,177,c,1,9.201053744075493,9.672761633543844,-1.8481114252820392,1.3631999457888273,0.3442788457943283,0.4392913421981432
0,178,b,1,9.414788506341987,9.672761633543844,1.6303304023860385,0.25207869984809916,8102.1662456491595,0.0689626081623041
0,178,c,1,9.460395377092247,9.672761633543844,-2.281602110781378,1.626040104575409,0.23941565465594594,0.4756282646501606
0,179,b,1,10.320675185214032,9.672761633543844,-5.088566779398574,3.384725516717874,0.0034259081652096173,0.7120131743745773
0,179,c,1,9.72857248707793,9.672761633543844,-2.4303850803762685,1.7763155136977173,0.1909293840759757,0.47811462223949
0,200,b,1,9.60550873036815,9.672761633543844,-2.3006045725753803,1.6346395290522955,0.3305528104685933,0.4718726146111697
0,200,c,1,9.835276568066288,9.672761633543844,-2.2809866241520034,1.8471479131913568,0.2775500712290601,0.45804383351961814
0,201,b,1,10.539946657234074,9.672761633543844,-2.5173632578990395,2.2815452104452945,0.1484436625701529,0.44925451495101215
0,201,c,1,10.054404474809177,9.672761633543844,-1.947372893257954,1.726103894235613,0.4550418915256641,0.41417519416478865
0,202,b,1,9.045195136001249,9.672761633543844,1.766274386852665,0.17411900579826764,8103.079146157114,0.056381186643796724
0,202,c,1,9.452282433800045,9.672761633543844,-1.5894067569123027,1.3764906715813592,0.604815254528802,0.4005077413090469
0,203,b,1,9.664406890139622,9.672761633543844,-0.5664294468648507,1.1648212891884144,4.85818027749435,0.2860713073682608
0,203,c,1,9.971196699862901,9.672761633543844,-1.5977237986205766,1.706989590851093,0.7726074621106455,0.3818041557293789
0,196,b,1,7.910276835217626,9.672761633543844,1.805991309733705,0.04828836113904027,8103.024076119818,0.05931461406953013
0,196,c,1,9.711283039146526,9.672761633543844,-2.1818827806107843,1.84658921251583,0.22028348706072384,0.4517510667232923
0,197,b,1,9.420617871234072,9.672761633543844,0.0644738896799761,0.7292568786604084,65.51142043210474,0.23190761274016203
0,197,c,1,9.679588405884367,9.672761633543844,-2.5309327836405275,1.7811132815000563,0.1386171871292936,0.49040485176897075
0,198,b,1,10.462375722289678,9.672761633543844,-1.7177594322591208,1.9998270132001488,0.7565068069846793,0.3762766514269349
0,198,c,1,9.800310195729631,9.672761633543844,-1.5507387248866695,1.5973585377545654,0.6761017190783118,0.3825224331987286
0,199,b,1,8.24353483164844,9.672761633543844,-0.4033633207982882,0.4300646123421943,5.866537374564196,0.3146982347581588
0,199,c,1,9.525401570333802,9.672761633543844,-2.1743632644065576,1.7161945667418488,0.24704973057108653,0.46027373272654815
0,184,b,1,9.688306814197658,9.672761633543844,-3.9006015642723137,2.353610351981939,0.01356257609496495,0.6330109196702186
0,184,c,1,9.278108131858792,9.672761633543844,-1.5902113096997597,1.26990208390355,0.7908321456744865,0.4095573453584648
0,185,b,1,9.489180427682214,9.672761633543844,-1.741915902966953,1.3956540584693538,0.4701717750739661,0.4153159872265903
0,185,c,1,9.754386738619724,9.672761633543844,-2.092707375913682,1.6478506284742414,0.3199095658954172,0.44153854305276224
0,186,b,1,9.676118265114384,9.672761633543844,-6.244291740797028,3.3143095624840107,0.00012340980752283983,0.8759777673050996
0,186,c,1,9.754214442005024,9.672761633543844,-2.530546908621153,2.014365907331544,0.14712404499732226,0.48687039599192283
0,187,b,1,8.82925897732989,9.672761633543844,1.4070722065148527,0.21891779489675725,2886.1869480711935,0.09793647793987348
0,187,c,1,9.841135209834924,9.672761633543844,-1.603357932364252,1.6049087545262612,0.6704059663608464,0.3867835402340272
0,204,b,1,8.749081408525765,9.672761633543844,-0.46872407181107134,0.7085558712531727,6.095222219282227,0.3050182006547412
0,204,c,1,9.184106261791696,9.672761633543844,-2.396809547416135,1.49819932212655,0.1255397697441854,0.500358749406889
0,205,b,1,10.91566958622442,9.672761633543844,1.7172162382478011,0.3497385592057834,3250.1322255324008,0.050000000138562616
0,205,c,1,10.520250456454725,9.672761633543844,-0.9832661243070568,1.6997472125697877,2.6870902473422404,0.30354789384154357
0,206,b,1,9.061187412794029,9.672761633543844,-0.6568647830220538,0.8029212555560192,6.583608669239311,0.3175723580626869
0,206,c,1,9.902030429233806,9.672761633543844,-1.860008971183968,1.6946612079156684,0.5937845839854738,0.4121120370785423
0,207,b,1,9.521400009872924,9.672761633543844,-1.15927056824406,1.2574502297381194,2.6520052906232756,0.35538948977980434
0,207,c,1,9.783129673829135,9.672761633543844,-2.3931139215098596,1.840660404902423,0.218413407684411,0.4718847459916683
0,216,b,1,9.315558835914217,9.672761633543844,0.32926362798794107,0.713527276891246,68.78165833733217,0.20454109418083705
0,216,c,1,9.11418343517676,9.672761633543844,-1.5282194265538993,1.219257269832644,0.49342221690520677,0.40659006629736316
0,217,b,1,8.545528359932584,9.672761633543844,1.8437612863317612,0.12094905678238925,8103.083511783101,0.050362078837509185
0,217,c,1,9.296674475158776,9.672761633543844,-1.6154460332164615,1.3821278898238734,0.5554229894329007,0.4098216988321022
0,218,b,1,9.433287351619958,9.672761633543844,-2.4102474447166675,1.6443507469806562,0.1325373447407519,0.4890042802152328
0,218,c,1,9.387393929846686,9.672761633543844,-2.167281919583992,1.591101966939974,0.1995244882280834,0.4650962202745648
0,219,b,1,9.549191753512648,9.672761633543844,-0.21676555197072908,1.003840213903453,10.574455880426935,0.25332555815442936
0,219,c,1,9.626015657789491,9.672761633543844,-1.268597707794066,1.3957973026950714,1.1867980446555784,0.36012961861465637
0,220,b,1,9.891975057921293,9.672761633543844,0.3372575095241771,0.8085651080354715,41.965543843741955,0.18982096414930108
0,220,c,1,10.482871389934536,9.672761633543844,-1.2393558642023597,1.7254351097756389,1.7233512553321182,0.32935419252737497
0,221,b,1,10.627511218038213,9.672761633543844,1.258989072300859,0.5838252391525456,666.0910667153086,0.09299458620524614
0,221,c,1,10.72464442522971,9.672761633543844,-1.3497784498418195,1.9699292707229032,1.6357427267542402,0.33289900458417954
0,222,b,1,9.600953645007298,9.672761633543844,-1.7679897788712684,1.4619893174060405,1.1105832703854908,0.41714107523244576
0,222,c,1,9.265375142387594,9.672761633543844,-2.2660385849242908,1.3840064386118853,0.20299982768874436,0.48302006324384783
0,223,b,1,10.528144707489982,9.672761633543844,-4.932343294307712,3.5273907836308873,0.003430458364960145,0.6824610312641269
0,223,c,1,9.36980971010666,9.672761633543844,-1.614543525732806,1.2268749546091176,0.6609003586984648,0.40747639720189177
0,208,b,1,10.626076133497186,9.672761633543844,-7.126913381621817,5.053397205021165,0.00012340980550821308,0.8846349704169201
0,208,c,1,9.940430713392708,9.672761633543844,-1.0069154355111831,1.473621439661549,1.971760374645337,0.3223308925058175
0,209,b,1,13.51466520016444,9.672761633543844,-8.930300996160996,9.90206911597732,0.00023455773688906768,0.830903660064763
0,209,c,1,8.818390911280138,9.672761633543844,-1.168644693297312,0.922100872168411,1.2504805562417791,0.3808696283189372
0,210,b,1,9.370751432624338,9.672761633543844,1.0838286338689875,0.44951593625880126,328.1450923677136,0.12300376223139571
0,210,c,1,9.698704117621965,9.672761633543844,-1.6481549143807555,1.5889758694025287,0.5241678619178913,0.3962479724638831
0,211,b,1,8.575740676224646,9.672761633543844,1.541296652873223,0.1732446006580089,3124.6199887976795,0.08482391989374807
0,211,c,1,9.629733490791661,9.672761633543844,-1.9975116787245006,1.643201252513671,0.39541603726417696,0.43746657363515234
0,212,b,1,8.16118334903698,9.672761633543844,1.3594423870742958,0.1304801760263622,1259.571183171872,0.11011649202163472
0,212,c,1,9.87352698367523,9.672761633543844,-2.4898750563430774,2.059481995464938,0.15203328101031383,0.47665870445059083
0,213,b,1,11.007579366409617,9.672761633543844,-5.666675077263096,4.28221556169869,0.002554892440187966,0.7214597124597074
0,213,c,1,9.671928779797705,9.672761633543844,-1.6349845342980198,1.442960705489401,0.7921188195689602,0.39793786805138864
0,214,b,1,8.644504316728302,9.672761633543844,1.7593519239105222,0.1272619612291596,8103.083643812146,0.05981637905369602
0,214,c,1,9.393520652460122,9.672761633543844,-1.5355304771497331,1.3211822267679505,0.7558387969390438,0.39791015186855794
0,215,b,1,9.084083413878988,9.672761633543844,0.368827845133064,0.6581075433686482,24.586208383829064,0.19987033455557127
0,215,c,1,10.165513043493151,9.672761633543844,-0.8860055502999191,1.4788152929896998,2.9988457057790625,0.30417947183322563
0,228,b,1,9.007131647460836,9.672761633543844,-0.9882403939585056,0.9106454650737348,1.6867247101026825,0.35246944551671044
0,228,c,1,10.019683108108087,9.672761633543844,-2.4531801576862886,2.0263299761207128,0.22866411972817455,0.46736809626631204
0,229,b,1,9.98203850646744,9.672761633543844,-2.171604418844118,1.7935223000245994,0.44699795344167237,0.4413031392229731
0,229,c,1,9.651724040085261,9.672761633543844,-2.520894082316583,1.714758702923487,0.15797056263519155,0.4912630482646173
0,230,b,1,9.23726773964583,9.672761633543844,-2.1752743028961,1.405562545467226,0.22757723596310162,0.4743189660378809
0,230,c,1,9.153448489277402,9.672761633543844,-1.9144935448308282,1.239242581466989,0.3773794990680481,0.450088966731349
0,231,b,1,9.049494548971891,9.672761633543844,1.753696963442197,0.17439009086203133,8100.802662213082,0.0577802104842303
0,231,c,1,9.672381481314316,9.672761633543844,-1.3607874615376332,1.4699947684150776,1.0799055773856359,0.36840980882034724
0,244,b,1,9.477751903388079,9.672761633543844,1.691698812585149,0.22923386318853425,8103.027789822913,0.06187611986133809
0,244,c,1,9.724990109808722,9.672761633543844,-1.90137734795844,1.6309383172483098,0.4627690832386597,0.42313780675183293
0,245,b,1,9.794573979063385,9.672761633543844,-1.0609996208248251,1.4094716713953588,1.9854485259828154,0.33325395652272155
0,245,c,1,10.271462424997976,9.672761633543844,-1.5411695388583482,1.8404730152407465,0.9515778751607078,0.36555889042096584
0,246,b,1,10.108946759762892,9.672761633543844,-1.823677399475926,1.9515553643799284,0.7980446751577347,0.4009364675718729
0,246,c,1,8.867409719631864,9.672761633543844,-1.8625020619519679,1.1468476584892031,0.2628036686663454,0.45587238025759325
0,247,b,1,10.86295964898139,9.672761633543844,-3.8546554008558553,3.304985663585282,0.013637607375663921,0.5600456184435673
0,247,c,1,9.921642895823757,9.672761633543844,-1.1754334535723365,1.4413724191415305,1.9298701700618746,0.34147551361218514
0,224,b,1,9.497983181873854,9.672761633543844,-0.23428236747428155,0.9331118111730583,9.903032789908021,0.25637314699690045
0,224,c,1,9.784063349140931,9.672761633543844,-0.0906924265492225,1.028274037680613,14.220217862058368,0.2345820508927652
0,225,b,1,9.131873648703959,9.672761633543844,-6.06237366454854,2.1882696374282,0.00012340980424273735,0.9067170992741712
0,225,c,1,9.504118624341613,9.672761633543844,-2.7482319742283297,1.738565019829044,0.0903268377817501,0.522351353973129
0,226,b,1,8.508779652968133,9.672761633543844,1.0900803038253508,0.2797141723357751,261.24743610109437,0.13373732782331174
0,226,c,1,9.62296741110977,9.672761633543844,-1.6305415174805928,1.5199005720234835,0.585259615450792,0.3979477005060284
0,227,b,1,8.306657919389266,9.672761633543844,1.7652379910329854,0.10286550408636236,5964.283293982288,0.0609977011848836
0,227,c,1,10.163130325671894,9.672761633543844,-1.2340757243826332,1.7211919803392957,2.052492277890614,0.3398891732608809
0,240,b,1,12.26739048962112,9.672761633543844,-6.7539860418388304,6.7575730475213085,0.0008823457687653527,0.7369668633240936
0,240,c,1,9.381034168894171,9.672761633543844,-1.2484427891514749,1.324319419928887,1.027097980456254,0.36630764505388597
0,241,b,1,8.597753529882953,9.672761633543844,1.6923690436161216,0.1651266857777567,5020.239237694585,0.06736014543627167
0,241,c,1,9.017558478313216,9.672761633543844,-1.642798840646686,1.2097575609535447,0.5022459134089023,0.4252618809999808
0,242,b,1,9.592045247474625,9.672761633543844,-1.2255390801396473,1.2493833574133961,1.6567409381780231,0.3581839032508393
0,242,c,1,10.08558435274526,9.672761633543844,-1.5996704755490998,1.6589327082836438,1.038934110227796,0.3789544834292279
0,243,b,1,10.644318026182393,9.672761633543844,-6.747381424556853,4.953540075917037,0.00012340980466978441,0.8461926306566769
0,243,c,1,9.165858921347128,9.672761633543844,-0.7835987967525434,1.055622345664929,2.5505194500271644,0.32406584483028406
0,252,b,1,9.287976062367923,9.672761633543844,-1.309547918678069,1.2479968591887658,0.8820112097538444,0.3763698197583917
0,252,c,1,9.791838099471716,9.672761633543844,-1.690781770267742,1.667719906310155,0.6720594520449547,0.39852098071757214
0,253,b,1,10.544682193907313,9.672761633543844,-4.795871028620439,3.389723108028174,0.0031104136495203193,0.6674848881289334
0,253,c,1,9.680148501706297,9.672761633543844,-2.5747089750732677,1.738712065002355,0.14302517853168709,0.4954146172209537
0,254,b,1,9.072008759955292,9.672761633543844,-2.6301597133197996,1.3249783129878845,0.08556455502832172,0.5327311291657767
0,254,c,1,9.332336798945637,9.672761633543844,-3.027768667160002,1.6298783412379816,0.05531112917360103,0.5622317001486384
0,255,b,1,7.673373444810052,9.672761633543844,1.710433629990213,0.03278453994186392,5974.512147251903,0.07339030625902904
0,255,c,1,8.83861721643486,9.672761633543844,-2.3255136795736737,1.251306982864611,0.09184175866529562,0.5088462057642427
0,232,b,1,9.591325038412116,9.672761633543844,1.3593821645980926,0.39523815942929275,1397.9662769222841,0.09393920491814776
0,232,c,1,9.312058406922587,9.672761633543844,-1.3552558449636212,1.3155956072736228,0.9061994688795559,0.3810232473752701
0,233,b,1,15.059646970630606,9.672761633543844,-9.799871536037138,11.999999981739453,0.00018279337381733906,0.8035244312390468
0,233,c,1,9.885380954244976,9.672761633543844,-0.5801944966597546,1.2684384456903848,4.051766331970475,0.2802254511437
0,234,b,1,8.811015904726519,9.672761633543844,-2.6668546373076136,1.2747618339573152,0.03831299179984106,0.5476926918665459
0,234,c,1,9.45471252970881,9.672761633543844,-0.963484833222713,1.2196872149500662,2.327179056593251,0.33472714886327687
0,235,b,1,8.905318187340356,9.672761633543844,1.0573989949795415,0.3291018000648863,462.64764371699675,0.1337348087647019
0,235,c,1,9.825135553474759,9.672761633543844,-2.06197552488956,1.748840302884647,0.3152840879290803,0.43488304251292165
0,248,b,1,10.696107911229364,9.672761633543844,-6.306754209788263,4.679273200600578,0.0002977950923972235,0.8008996014876002
0,248,c,1,9.456332806784825,9.672761633543844,-1.032565782839134,1.2532050156131143,2.055147176372076,0.34204894686705767
0,249,b,1,9.33147744112721,9.672761633543844,0.172373633534745,0.7409697299607625,43.20282423222477,0.22043371211543206
0,249,c,1,9.112262229162665,9.672761633543844,-1.3534141968155842,1.089046185534503,0.8778857561547694,0.38896050534019705
0,250,b,1,9.39432939538444,9.672761633543844,0.30352861435405787,0.6930357664418432,48.40981862344869,0.20439719116134655
0,250,c,1,9.82976308020041,9.672761633543844,-1.4274213831133602,1.4924393349628189,1.1618599254603146,0.3702866971103052
0,251,b,1,8.660495668657724,9.672761633543844,-3.1988396364441116,1.3468429407807065,0.018955207748561558,0.6213699586468373
0,251,c,1,8.25801025073741,9.672761633543844,-1.9724376613079921,0.7742650178848508,0.15661401318879947,0.5004450057853914
0,264,b,1,9.714047530760016,9.672761633543844,-6.269487311324241,3.138779315770671,0.00012340980413293187,0.8753324684712075
0,264,c,1,9.866718148156808,9.672761633543844,-2.74565529430425,2.100158099131514,0.11308785300757149,0.5038031693961625
0,265,b,1,9.482825158240969,9.672761633543844,-1.540807625440269,1.3047398869397062,1.0679279701119908,0.39644443125313544
0,265,c,1,10.597958513155273,9.672761633543844,-2.783034563084428,2.657104311725339,0.16956086684650906,0.4741250084731639
0,266,b,1,9.469814583016602,9.672761633543844,-2.2772089231462602,1.6192544638789668,0.14988217594440376,0.472287579062253
0,266,c,1,9.196510175046066,9.672761633543844,-1.9607211210114244,1.3288529817168349,0.26542114018561697,0.45154516060795047
0,267,b,1,15.124550311433483,9.672761633543844,-9.960884259924192,11.999999999428834,0.0001234113922577668,0.8107181258309188
0,267,c,1,10.658926130312622,9.672761633543844,-1.441211229498943,1.9192484885749963,1.1203336194166025,0.34273830301508834
0,236,b,1,9.409931843190531,9.672761633543844,-4.732411605052171,2.352156909639798,0.0019018776152331246,0.7389208442867824
0,236,c,1,9.159438091245383,9.672761633543844,-2.062071670138929,1.28521680462892,0.2787453654849496,0.46586535816451036
0,237,b,1,10.310993491161536,9.672761633543844,-6.6729218731127755,4.338953534896221,0.00012340980461262983,0.8660052202675463
0,237,c,1,8.950790284879446,9.672761633543844,-1.4251470895051948,1.0543167838810514,0.7723889450358608,0.4040873266941877
0,238,b,1,9.06896240749217,9.672761633543844,-6.205398818942351,2.3773518944598635,0.00012340983983765932,0.9300252959736812
0,238,c,1,9.126802485173204,9.672761633543844,-2.9994964356635068,1.5774291614775904,0.051658583269412514,0.5712069357323466
0,239,b,1,8.874428255200046,9.672761633543844,1.3046615044004528,0.30366423522659786,1204.201437872074,0.10759846585735053
0,239,c,1,9.20640307728556,9.672761633543844,-1.543344537991166,1.3225906582156632,0.553601268693145,0.405111203960954
0,260,b,1,9.8834961413795,9.672761633543844,-0.604565307238558,1.3348191081478715,8.112176544172296,0.2862789093222607
0,260,c,1,9.038703897242032,9.672761633543844,-1.110628903874115,1.0681128198379313,1.4866035985032902,0.3655167568768345
0,261,b,1,10.57270063565439,9.672761633543844,-4.1755303534681625,3.218540483416362,0.016229125651204563,0.608097702186851
0,261,c,1,9.861499548349503,9.672761633543844,-1.8626621949417923,1.654995840386613,0.5861698079138491,0.4140432871788918
0,262,b,1,9.248727265198353,9.672761633543844,0.07137290437633817,0.7295215338932562,62.931462946159655,0.23531384857008175
0,262,c,1,9.275347973346582,9.672761633543844,-1.4054358406370575,1.2498750194106631,0.9549546620625211,0.38881051763548985
0,263,b,1,9.103250368587108,9.672761633543844,1.8196471732683304,0.1689117239152323,8103.08388603298,0.05000000462303906
0,263,c,1,9.419487510922687,9.672761633543844,-1.21508550527188,1.2859103031967016,1.4142084427994221,0.3627169936207503
0,268,b,1,9.216613535528703,9.672761633543844,0.12658792908504396,0.7336098122895673,49.63104629020742,0.22901257370033623
0,268,c,1,8.955871911271805,9.672761633543844,-1.4771546979521162,1.0843155688745987,0.8072524155604208,0.4105479768657637
0,269,b,1,12.418915469369505,9.672761633543844,-8.43150312166441,7.812036303252208,0.00012340980592477662,0.8636937244228464
0,269,c,1,10.136263775780632,9.672761633543844,-2.5489447974682937,2.1832463108797198,0.1751901489482797,0.4711663731187146
0,270,b,1,10.421640037922302,9.672761633543844,-2.7411750050269768,2.4331674818740128,0.1279401538710083,0.47695982342850574
0,270,c,1,10.229311391145199,9.672761633543844,-0.9336380741182941,1.570141443637792,2.165311755309625,0.3057886681660962
0,271,b,1,10.351189533893221,9.672761633543844,-1.377811914886379,1.7987233546517576,1.589262860964618,0.3477250097283884
0,271,c,1,9.801812637674635,9.672761633543844,-2.002236455704283,1.7400820909997825,0.38687997246319034,0.4302131956939699
0,276,b,1,9.90717641013899,9.672761633543844,0.1932096041458587,0.8673478649745667,50.50881195907586,0.20593275894391344
0,276,c,1,10.225033962998305,9.672761633543844,-1.8419713335983592,1.8917245492025092,0.5907343253338909,0.39716294991623874
0,277,b,1,10.477180551967864,9.672761633543844,-6.085280245243302,4.194040059639077,0.00033141251297033033,0.7957485369472388
0,277,c,1,9.60452172233259,9.672761633543844,-2.067377780708491,1.6331774377804176,0.29336568760989107,0.4451377402754976
0,278,b,1,10.03641953438564,9.672761633543844,0.3781756884350115,0.822584116904663,70.92567078645071,0.18474571844444596
0,278,c,1,10.28493952584846,9.672761633543844,-1.2409228860359738,1.5643231839495781,1.9476080418399577,0.3363729207248155
0,279,b,1,9.65940788574236,9.672761633543844,-0.5857505063823701,1.1576143599941653,5.491504719287195,0.2890550109519715
0,279,c,1,9.55288576147911,9.672761633543844,-1.3614084428682525,1.381144691488831,0.9703168242746755,0.37251539877625917
0,256,b,1,9.063937622794633,9.672761633543844,1.738548672098975,0.1758746019837904,8103.0671866097355,0.059402938934634546
0,256,c,1,9.737582972835767,9.672761633543844,-1.2223350060020017,1.4542037967613828,1.4198075427872943,0.35170790894881665
0,257,b,1,8.492269158760973,9.672761633543844,1.8384177268748787,0.10792990169888783,8103.083660501405,0.05132500518277793
0,257,c,1,9.952401192562483,9.672761633543844,-1.721741960079009,1.7648041133442605,0.49020413530840506,0.39396578063779353
0,258,b,1,7.945451251495838,9.672761633543844,1.8340366910273294,0.06034193041853936,8103.082959370501,0.055424228306670015
0,258,c,1,9.471562547290356,9.672761633543844,-1.378659229227531,1.3901088844720337,0.9737947392323885,0.3777448303021124
0,259,b,1,9.54607953048485,9.672761633543844,0.058781394446042766,0.8676396135552934,46.52298226888161,0.22844991248082158
0,259,c,1,9.840691085550851,9.672761633543844,-3.0347678952759596,2.216003042274646,0.07861085028022861,0.5353142976274642
0,272,b,1,8.42293278747376,9.672761633543844,0.5790790687133064,0.3456526100926295,114.51710280065758,0.1965993354574283
0,272,c,1,9.01052087490177,9.672761633543844,-2.0225123331575734,1.2562435508228185,0.21104611610890942,0.46705777967456225
0,273,b,1,9.045945747603577,9.672761633543844,1.5713839797434224,0.21960829494031942,4909.278983757705,0.07775438221820972
0,273,c,1,9.355297072628986,9.672761633543844,-1.910156754244842,1.4451571424565848,0.32259530829708416,0.4390185474939583
0,274,b,1,9.478599268540231,9.672761633543844,0.26306074446841876,0.7802494684387578,23.964025675227873,0.20381489546888706
0,274,c,1,9.783785940581941,9.672761633543844,-1.3320118507387426,1.452641244210366,1.0210237270090599,0.3606769524156199
0,275,b,1,8.883097072409461,9.672761633543844,0.901315197901578,0.4492826476314258,164.59697719485393,0.14899001486206961
0,275,c,1,9.488355718157285,9.672761633543844,-1.3416911234194404,1.3927703084644971,0.8307129516850963,0.3718358337061815
1,16,b,1,11.644498720055,8.716665144199743,-8.797761491444884,9.473182192729244,0.00012340980497943464,0.95279631277315
1,16,c,1,11.644498720055,8.716665144199743,-8.797761491444884,9.473182192729244,0.00012340980497943464,0.95279631277315
1,17,b,1,13.886242537510343,8.716665144199743,-6.087928379070437,8.866099962527972,0.027008536646761862,0.6038289674180068
1,17,c,1,9.144952292304637,8.716665144199743,1.7966747210953748,0.28791743513029866,8103.083906124311,0.05235300886822787
1,18,b,1,11.4788580131227,8.716665144199743,-9.724749135818325,10.129171026936813,0.0001234098041814645,1.0475914252078353
1,18,c,1,11.4788580131227,8.716665144199743,-9.724749135818325,10.129171026936813,0.0001234098041814645,1.0475914252078353
1,19,b,1,5.774564465600162,8.716665144199743,-3.9958076132570097,-1.791487064975847,0.00012340980413060463,0.976594834295954
1,19,c,1,5.774564465600162,8.716665144199743,-3.9958076132570097,-1.791487064975847,0.00012340980413060463,0.976594834295954
1,4,b,1,9.737075235646383,8.716665144199743,1.6269014389289882,0.4325807130764763,8103.083501805346,0.06704038899893075
1,4,c,1,9.255231107837302,8.716665144199743,-0.6404266779077776,1.591726677153436,10.380464282278133,0.31082172509813744
1,5,b,1,5.961714457956763,8.716665144199743,-3.9929155403592453,-0.9873644425951155,0.00012340980410670594,0.9451434942694226
1,5,c,1,5.961714457956763,8.716665144199743,-3.9929155403592453,-0.9873644425951155,0.00012340980410670594,0.9451434942694226
1,6,b,1,6.180618166369833,8.716665144199743,-4.327407069700875,-1.217957284141016,0.00012340980415701536,0.995518992726338
1,6,c,1,6.180618166369833,8.716665144199743,-4.327407069700875,-1.217957284141016,0.00012340980415701536,0.995518992726338
1,7,b,1,10.232312212349608,8.716665144199743,0.8684090798136781,0.9913598963831669,553.5905682724984,0.13615020111545983
1,7,c,1,11.431745612032893,8.716665144199743,1.587831698164377,0.6067677420799595,8103.08391129392,0.06059658147147416
1,8,b,1,8.357065120054221,8.716665144199743,-1.5969578755449663,1.5966796643459018,0.4885699959803568,0.4525746174723857
1,8,c,1,8.357065120054221,8.716665144199743,-1.5969578755449663,1.5966796643459018,0.4885699959803568,0.4525746174723857
1,9,b,1,15.124136756855581,8.716665144199743,-3.6637106050708512,6.874006124478127,2.948919339402863,0.39408830566546765
1,9,c,1,15.124136756855581,8.716665144199743,-3.6637106050708512,6.874006124478127,2.948919339402863,0.39408830566546765
1,10,b,1,9.460730879633205,8.716665144199743,1.3790590278482862,0.5423420694927923,1998.6065816691782,0.09381188867568802
1,10,c,1,12.999272537286604,8.716665144199743,0.2527531416304942,2.027307805366555,287.0314809991194,0.1553189902909302
1,11,b,1,9.01115647617638,8.716665144199743,-0.0011100648517673119,1.087094493823681,32.96834924790174,0.24782691497623777
1,11,c,1,9.152029300629719,8.716665144199743,-1.3997760189490398,1.788174691246354,1.4157863870622243,0.39536340767126865
1,24,b,1,8.580544524990286,8.716665144199743,1.1053770069083217,0.5243767194749727,503.51204519323215,0.13316933498798023
1,24,c,1,11.316135952129576,8.716665144199743,-1.3618931532168173,2.9685155744156315,5.592072290835489,0.31994839161818983
1,25,b,1,7.3940252528443935,8.716665144199743,-5.118216355933839,1.082989268629951,0.00012340980430409172,0.9741426620531247
1,25,c,1,7.3940252528443935,8.716665144199743,-5.118216355933839,1.082989268629951,0.00012340980430409172,0.9741426620531247
1,26,b,1,5.927663067073417,8.716665144199743,-3.8356826657195398,-0.9326578396959928,0.00016551954809523344,0.9229186432214072
1,26,c,1,5.927663067073417,8.716665144199743,-3.8356826657195398,-0.9326578396959928,0.00016551954809523344,0.9229186432214072
1,27,b,1,5.416458602995206,8.716665144199743,-1.6876798946149827,-1.283896979240391,0.024865249972466783,0.649742937235556
1,27,c,1,5.416458602995206,8.716665144199743,-1.6876798946149827,-1.283896979240391,0.024865249972466783,0.649742937235556
1,0,b,1,8.88543925632136,8.716665144199743,-0.31574914908231033,1.2290099047434238,13.119276069362847,0.28549672782971725
1,0,c,1,9.011356319734974,8.716665144199743,0.42343506003932496,0.9379078503869201,79.88599135652589,0.2008485229941235
1,1,b,1,5.860985069900442,8.716665144199743,-1.206837842546608,-1.1220006997699605,0.20069184146939842,0.5527448314135059
1,1,c,1,5.860985069900442,8.716665144199743,-1.206837842546608,-1.1220006997699605,0.20069184146939842,0.5527448314135059
1,2,b,1,9.518170971858689,8.716665144199743,0.9469667254593235,0.7922768954879915,634.3097734669082,0.13806649192125336
1,2,c,1,11.275086083286391,8.716665144199743,1.5561981404270744,0.6180669511528987,8103.0824621812535,0.06430497892977709
1,3,b,1,8.798367355482167,8.716665144199743,1.684340649149263,0.2772929080504788,8102.968578954757,0.06751067858162567
1,3,c,1,12.573412085818713,8.716665144199743,0.07494249281631715,2.076113478531999,232.6013104837086,0.17489312314519845
1,12,b,1,8.619607920629491,8.716665144199743,1.8139102357088268,0.23523193343063037,8103.0838797300485,0.053489483683990396
1,12,c,1,9.670046166506305,8.716665144199743,0.6219900118459225,1.0611963607975197,144.84569649324953,0.16730889821280462
1,13,b,1,8.267258597318081,8.716665144199743,1.2916879337870184,0.3787819547125102,916.4203542353748,0.11638526610983818
1,13,c,1,7.266934421369076,8.716665144199743,-0.7175666916753052,0.4190386787803979,1.4841137817051262,0.39328980840822125
1,14,b,1,6.680958292212715,8.716665144199743,-4.36882326104819,-0.04132352123143184,0.00012340980420317825,0.930009659905516
1,14,c,1,10.332454065695753,8.716665144199743,-5.115930260020538,4.951316928828598,0.004897226993372132,0.7146190231380354
1,15,b,1,24.240782492484936,8.716665144199743,-5.063539263009874,11.324593980226101,10.414974620472687,0.30384045246872887
1,15,c,1,24.240782492484936,8.716665144199743,-5.063539263009874,11.324593980226101,10.414974620472687,0.30384045246872887
1,20,b,1,8.039025663728946,8.716665144199743,-5.4142389227627845,1.9693957745341693,0.00012340980415261453,0.9397363021047899
1,20,c,1,8.039025663728946,8.716665144199743,-5.4142389227627845,1.9693957745341693,0.00012340980415261453,0.9397363021047899
1,21,b,1,8.710544363324844,8.716665144199743,0.6086415232818181,0.7086637958404884,283.2263541310817,0.18938982299023946
1,21,c,1,12.472838084599031,8.716665144199743,1.2969697458821345,0.9410020866896884,8103.083916893332,0.07930401474577577
1,22,b,1,12.411539856955844,8.716665144199743,-2.3031267929863706,4.299289220802748,3.822324623732241,0.3694138538642352
1,22,c,1,12.411539856955844,8.716665144199743,-2.3031267929863706,4.299289220802748,3.822324623732241,0.3694138538642352
1,23,b,1,10.473707546080252,8.716665144199743,1.509549445501583,0.570758374569248,5811.218252673601,0.07342022798270352
1,23,c,1,9.788472064171053,8.716665144199743,1.6306873411561962,0.41939311316789185,8103.0807979582205,0.06629272878067037
1,32,b,1,10.056804093975021,8.716665144199743,-7.303599028074615,6.156595790202481,0.000123409804537104,0.9527509101794597
1,32,c,1,10.056804093975021,8.716665144199743,-7.303599028074615,6.156595790202481,0.000123409804537104,0.9527509101794597
1,33,b,1,6.6790373832131165,8.716665144199743,-4.393395325174948,0.09787725011928393,0.00012340980419677,0.9355932404418679
1,33,c,1,6.6790373832131165,8.716665144199743,-4.393395325174948,0.09787725011928393,0.00012340980419677,0.9355932404418679
1,34,b,1,4.5435805590374185,8.716665144199743,-1.3533246795850953,-1.746826669240521,0.01651390590200353,0.6299179042620897
1,34,c,1,4.5435805590374185,8.716665144199743,-1.3533246795850953,-1.746826669240521,0.01651390590200353,0.6299179042620897
1,35,b,1,8.737300698142507,8.716665144199743,-5.771491777571139,3.3974586091074697,0.00012340980460491,0.9110934168408115
1,35,c,1,8.138552675832642,8.716665144199743,-3.509977891197926,1.8419434515740793,0.005186625571333046,0.6935533701870372
1,36,b,1,10.161445549921915,8.716665144199743,-0.6510706194816362,2.034454913078681,13.299162168740102,0.2849704719258392
1,36,c,1,7.902378539118311,8.716665144199743,-3.366091602834609,1.6295246490192075,0.006349940030627705,0.6951477879159531
1,37,b,1,9.42861382770852,8.716665144199743,1.6027582537293594,0.4081024712164931,8103.054093034911,0.07185222080025477
1,37,c,1,12.182597085321605,8.716665144199743,0.4771042408817121,1.678558434856511,597.1352088219755,0.14764975893684265
1,38,b,1,12.636191846870625,8.716665144199743,-10.249246248119274,11.775685938521004,0.00012340980421302012,0.9932217443342213
1,38,c,1,12.636191846870625,8.716665144199743,-10.249246248119274,11.775685938521004,0.00012340980421302012,0.9932217443342213
1,39,b,1,5.988284963080275,8.716665144199743,-0.51902926879057,-0.46625726303600584,0.8752339053384607,0.4282586795134424
1,39,c,1,8.784686933157193,8.716665144199743,-1.197934306015347,1.620565922361478,1.8478177801740647,0.38824022630693866
1,28,b,1,13.610724312839016,8.716665144199743,-8.8888070451013,11.749600505213149,0.0008658628477433035,0.8221085319947494
1,28,c,1,13.610724312839016,8.716665144199743,-8.8888070451013,11.749600505213149,0.0008658628477433035,0.8221085319947494
1,29,b,1,10.221888671060912,8.716665144199743,1.6439094697325562,0.46324851157532054,8103.051802859719,0.06215840824217073
1,29,c,1,9.32237372424633,8.716665144199743,-0.39572494955265575,1.4711347161022097,17.227892270776398,0.2823950927816167
1,30,b,1,6.4524045392980725,8.716665144199743,1.6310434635076412,-0.07326150036338402,2561.116086419484,0.09773569303434174
1,30,c,1,11.263395753664717,8.716665144199743,-2.412663432123197,3.724142006437423,1.2628540894980091,0.41576681414562455
1,31,b,1,11.66249753929445,8.716665144199743,-6.505438274755932,7.465711822708382,0.00196736378194616,0.754071872986964
1,31,c,1,15.4069909127756,8.716665144199743,0.41454844457941403,2.2280681693657423,565.4516966022186,0.12086980927659706
1,52,b,1,10.637378960801872,8.716665144199743,-5.277744163044711,5.412952803773646,0.006996023033771507,0.7102877894839894
1,52,c,1,8.450704885188896,8.716665144199743,-0.6521128410445065,1.1311377420368691,6.2891882322578825,0.3396803898227326
1,53,b,1,6.16269107747062,8.716665144199743,-4.112829941824327,-0.6848090039915045,0.0001234098041231551,0.9455389975386616
1,53,c,1,6.16269107747062,8.716665144199743,-4.112829941824327,-0.6848090039915045,0.0001234098041231551,0.9455389975386616
1,54,b,1,12.522033161394583,8.716665144199743,-8.038495539199868,9.560716591641777,0.0009081994538329041,0.8254841436711025
1,54,c,1,8.129066758080043,8.716665144199743,-1.7878439208151002,1.2427426533220225,0.3225761471543156,0.4885074241193594
1,55,b,1,7.652476895264377,8.716665144199743,-5.096050116617964,1.9602762968419118,0.0001234098042181904,0.9377099424380931
1,55,c,1,7.652476895264377,8.716665144199743,-5.096050116617964,1.9602762968419118,0.0001234098042181904,0.9377099424380931
1,40,b,1,48.422007918929744,8.716665144199743,-0.43232617112789995,5.077448753900699,8102.999113410929,0.056420407647736266
1,40,c,1,48.422007918929744,8.716665144199743,-0.43232617112789995,5.077448753900699,8102.999113410929,0.056420407647736266
1,41,b,1,11.118730305369475,8.716665144199743,1.5369465315597926,0.6280976066086121,8103.041637100556,0.06697731186121106
1,41,c,1,9.282821299992197,8.716665144199743,1.6445566292898808,0.3733758466935422,8103.083908837215,0.06837513214790865
1,42,b,1,8.967064168200237,8.716665144199743,1.7621724356953261,0.29401573448945495,8103.083718317196,0.057341909094697184
1,42,c,1,12.009104653604705,8.716665144199743,-0.2955884605439498,2.3714243714886694,58.50854097929104,0.21306773365452358
1,43,b,1,5.917379035257154,8.716665144199743,-2.814973988420386,-0.9213696089796279,0.0030984250722294574,0.7917005275460421
1,43,c,1,5.917379035257154,8.716665144199743,-2.814973988420386,-0.9213696089796279,0.0030984250722294574,0.7917005275460421
1,56,b,1,8.106754616275708,8.716665144199743,-1.8560715802066343,1.2811367931190683,0.41420611846040795,0.5008520621428342
1,56,c,1,8.106754616275708,8.716665144199743,-1.8560715802066343,1.2811367931190683,0.41420611846040795,0.5008520621428342
1,57,b,1,13.181120485833606,8.716665144199743,-9.807581631821584,11.999975437780922,0.00012340980412775082,0.9185986208697223
1,57,c,1,15.387432417926387,8.716665144199743,-8.03649477115425,11.999999984035693,0.007859803841734486,0.6718210726362703
1,58,b,1,10.251377869135762,8.716665144199743,-7.950234856778184,6.838827348795078,0.0001234098043230858,0.9988859921306908
1,58,c,1,10.251377869135762,8.716665144199743,-7.950234856778184,6.838827348795078,0.0001234098043230858,0.9988859921306908
1,59,b,1,8.10328009312943,8.716665144199743,1.7586450319329947,0.19021617417313386,8080.190214363001,0.06389651101833979
1,59,c,1,10.13364018579202,8.716665144199743,1.4406644578580998,0.5954589093882537,3620.3772222306734,0.08224832193785837
1,60,b,1,13.390304929930414,8.716665144199743,-5.3279925755066735,7.735615687724573,0.07296642992762295,0.5693145617236506
1,60,c,1,9.487514359213522,8.716665144199743,1.6950322289304616,0.36480132779541474,8103.083912386552,0.06145251111211485
1,61,b,1,8.403534815796611,8.716665144199743,1.852412210121249,0.20733575974269286,7418.136497928756,0.050000004991809954
1,61,c,1,9.115522608910679,8.716665144199743,-0.4263590867219711,1.4771822090157378,7.1841396138222136,0.288548369022407
1,62,b,1,10.1656619726716,8.716665144199743,-4.982248432226292,4.69017146844083,0.01015048991897892,0.7138980053360395
1,62,c,1,10.1656619726716,8.716665144199743,-4.982248432226292,4.69017146844083,0.01015048991897892,0.7138980053360395
1,63,b,1,7.344668322506459,8.716665144199743,-3.6027727105152176,1.122900792000079,0.0019499682473258294,0.7700738346438617
1,63,c,1,7.344668322506459,8.716665144199743,-3.6027727105152176,1.122900792000079,0.0019499682473258294,0.7700738346438617
1,44,b,1,11.321108977585258,8.716665144199743,-8.395376263522007,8.184509111762004,0.00012340980471758507,0.94422905936643
1,44,c,1,10.362089620150744,8.716665144199743,-4.801078950287421,4.540075867623296,0.01047578279818564,0.6824023925923162
1,45,b,1,11.081660895658636,8.716665144199743,0.33961003334242024,1.5436996762220478,200.53653832242733,0.17351069157284593
1,45,c,1,10.004920450869845,8.716665144199743,1.5691184103196023,0.48508528230168757,5144.625074943491,0.07059858340969567
1,46,b,1,15.834142269416674,8.716665144199743,1.3647305042714197,1.1630073898100983,8103.0838078104125,0.058116868335757466
1,46,c,1,8.48908022888633,8.716665144199743,1.7716239565668759,0.25957487742910146,8103.08391183915,0.05942787984718386
1,47,b,1,70.5459358931752,8.716665144199743,-2.6527030046511175,9.684668677299996,8102.792446730073,0.07023750995816348
1,47,c,1,70.5459358931752,8.716665144199743,-2.6527030046511175,9.684668677299996,8102.792446730073,0.07023750995816348
1,64,b,1,20.322961263251692,8.716665144199743,0.31394057336754794,2.7901298678460082,4124.226881514643,0.09742707446997537
1,64,c,1,20.322961263251692,8.716665144199743,0.31394057336754794,2.7901298678460082,4124.226881514643,0.09742707446997537
1,65,b,1,7.739462723182849,8.716665144199743,1.4957138611070322,0.24262413345653921,1212.750473567954,0.09754496149755836
1,65,c,1,11.465505105581967,8.716665144199743,0.5919905220809591,1.4627229154421189,257.1636125776576,0.14521106254400823
1,66,b,1,7.149384336926447,8.716665144199743,1.3688240626034167,0.0635506471412532,1653.530603065041,0.12512813147500856
1,66,c,1,9.676023832127358,8.716665144199743,1.1419789793517308,0.682559941966293,2039.4615057091555,0.11704108591165935
1,67,b,1,50.33448126741076,8.716665144199743,-3.2260737831040105,10.323160037856638,2168.126843697749,0.10983153285681214
1,67,c,1,50.33448126741076,8.716665144199743,-3.2260737831040105,10.323160037856638,2168.126843697749,0.10983153285681214
1,48,b,1,14.908998847235154,8.716665144199743,-4.643880898222893,8.018588162224525,0.3441608805007777,0.46547862351052754
1,48,c,1,9.933065408727497,8.716665144199743,1.7639380316442363,0.3865358519659923,8103.083565291453,0.05158293253245399
1,49,b,1,9.446411596671664,8.716665144199743,1.5806967395286269,0.430120942918081,3431.5672487789006,0.07286144767812155
1,49,c,1,7.992961261707419,8.716665144199743,0.16523222964211157,0.6709796277112535,21.31462181119033,0.2544548171995983
1,50,b,1,11.870549435673354,8.716665144199743,1.5800682371347867,0.6610975869538084,8103.08333684803,0.05902494390247038
1,50,c,1,8.600158939321826,8.716665144199743,-0.20072286771270903,1.1085146442237335,14.136754874939735,0.28082653021330134
1,51,b,1,11.689192163386297,8.716665144199743,-5.228803132296335,6.326666502432081,0.02269681021473716,0.6430701086463552
1,51,c,1,12.653178737065257,8.716665144199743,1.451435139351445,0.8229681812207083,8103.083923601843,0.0657486882406915
0,296,b,1,10.439442515105783,9.672761633543844,-4.983327500379525,3.448081029174594,0.0033471755050411235,0.6933249155405914
0,296,c,1,9.441414437654538,9.672761633543844,-1.281563097694178,1.1756355062260306,1.2388138539271627,0.3689185603447387
0,297,b,1,9.356548687694033,9.672761633543844,-0.8689489124336417,1.1410906817046333,2.1889551665447176,0.32669298263858837
0,297,c,1,9.590813771311536,9.672761633543844,-1.6341329440525025,1.5120815266501273,0.6926086366446681,0.4005643036787981
0,298,b,1,10.21822046926718,9.672761633543844,-1.8243809762048766,1.7986260189293304,0.42123169964685236,0.39402937625582796
0,298,c,1,10.44873742932348,9.672761633543844,-1.521234232335369,1.803749910486515,1.0371028858842952,0.35764304809558756
0,299,b,1,10.357755081532266,9.672761633543844,-3.119939100586053,2.7129614609903347,0.045953974745422246,0.5154654243071689
0,299,c,1,9.685085584564096,9.672761633543844,-1.009045306205064,1.3711473301381587,1.8324847947299938,0.33066741367907065
1,72,b,1,7.994254746441922,8.716665144199743,-3.895384157844722,1.9277558343286092,0.002736809463321769,0.7556175598054465
1,72,c,1,7.994254746441922,8.716665144199743,-3.895384157844722,1.9277558343286092,0.002736809463321769,0.7556175598054465
1,73,b,1,9.775672958876978,8.716665144199743,1.6648062125717331,0.41160470736647337,8101.851377944736,0.06280752714060157
1,73,c,1,11.232372860992358,8.716665144199743,1.5752597040285359,0.6058239121941011,8103.083902304613,0.06281592565016286
1,74,b,1,4.904707569190736,8.716665144199743,-2.083263554998496,-1.8585698306442442,0.005075469596441825,0.7526502030382858
1,74,c,1,4.904707569190736,8.716665144199743,-2.083263554998496,-1.8585698306442442,0.005075469596441825,0.7526502030382858
1,75,b,1,8.407872939881594,8.716665144199743,-1.7657992819115351,1.5124901694193933,0.2970240826442021,0.4687602845567869
1,75,c,1,10.214813726375436,8.716665144199743,-0.006964970857407736,1.5695908515290262,46.71332784487157,0.22033445786147418
0,280,b,1,9.678179520009632,9.672761633543844,-6.281656181197217,3.034438147108789,0.00012340980497836462,0.8799201248428224
0,280,c,1,9.183071232806546,9.672761633543844,-2.1126553321186883,1.2258156112028267,0.24476065616462228,0.4700204992507259
0,281,b,1,9.945140248196042,9.672761633543844,-1.8381049755523076,1.848664852080116,0.6306897549625436,0.4081906847383134
0,281,c,1,9.581131347598042,9.672761633543844,-1.80289438997793,1.6493279035980015,0.4129148023722325,0.41765188784196644
0,282,b,1,9.296198870118452,9.672761633543844,1.8077884469688064,0.16030707499319152,6821.14039537453,0.05000760242663224
0,282,c,1,10.6147435707946,9.672761633543844,-1.7442995385141546,1.8842761439397155,0.8804910710641772,0.37414207465622534
0,283,b,1,12.246248792156118,9.672761633543844,-8.23731185802494,7.539062356231144,0.00012340980474272433,0.8598751025580168
0,283,c,1,10.133137538019149,9.672761633543844,-2.1562960968289437,2.0260946704190985,0.3388762305559644,0.4320793147296168
1,80,b,1,5.93649954764972,8.716665144199743,-2.009274442847166,-0.6574699191804845,0.015428636460663772,0.6532128588431064
1,80,c,1,7.321688848867808,8.716665144199743,-3.07301345022696,0.8948914438247071,0.006590028828557403,0.7027152976777293
1,81,b,1,11.454159969599752,8.716665144199743,-6.048559747142917,7.124495473640856,0.003781530400361795,0.7277341777013909
1,81,c,1,11.454159969599752,8.716665144199743,-6.048559747142917,7.124495473640856,0.003781530400361795,0.7277341777013909
1,82,b,1,8.49106160356983,8.716665144199743,-1.8735610960966729,1.7425037445618834,0.28355764747723156,0.47807133604985497
1,82,c,1,8.2151764623867,8.716665144199743,0.8019020862132948,0.5929142390775425,145.95523605245938,0.1735693442887733
1,83,b,1,28.730006711498252,8.716665144199743,-3.7083055618352967,9.85344699391279,148.90318038039317,0.20919160964838837
1,83,c,1,28.730006711498252,8.716665144199743,-3.7083055618352967,9.85344699391279,148.90318038039317,0.20919160964838837
0,284,b,1,8.711654918603255,9.672761633543844,1.8169575858559226,0.13649860057940405,8102.845757249212,0.05256479329165649
0,284,c,1,10.02031035630382,9.672761633543844,-1.846755966712993,1.9087886997758665,0.49066414599240504,0.4049881465383901
0,285,b,1,10.752858101169842,9.672761633543844,-1.0255230495497174,1.7249127776987447,2.0954718937771557,0.30017640750442076
0,285,c,1,9.78674445953416,9.672761633543844,-1.0323585476073187,1.2965090889518063,2.1819818927631633,0.3307807938583042
0,286,b,1,8.181635561639911,9.672761633543844,1.8643089574655356,0.09327802667415436,8032.573821118509,0.050002845832889616
0,286,c,1,9.273160897435183,9.672761633543844,-1.4964332917403973,1.409986301679311,0.5807185205662444,0.3968444773619985
0,287,b,1,9.537743078049155,9.672761633543844,1.7969741434716453,0.22110336406965683,7240.86747497596,0.050000000118133665
0,287,c,1,9.528832319485215,9.672761633543844,-1.2099529099209627,1.432880393593015,1.2416602162967938,0.3572456378449896
0,292,b,1,8.38109388317035,9.672761633543844,0.8472803828294546,0.28609812602916496,280.94171150426894,0.16691101110655931
0,292,c,1,9.397632970751813,9.672761633543844,-1.2569636366570567,1.350909612457863,1.2086671152851505,0.3676156867519968
0,293,b,1,9.831238812301288,9.672761633543844,-4.671805849271177,2.5226611631292846,0.003128084368228398,0.7025172858852007
0,293,c,1,10.356111195211719,9.672761633543844,-2.619531350840616,2.226406422405989,0.2202076818260353,0.46921316777963046
0,294,b,1,9.132756063865292,9.672761633543844,0.7531038157847241,0.5616587382409675,98.52149757101836,0.16017118452718102
0,294,c,1,9.552188516566451,9.672761633543844,-1.7826184215898973,1.560791892832683,0.44221964000724684,0.41694586837069586
0,295,b,1,9.700791095300362,9.672761633543844,-0.8428783615757747,1.2200529869884644,5.388563319525553,0.3165029343704672
0,295,c,1,9.63384275599842,9.672761633543844,-2.7769998522844563,1.9015934841810802,0.06940954727162234,0.517332927365357
1,96,b,1,12.783111859660165,8.716665144199743,-9.74195336989791,11.9290938128601,0.00012340980423989449,0.9420550170848105
1,96,c,1,12.783111859660165,8.716665144199743,-9.74195336989791,11.9290938128601,0.00012340980423989449,0.9420550170848105
1,97,b,1,18.814940235426953,8.716665144199743,-3.631021504161261,8.057618740093906,14.470153441022855,0.3152167617605561
1,97,c,1,18.814940235426953,8.716665144199743,-3.631021504161261,8.057618740093906,14.470153441022855,0.3152167617605561
1,98,b,1,5.061484720840284,8.716665144199743,-3.521497271934009,-1.9177424122320557,0.0001234098042698645,0.9468126118302345
1,98,c,1,5.061484720840284,8.716665144199743,-3.521497271934009,-1.9177424122320557,0.0001234098042698645,0.9468126118302345
1,99,b,1,10.396243601010541,8.716665144199743,0.1454742601995275,1.5633332958369508,88.95039506544136,0.2027095371408583
1,99,c,1,7.965590447140458,8.716665144199743,-2.7381965564362103,1.5078991613754085,0.0291262870169599,0.6135547263801019
1,76,b,1,6.695364525218024,8.716665144199743,-4.456592126331516,0.18837704890357465,0.0001234098041215105,0.946779380110254
1,76,c,1,6.695364525218024,8.716665144199743,-4.456592126331516,0.18837704890357465,0.0001234098041215105,0.946779380110254
1,77,b,1,10.6439583020456,8.716665144199743,1.5761629864069124,0.5574609307403273,8103.067362275095,0.0662017753424284
1,77,c,1,18.071634700351996,8.716665144199743,1.0765533862246324,1.6300569431680803,8103.083899341787,0.06711182045542895
1,78,b,1,11.027789961868002,8.716665144199743,1.5216006968529492,0.6249657064228298,8103.081308892824,0.0689501132843536
1,78,c,1,9.946807679176004,8.716665144199743,1.5867710898653637,0.47115567756577337,8103.083913338252,0.06975189281870506
1,79,b,1,10.99154409883704,8.716665144199743,1.3067610354510544,0.7779607846674756,3424.4540673408205,0.08827160882275638
1,79,c,1,7.760298901688058,8.716665144199743,0.44613204429577846,0.43322348406701705,66.93656991574206,0.22925499668169416
1,68,b,1,14.310988559546741,8.716665144199743,-0.5568501529427164,3.1243926179502233,227.21587681305914,0.19873048912805427
1,68,c,1,14.310988559546741,8.716665144199743,-0.5568501529427164,3.1243926179502233,227.21587681305914,0.19873048912805427
1,69,b,1,10.869113331181348,8.716665144199743,0.98721639636124,0.979229738624446,1160.0475358996268,0.11808111047446242
1,69,c,1,9.59371895899783,8.716665144199743,-0.629880843602734,1.6129376789169625,14.111559398167012,0.299676276815226
1,70,b,1,9.75367413730771,8.716665144199743,1.634666076462652,0.40966370156047793,8103.074103352634,0.06611191922803579
1,70,c,1,10.042184318441514,8.716665144199743,0.2958995202604403,1.2855114084908548,141.6856322152555,0.19526823311232253
1,71,b,1,12.112493641265495,8.716665144199743,0.7697885892628606,1.394408835348142,762.7322539041041,0.12393088099224098
1,71,c,1,8.653476237929517,8.716665144199743,1.7473369105563656,0.25155117940918237,8103.083924009091,0.06117891168605559
1,84,b,1,7.399723930623345,8.716665144199743,0.34254017948767157,0.2796229853501036,38.88711992799016,0.25251480927388303
1,84,c,1,9.710329946311953,8.716665144199743,-0.1914137632384435,1.455700057282522,38.6333689307086,0.25129557042430156
1,85,b,1,7.622900634387876,8.716665144199743,1.1520993741839543,0.22187932414420558,685.2704087378391,0.14449817065924378
1,85,c,1,9.034813587147285,8.716665144199743,-3.2084719742010286,2.4845151154936733,0.04615284130056711,0.6015431088174028
1,86,b,1,6.568703589358798,8.716665144199743,-4.447245969366897,-0.36583181737109083,0.0001234098041770913,0.9630210136677487
1,86,c,1,6.568703589358798,8.716665144199743,-4.447245969366897,-0.36583181737109083,0.0001234098041770913,0.9630210136677487
1,87,b,1,8.738865530957359,8.716665144199743,0.18478587106792319,0.9871171063682997,35.727198394569214,0.23301191254354228
1,87,c,1,11.757076212881797,8.716665144199743,1.3076617082298196,0.8882148957892521,2366.0203811019956,0.08200325130158323
1,88,b,1,7.935778042558848,8.716665144199743,1.7200237822859725,0.17197764118804712,8103.082998725363,0.0702413184000071
1,88,c,1,12.36854576299466,8.716665144199743,-0.7672836352957276,2.8370512961662726,46.19560109253813,0.2459615667548375
1,89,b,1,40.75464199300711,8.716665144199743,-0.5691303921712991,5.15749212891883,8103.083704446881,0.07040099245547925
1,89,c,1,40.75464199300711,8.716665144199743,-0.5691303921712991,5.15749212891883,8103.083704446881,0.07040099245547925
1,90,b,1,22.815070787161556,8.716665144199743,-1.3173868480031787,5.4448467137457675,326.6958724241299,0.15840260777546894
1,90,c,1,22.815070787161556,8.716665144199743,-1.3173868480031787,5.4448467137457675,326.6958724241299,0.15840260777546894
1,91,b,1,8.429158305067988,8.716665144199743,1.6297975757211263,0.2645276851569406,4947.65309673344,0.07632891323199523
1,91,c,1,7.794467583608157,8.716665144199743,0.13799410549355554,0.5324193341040991,25.98926600307356,0.26600469857691833
1,116,b,1,7.766233234689953,8.716665144199743,-5.255580072097127,1.9320110524192216,0.00012340980421491046,0.9487333378269804
1,116,c,1,7.766233234689953,8.716665144199743,-5.255580072097127,1.9320110524192216,0.00012340980421491046,0.9487333378269804
1,117,b,1,7.816832546570373,8.716665144199743,-0.7594593798547968,0.7551414159411503,4.904850829787756,0.38077403540089483
1,117,c,1,7.816832546570373,8.716665144199743,-0.7594593798547968,0.7551414159411503,4.904850829787756,0.38077403540089483
1,118,b,1,62.94492225005841,8.716665144199743,-1.8162883901429214,7.951785310454973,8103.0834196051965,0.06542451995197907
1,118,c,1,62.94492225005841,8.716665144199743,-1.8162883901429214,7.951785310454973,8103.0834196051965,0.06542451995197907
1,119,b,1,54.388740365532065,8.716665144199743,-1.9117225409233565,7.953725077502621,8103.083827389707,0.07747269171428088
1,119,c,1,54.388740365532065,8.716665144199743,-1.9117225409233565,7.953725077502621,8103.083827389707,0.07747269171428088
1,108,b,1,8.247968619224478,8.716665144199743,-5.782896338122015,2.5049749474816387,0.0001234098040954889,0.9666850935703579
1,108,c,1,8.247968619224478,8.716665144199743,-5.782896338122015,2.5049749474816387,0.0001234098040954889,0.9666850935703579
1,109,b,1,13.843950228556356,8.716665144199743,-1.9967042790820775,4.499518065457785,9.138135521384623,0.30923878468196925
1,109,c,1,10.562702235058557,8.716665144199743,1.6369880661248963,0.4930617245805907,8103.083834462256,0.06082330675313607
1,110,b,1,13.025460849959305,8.716665144199743,-6.426116748775157,8.60201412522224,0.012331281151642268,0.6696726076997332
1,110,c,1,13.025460849959305,8.716665144199743,-6.426116748775157,8.60201412522224,0.012331281151642268,0.6696726076997332
1,111,b,1,8.369404228280814,8.716665144199743,-0.8032615178835139,1.356658473708194,2.502517566487709,0.35739396578067817
1,111,c,1,8.369404228280814,8.716665144199743,-0.8032615178835139,1.356658473708194,2.502517566487709,0.35739396578067817
1,104,b,1,7.723271893495688,8.716665144199743,-5.182956982905058,1.7272771817433359,0.0001234098054272644,0.9427599371303069
1,104,c,1,7.723271893495688,8.716665144199743,-5.182956982905058,1.7272771817433359,0.0001234098054272644,0.9427599371303069
1,105,b,1,8.146155424047869,8.716665144199743,1.7793655870318337,0.1865043732892992,8093.948008547798,0.06095214293402584
1,105,c,1,10.48156976068008,8.716665144199743,-0.7670421249471812,2.1803289237871066,13.446981310330676,0.28796365046531464
1,106,b,1,8.226273947951492,8.716665144199743,1.7402804300991623,0.2077806516875346,8102.95242036924,0.06523587802239664
1,106,c,1,7.714013300450294,8.716665144199743,-1.005070321236444,0.7803345154243466,1.2971470530307685,0.4119136156822023
1,107,b,1,7.249366730618129,8.716665144199743,0.821244756110663,0.2414650691117524,176.92097249183865,0.19478805255834716
1,107,c,1,7.249366730618129,8.716665144199743,0.821244756110663,0.2414650691117524,176.92097249183865,0.19478805255834716
1,100,b,1,9.191943191471513,8.716665144199743,-0.9238986810894707,1.596379687702159,5.339361266815554,0.34343942600153127
1,100,c,1,9.624298871820082,8.716665144199743,-0.484481205878589,1.5847800636120803,19.050019800152757,0.2836441519364572
1,101,b,1,12.140076296268576,8.716665144199743,-9.336285193935646,10.21249819956299,0.00012340980607045588,0.9584498192910187
1,101,c,1,12.140076296268576,8.716665144199743,-9.336285193935646,10.21249819956299,0.00012340980607045588,0.9584498192910187
1,102,b,1,8.58237841265752,8.716665144199743,0.9956070012086773,0.5417681408941624,611.1289549952957,0.1471171574372086
1,102,c,1,7.942629167213026,8.716665144199743,-1.4124660033932526,0.9842449248868864,0.7894972033767012,0.453757612856088
1,103,b,1,6.746520220105313,8.716665144199743,-3.184453981349174,-0.16664951879694018,0.002665468080174266,0.7653532245092202
1,103,c,1,11.790966380946754,8.716665144199743,-3.558519686846865,4.904775361278236,0.29681048053539805,0.4952875691405646
0,288,b,1,9.188848395183888,9.672761633543844,1.444517589141417,0.3205402840959425,625.284296240068,0.08590492297115773
0,288,c,1,10.13558154859016,9.672761633543844,-1.1515887844393315,1.6419577482445882,1.38981903695998,0.3300799865382641
0,289,b,1,8.710774512422573,9.672761633543844,1.4754655808649213,0.20466059696400862,2516.0904861213235,0.09089777912646531
0,289,c,1,9.150595652903084,9.672761633543844,-1.9196795198034948,1.2709548602206033,0.3755055736938203,0.4508246157329602
0,290,b,1,8.711885913765075,9.672761633543844,1.3393080394210712,0.23270164966873313,2044.7002425758708,0.10664451435298093
0,290,c,1,9.598601892467563,9.672761633543844,-1.8988297694541,1.6446026829796987,0.38926846640808144,0.4275817879381339
0,291,b,1,11.487221690926233,9.672761633543844,-5.35397150968825,4.793388194265901,0.004072042085964773,0.6639135898850415
0,291,c,1,9.775286497463842,9.672761633543844,-1.6794082591553172,1.6001385611835666,0.6242961697787567,0.39757200057369807
1,92,b,1,6.760684323049193,8.716665144199743,-3.5134038899139117,-0.14451870754308493,0.0015374796123625658,0.8148943592863869
1,92,c,1,6.760684323049193,8.716665144199743,-3.5134038899139117,-0.14451870754308493,0.0015374796123625658,0.8148943592863869
1,93,b,1,10.307061652418573,8.716665144199743,1.4721773614123081,0.6132723243290102,2219.0651862384952,0.07692898609381738
1,93,c,1,8.915540623734955,8.716665144199743,1.3022335504388511,0.5298280717762809,807.867769320163,0.10632253132794184
1,94,b,1,10.991231092878339,8.716665144199743,-4.802570206894487,5.380462860803675,0.014932808004426892,0.6439618186826999
1,94,c,1,8.573102676129285,8.716665144199743,-0.8276067693861477,1.268525626277464,3.1956330504357218,0.3535641464414658
1,95,b,1,8.593120369402907,8.716665144199743,-1.7053067634033292,1.6140849880614416,0.527673439443958,0.4546143912973738
1,95,c,1,10.8966307581339,8.716665144199743,-1.0503807300590524,2.5439637033426856,9.718042448506658,0.30353371367074927
1,128,b,1,5.200644379294516,8.716665144199743,-3.5985570852632645,-1.9347602674283058,0.00012340980415862968,0.9499414769798707
1,128,c,1,5.200644379294516,8.716665144199743,-3.5985570852632645,-1.9347602674283058,0.00012340980415862968,0.9499414769798707
1,129,b,1,65.87173500820688,8.716665144199743,-2.5547786787782014,9.428346844499252,8103.0837264836,0.07373441611860425
1,129,c,1,65.87173500820688,8.716665144199743,-2.5547786787782014,9.428346844499252,8103.0837264836,0.07373441611860425
1,130,b,1,8.607214010125753,8.716665144199743,-5.868260083257278,3.1806100566906244,0.00019298447423829292,0.9397204046242367
1,130,c,1,8.607214010125753,8.716665144199743,-5.868260083257278,3.1806100566906244,0.00019298447423829292,0.9397204046242367
1,131,b,1,6.090550608321443,8.716665144199743,-2.6422944222755547,-0.8600742233674894,0.004396207869515316,0.7409950792296779
1,131,c,1,6.090550608321443,8.716665144199743,-2.6422944222755547,-0.8600742233674894,0.004396207869515316,0.7409950792296779
1,132,b,1,6.7664607256696865,8.716665144199743,1.780103362936778,-0.002753639589543458,6559.866899534979,0.07283109042592238
1,132,c,1,8.407873492650165,8.716665144199743,-1.8796285113926485,1.5036116247072433,0.34107815491424265,0.48482395257234406
1,133,b,1,18.26682308837504,8.716665144199743,-1.7627807135208555,5.361291020498371,120.00125945355475,0.22220714952327872
1,133,c,1,18.26682308837504,8.716665144199743,-1.7627807135208555,5.361291020498371,120.00125945355475,0.22220714952327872
1,134,b,1,7.694504293792671,8.716665144199743,-1.5274730903648512,0.8397260136661809,0.615664764868321,0.48320134703280854
1,134,c,1,7.694504293792671,8.716665144199743,-1.5274730903648512,0.8397260136661809,0.615664764868321,0.48320134703280854
1,135,b,1,6.27272038139639,8.716665144199743,-4.205221155379572,-0.6465025935014564,0.00012340980431730365,0.9517575772490395
1,135,c,1,6.27272038139639,8.716665144199743,-4.205221155379572,-0.6465025935014564,0.00012340980431730365,0.9517575772490395
1,136,b,1,8.730739128275193,8.716665144199743,0.5168631837152409,0.8150613109300279,116.15214024307829,0.19731217835220258
1,136,c,1,10.75428178720843,8.716665144199743,1.6189511474370324,0.5301727026275278,8103.083884293585,0.06145542760278935
1,137,b,1,20.421776283948496,8.716665144199743,-3.7280237046748974,8.574065265455463,17.492497877990203,0.2951887868285063
1,137,c,1,20.421776283948496,8.716665144199743,-3.7280237046748974,8.574065265455463,17.492497877990203,0.2951887868285063
1,138,b,1,2.282221112504611,8.716665144199743,1.7175769510996832,-1.7320332688266098,247.76260570079674,0.19353809131496014
1,138,c,1,2.282221112504611,8.716665144199743,1.7175769510996832,-1.7320332688266098,247.76260570079674,0.19353809131496014
1,139,b,1,12.34510504585723,8.716665144199743,-2.6548598873950953,4.5288115416472845,1.6851146225284048,0.39979373306434907
1,139,c,1,7.707475509563244,8.716665144199743,-0.3622255711986343,0.6106860597946528,6.280919679400051,0.3311464045355463
1,124,b,1,11.402527024023177,8.716665144199743,-6.24654511759926,6.826703507107059,0.0032867743516738486,0.7485566056385663
1,124,c,1,8.549977737016123,8.716665144199743,0.23273376049362193,0.8217353057507659,55.99606232146737,0.23409600180306547
1,125,b,1,6.1782340635702635,8.716665144199743,1.350322300176095,-0.1341551676296725,478.44435943988555,0.1425627335000294
1,125,c,1,8.012971031457717,8.716665144199743,-1.1305199343642005,1.0674661618135863,1.1523925447814265,0.41324165087870424
1,126,b,1,62.08398929204407,8.716665144199743,-2.082469374089608,8.447473624157212,8103.081298294635,0.0706219664896361
1,126,c,1,62.08398929204407,8.716665144199743,-2.082469374089608,8.447473624157212,8103.081298294635,0.0706219664896361
1,127,b,1,8.615599039885048,8.716665144199743,1.5043380262792638,0.33353419713630117,3765.72935995698,0.08920123896732839
1,127,c,1,9.136925085194298,8.716665144199743,-1.4699734079932023,1.8331487376545619,1.8807719516069312,0.40545644129821273
1,112,b,1,9.527192690872313,8.716665144199743,1.7081744873498765,0.3444003809837031,7797.3511485558565,0.059732449862769044
1,112,c,1,9.894103234143897,8.716665144199743,-0.7688880020828837,1.8559848782449002,8.192128753295343,0.3038024834552917
1,113,b,1,14.109864237080481,8.716665144199743,-8.819012173924492,11.999999959448047,0.0010853500659211816,0.7880853980244361
1,113,c,1,10.772798737186333,8.716665144199743,1.11249085570572,0.9433031353280761,753.1015374552221,0.10630256425506697
1,114,b,1,17.823843202057333,8.716665144199743,-3.2672250661128674,7.196671544109469,6.34939058749577,0.312148199692739
1,114,c,1,13.078196724022229,8.716665144199743,1.5678631434666133,0.7394506845087657,8103.083917544486,0.054528064939462245
1,115,b,1,8.78478244230974,8.716665144199743,1.7457758543700996,0.2540475103169475,7242.0148477563325,0.06027708884421147
1,115,c,1,8.919246487572499,8.716665144199743,-0.270712362904926,1.1677038027113538,14.571042297119822,0.27943294872777935
1,144,b,1,5.4524412621452045,8.716665144199743,-2.349445201622867,-1.4604287531348328,0.00470698898214445,0.7511464796653744
1,144,c,1,5.4524412621452045,8.716665144199743,-2.349445201622867,-1.4604287531348328,0.00470698898214445,0.7511464796653744
1,145,b,1,7.768832203317471,8.716665144199743,-1.0793957894561073,0.8976616254282778,0.9499396854709845,0.4171550794159944
1,145,c,1,7.768832203317471,8.716665144199743,-1.0793957894561073,0.8976616254282778,0.9499396854709845,0.4171550794159944
1,146,b,1,13.978490897079759,8.716665144199743,-2.283692078885014,4.862030419984003,6.205273704895364,0.32690927105220396
1,146,c,1,11.64754900488581,8.716665144199743,1.5802184182400372,0.630135142833212,8103.083893124399,0.06014184194956059
1,147,b,1,7.682363125522287,8.716665144199743,1.6226427994469268,0.17791371292470493,2983.544691215581,0.0836141558001556
1,147,c,1,8.036067981702036,8.716665144199743,-1.9726824781888634,1.2851630560646927,0.16364633282330546,0.514685267955856
1,120,b,1,9.076619116812244,8.716665144199743,1.7490556244794337,0.3067175499071235,8102.812670705365,0.05813251177803581
1,120,c,1,8.592981801374163,8.716665144199743,0.9198012113320222,0.6295734030596216,293.7797864215463,0.1540180307192008
1,121,b,1,8.793422931031191,8.716665144199743,1.2680552133942244,0.4727806713920929,1147.4578447819044,0.11281325502088604
1,121,c,1,9.315227029596574,8.716665144199743,-0.5172458183884163,1.4782463813907252,11.94907558264805,0.295210455244993
1,122,b,1,12.76284375356833,8.716665144199743,-9.871758920035948,11.71397992797229,0.00012340980440960552,0.9537420828430931
1,122,c,1,12.76284375356833,8.716665144199743,-9.871758920035948,11.71397992797229,0.00012340980440960552,0.9537420828430931
1,123,b,1,8.857623523661662,8.716665144199743,1.7672876259059649,0.26679793399332896,8063.203342231105,0.05745037702341886
1,123,c,1,8.800083254545845,8.716665144199743,0.29606883059123623,0.9330702221766953,53.4006571837295,0.21953962890591955
1,152,b,1,6.818425858315144,8.716665144199743,-2.964698405476457,0.3566637351625622,0.004184938302573482,0.7253244304445826
1,152,c,1,6.818425858315144,8.716665144199743,-2.964698405476457,0.3566637351625622,0.004184938302573482,0.7253244304445826
1,153,b,1,-4.468738699598443,8.716665144199743,2.575346090737997,-1.7370538667052955,8103.052711384694,0.07426947773973722
1,153,c,1,-4.468738699598443,8.716665144199743,2.575346090737997,-1.7370538667052955,8103.052711384694,0.07426947773973722
1,154,b,1,9.024693102640265,8.716665144199743,1.5634536135049988,0.36912029065014385,2887.370722273795,0.07791050201394778
1,154,c,1,8.968372611354152,8.716665144199743,-0.4138889938950917,1.253232435982842,9.45405814871266,0.2931824788985509
1,155,b,1,5.210308089730087,8.716665144199743,-2.9620831636927334,-1.9660109970872763,0.0008608602902613692,0.876106604992796
1,155,c,1,5.210308089730087,8.716665144199743,-2.9620831636927334,-1.9660109970872763,0.0008608602902613692,0.876106604992796
1,164,b,1,13.683093806217492,8.716665144199743,-9.26115197948982,11.999999981483974,0.000511766929105211,0.8449868543948131
1,164,c,1,9.23948244154293,8.716665144199743,0.8490705177786337,0.8126041959911017,254.97836783467838,0.15089580975838165
1,165,b,1,2.7635144061535195,8.716665144199743,1.8543918812223075,-1.0063102323358102,798.8804855960282,0.12905137952953508
1,165,c,1,2.7635144061535195,8.716665144199743,1.8543918812223075,-1.0063102323358102,798.8804855960282,0.12905137952953508
1,166,b,1,6.7594272740403,8.716665144199743,-2.1329520190603573,0.21717957936807342,0.024222833192127143,0.6107351848716915
1,166,c,1,9.325112227885663,8.716665144199743,-2.6686490245403798,2.715843438232269,0.10435238553115124,0.5237753921872145
1,167,b,1,5.35619640301669,8.716665144199743,-3.688592820899239,-1.7924403449288668,0.00012340980415762018,0.9536427143541534
1,167,c,1,5.35619640301669,8.716665144199743,-3.688592820899239,-1.7924403449288668,0.00012340980415762018,0.9536427143541534
1,140,b,1,10.05278396029677,8.716665144199743,1.5056015627186161,0.5372429479555583,3554.813784372975,0.07623269771253789
1,140,c,1,10.042862754660637,8.716665144199743,0.3397904093436965,1.2889540324254334,123.00918587586581,0.19033162967317532
1,141,b,1,12.210320219377294,8.716665144199743,-2.3724821048621676,4.416247576024573,2.32025038340799,0.38084657484943546
1,141,c,1,12.210320219377294,8.716665144199743,-2.3724821048621676,4.416247576024573,2.32025038340799,0.38084657484943546
1,142,b,1,8.7354496554803,8.716665144199743,-0.6542586307798559,1.3007218386219406,6.5508464050517885,0.32906813237094557
1,142,c,1,10.307349041939899,8.716665144199743,1.4087598959111332,0.6347551322909839,3193.723698120946,0.08387122930297454
1,143,b,1,11.159815428833832,8.716665144199743,-2.2719834946508684,3.491763222727048,1.7098952144210866,0.4070510648898123
1,143,c,1,10.62007036886259,8.716665144199743,-0.9093725818155953,2.2514074424019945,16.132224188102658,0.2986157701985366
1,148,b,1,8.03463937275617,8.716665144199743,-0.23663167123556633,0.8368636330768064,11.972755457755312,0.3045323053427738
1,148,c,1,9.267288332576195,8.716665144199743,0.8801791510319088,0.8073842230762931,416.44263813945787,0.14831995169620338
1,149,b,1,9.403017766799492,8.716665144199743,0.24726959803468904,1.1139144352692452,70.1000126173283,0.21198976386129964
1,149,c,1,9.992116678638954,8.716665144199743,-1.62502208284855,2.416239983868123,1.6568636992291867,0.38686721968530363
1,150,b,1,7.694165806697159,8.716665144199743,-5.386385530040654,1.770941655627507,0.00012340980462167704,0.977641824640951
1,150,c,1,7.694165806697159,8.716665144199743,-5.386385530040654,1.770941655627507,0.00012340980462167704,0.977641824640951
1,151,b,1,12.228921561744821,8.716665144199743,1.3006016914842373,0.9232604720980451,3971.3466789936974,0.08000485662036633
1,151,c,1,10.309004481552178,8.716665144199743,1.6276859404853852,0.4747615276686607,8103.083895313031,0.06324323899086813
1,160,b,1,9.532075112156212,8.716665144199743,1.456674736170017,0.5177728565689395,2561.019688858389,0.08513822500688863
1,160,c,1,9.944001334135136,8.716665144199743,-0.8652089535156579,2.0414432506748534,7.604525141390258,0.3123429762760869
1,161,b,1,8.99115085269838,8.716665144199743,-0.2236151286914931,1.2795257062225656,19.009906886703764,0.2727006789394873
1,161,c,1,8.368627994126724,8.716665144199743,0.3792449944301338,0.7693491296159671,60.609026464678344,0.2207405773107561
1,162,b,1,10.06637401579652,8.716665144199743,-2.185884386098722,2.94220760127752,0.5986100471593491,0.44004071401758466
1,162,c,1,8.619996983954058,8.716665144199743,0.6832654175115533,0.7288627827807839,144.66927266435974,0.1801169298659177
1,163,b,1,7.895140088941674,8.716665144199743,-2.3213620714183536,1.3175878857555594,0.06429882741844765,0.5658239306138679
1,163,c,1,9.784438844086074,8.716665144199743,-2.4374372806661277,2.9234579301570855,0.31745874953825554,0.47802226215754046
1,172,b,1,8.34704946122093,8.716665144199743,1.7664516317449035,0.21720015294008754,8103.08282488482,0.06107510579792984
1,172,c,1,9.628223243095313,8.716665144199743,0.4301551075183031,1.136039720231859,126.17072336764674,0.18871243824764833
1,173,b,1,-3.7917960609345953,8.716665144199743,2.5399350343279714,-1.7236054933926372,8100.788022034645,0.07764952510510896
1,173,c,1,-3.7917960609345953,8.716665144199743,2.5399350343279714,-1.7236054933926372,8100.788022034645,0.07764952510510896
1,174,b,1,9.965409414286366,8.716665144199743,-7.121639901518062,5.687178417247917,0.00012340980421054513,0.9427380015847916
1,174,c,1,10.82361714758555,8.716665144199743,1.348507137776275,0.7301188530608261,2977.5250651324327,0.08550495536066374
1,175,b,1,40.597169462935184,8.716665144199743,-0.35424433525494026,4.7625819349733245,8103.018951683291,0.06536589479992275
1,175,c,1,40.597169462935184,8.716665144199743,-0.35424433525494026,4.7625819349733245,8103.018951683291,0.06536589479992275
1,156,b,1,13.20963410555312,8.716665144199743,-3.895494425727799,6.091216388308118,0.7109041649490055,0.4684691689671795
1,156,c,1,11.209574246179558,8.716665144199743,1.4572806388421833,0.6753989695398693,8103.083865280721,0.0736844870315429
1,157,b,1,11.77011548446039,8.716665144199743,0.958426767923021,1.1779401582389473,1579.1576438232557,0.11194167024085941
1,157,c,1,8.48724345736631,8.716665144199743,0.6469992694784392,0.6617104767256989,185.80221721583925,0.18837835906129322
1,158,b,1,10.988960546384295,8.716665144199743,1.4914524715631603,0.6229762505798866,6016.464011490032,0.07170075211539116
1,158,c,1,11.166622284582344,8.716665144199743,1.5557354529000285,0.5898715025839629,8103.083919294073,0.06497190612806271
1,159,b,1,9.841496199802386,8.716665144199743,-6.941455479249258,5.452966508382768,0.00012340980413222882,0.9357084116561618
1,159,c,1,8.675012256880384,8.716665144199743,-2.205137361782869,1.8407441719369024,0.1860976399418897,0.5076891912145505
1,176,b,1,8.222702324662498,8.716665144199743,1.761047685661726,0.1790458223116449,8102.922368133532,0.06267313646367402
1,176,c,1,9.43276917179107,8.716665144199743,0.9672833820550184,0.7213566679314523,562.1907606242719,0.1367933327200649
1,177,b,1,58.897236043585515,8.716665144199743,-2.36102443319179,8.900915351069216,8103.083579246448,0.07917493569344043
1,177,c,1,58.897236043585515,8.716665144199743,-2.36102443319179,8.900915351069216,8103.083579246448,0.07917493569344043
1,178,b,1,9.714591292520705,8.716665144199743,-2.0972380546570397,2.596641711899531,0.7459325780628945,0.44697834045375395
1,178,c,1,9.159165797460512,8.716665144199743,1.6802442978840588,0.33451926796298825,8103.083922869075,0.06530938070617738
1,179,b,1,11.414519558315645,8.716665144199743,-8.646747572043637,9.030986048793926,0.0001234098042653376,0.9586845145339159
1,179,c,1,11.414519558315645,8.716665144199743,-8.646747572043637,9.030986048793926,0.0001234098042653376,0.9586845145339159
1,184,b,1,9.197632473533561,8.716665144199743,1.7320703922916452,0.3167316158459593,8103.068475734784,0.05926179288575208
1,184,c,1,8.990213809662572,8.716665144199743,0.46667805264377943,0.9191419522258852,100.83948844519357,0.19705438362030323
1,185,b,1,21.888219103531604,8.716665144199743,-4.860983554997121,10.592112829650581,7.492292889979225,0.3272272736984637
1,185,c,1,21.888219103531604,8.716665144199743,-4.860983554997121,10.592112829650581,7.492292889979225,0.3272272736984637
1,186,b,1,5.9645587652790555,8.716665144199743,-3.74110002136835,-1.0438733764230508,0.00023346884213532227,0.9094214537402384
1,186,c,1,5.9645587652790555,8.716665144199743,-3.74110002136835,-1.0438733764230508,0.00023346884213532227,0.9094214537402384
1,187,b,1,10.604194726789057,8.716665144199743,-5.697092752213286,5.820401404771037,0.0025696199889104006,0.7518582048161706
1,187,c,1,10.604194726789057,8.716665144199743,-5.697092752213286,5.820401404771037,0.0025696199889104006,0.7518582048161706
1,180,b,1,10.091487519044552,8.716665144199743,-0.8245634247947107,2.055772291901482,12.916497888400267,0.30498136245193314
1,180,c,1,8.938618269853707,8.716665144199743,1.6859105244944206,0.30922032150707024,8103.083882816389,0.06627153279427205
1,181,b,1,-10.35966727693692,8.716665144199743,2.8027671702551302,-1.9241127989219087,8103.083805738934,0.05544627053612383
1,181,c,1,-10.35966727693692,8.716665144199743,2.8027671702551302,-1.9241127989219087,8103.083805738934,0.05544627053612383
1,182,b,1,19.115530971557934,8.716665144199743,0.6517380282838872,2.24100914079549,7162.83383513931,0.0858808839694238
1,182,c,1,19.115530971557934,8.716665144199743,0.6517380282838872,2.24100914079549,7162.83383513931,0.0858808839694238
1,183,b,1,6.448131185826329,8.716665144199743,-1.27224291445124,-0.20070648662514046,0.20423981055899426,0.5155316942929291
1,183,c,1,6.448131185826329,8.716665144199743,-1.27224291445124,-0.20070648662514046,0.20423981055899426,0.5155316942929291
1,168,b,1,9.576017462413516,8.716665144199743,-2.241406107730382,2.5080511798672678,0.40133493762891076,0.4674174335477044
1,168,c,1,12.139999320809537,8.716665144199743,0.9471543744882612,1.2222121018188923,1237.8864669281108,0.10920370976340311
1,169,b,1,12.059423011581899,8.716665144199743,1.568126540487478,0.6724505471658839,8102.915605078109,0.059112235314159434
1,169,c,1,9.90616755115118,8.716665144199743,1.6843775725653454,0.40670232182284993,8103.083920007352,0.0599572035300525
1,170,b,1,10.299012698723281,8.716665144199743,-4.721310765756282,4.591042400599742,0.009562393548105275,0.6784144503631994
1,170,c,1,13.307937209908323,8.716665144199743,1.208595157462244,1.109265671725093,3548.161449134444,0.08049383632464414
1,171,b,1,9.57383816139286,8.716665144199743,-0.28819493400874463,1.5680627227876727,18.868922319113903,0.2633069605260321
1,171,c,1,10.72766207992583,8.716665144199743,-0.22002640820613056,1.9267033790820154,37.370145913557636,0.23019154071842543
1,188,b,1,7.326611641318572,8.716665144199743,1.8363532130417273,0.08687900447131257,8103.077933644224,0.059780516395125875
1,188,c,1,10.93454083368635,8.716665144199743,0.34890522745366925,1.5369457406598872,168.67814705643048,0.17462568684478785
1,189,b,1,6.004382010467664,8.716665144199743,1.7303335542032754,-0.09454658698120423,2196.701636778977,0.08718083637351606
1,189,c,1,10.65433849887224,8.716665144199743,-3.741662978336744,4.490603517539723,0.05305601792154139,0.5633880668477735
1,190,b,1,7.048907383654245,8.716665144199743,-1.0699131402031363,0.2665267422170622,0.6427756233622569,0.4538738555231196
1,190,c,1,8.218669615229707,8.716665144199743,0.05816913371820573,0.7771134257316215,28.54682685410158,0.2633083483655893
1,191,b,1,3.9995039738615756,8.716665144199743,1.998825508376045,-0.38461677878775985,8099.301217026204,0.06764000209055403
1,191,c,1,3.9995039738615756,8.716665144199743,1.998825508376045,-0.38461677878775985,8099.301217026204,0.06764000209055403
1,200,b,1,12.023373923597802,8.716665144199743,-8.947652162157183,10.043163890487108,0.000123409804109314,0.9353026300567397
1,200,c,1,12.023373923597802,8.716665144199743,-8.947652162157183,10.043163890487108,0.000123409804109314,0.9353026300567397
1,201,b,1,12.004401640743216,8.716665144199743,1.4154931020449855,0.8022807439739035,5936.810478397866,0.07209274992096475
1,201,c,1,11.220464941123915,8.716665144199743,1.554911955594352,0.6133457336025542,8103.083850231093,0.06473508856906082
1,202,b,1,11.084633360163856,8.716665144199743,-8.106133919733638,8.023948409970924,0.00012340980432322084,0.9380295381492667
1,202,c,1,11.084633360163856,8.716665144199743,-8.106133919733638,8.023948409970924,0.00012340980432322084,0.9380295381492667
1,203,b,1,7.823876528601703,8.716665144199743,1.6940863951998206,0.130534381770455,8103.061962582903,0.07464337671153252
1,203,c,1,9.069789041471275,8.716665144199743,-1.0824926487800741,1.5087350110834183,4.026871888803262,0.3656842699955436
1,192,b,1,7.874369631235014,8.716665144199743,1.7886237576743285,0.17024491272179904,8099.597129455603,0.06184985077319454
1,192,c,1,9.760712151394541,8.716665144199743,1.6812289707542467,0.4130531357605707,8103.083907268287,0.06118108620344431
1,193,b,1,9.14649492924094,8.716665144199743,-6.4826966212476425,4.364432771399005,0.00012340980426966104,0.9544077225999482
1,193,c,1,9.14649492924094,8.716665144199743,-6.4826966212476425,4.364432771399005,0.00012340980426966104,0.9544077225999482
1,194,b,1,9.855872687004586,8.716665144199743,1.608121425757155,0.4336663985451893,8101.606758854653,0.0681808142659646
1,194,c,1,8.959658325508888,8.716665144199743,-4.2895294487871904,2.8871284362484664,0.0046060960088673,0.7266195078864915
1,195,b,1,7.758161167967494,8.716665144199743,-1.9950493078782978,1.0497641753093456,0.0891147137650972,0.5301845368956994
1,195,c,1,11.265848675757168,8.716665144199743,-2.3497866131879688,3.710074600610093,0.8770652123289295,0.409298630387811
1,212,b,1,7.452544503189978,8.716665144199743,0.06922836203468753,0.4294028367561689,17.070605823958722,0.28557857805306996
1,212,c,1,8.038328849988371,8.716665144199743,0.030337888246452303,0.7272034383645091,21.3157940892765,0.27142411694448443
1,213,b,1,14.889648478824624,8.716665144199743,-4.1234869355742685,7.288225187018131,0.7359789862286599,0.43106625211297617
1,213,c,1,8.924946651556281,8.716665144199743,-0.5544151675122809,1.3932069281824035,7.938845997767524,0.31085957440468703
1,214,b,1,9.862486236489472,8.716665144199743,1.1572276782131095,0.7150711812380455,1719.8001826685506,0.11298083821390187
1,214,c,1,9.254899614555626,8.716665144199743,-0.252453295299355,1.3117677366955742,30.456510708164778,0.2699106480612312
1,215,b,1,9.33760575459475,8.716665144199743,-6.949050303436157,4.683547296987514,0.00012340980555185756,0.9870445026231737
1,215,c,1,9.33760575459475,8.716665144199743,-6.949050303436157,4.683547296987514,0.00012340980555185756,0.9870445026231737
1,220,b,1,12.205385554433374,8.716665144199743,-9.490390987518586,10.583083860540132,0.00012340980437993104,0.9659849767533915
1,220,c,1,12.205385554433374,8.716665144199743,-9.490390987518586,10.583083860540132,0.00012340980437993104,0.9659849767533915
1,221,b,1,10.848231333748519,8.716665144199743,-8.020197620767414,7.542674019957493,0.00012340980419020656,0.9504581260191288
1,221,c,1,8.096234495147634,8.716665144199743,-2.084522720721808,1.268490960308423,0.18023910679131647,0.5272154469757301
1,222,b,1,9.564590702875426,8.716665144199743,-4.164381680509764,3.668363354507271,0.017229197029066747,0.6711206258197454
1,222,c,1,9.564590702875426,8.716665144199743,-4.164381680509764,3.668363354507271,0.017229197029066747,0.6711206258197454
1,223,b,1,17.06801365151416,8.716665144199743,-0.06347402279575581,3.017468857215702,925.1430233936795,0.13789271423420343
1,223,c,1,17.06801365151416,8.716665144199743,-0.06347402279575581,3.017468857215702,925.1430233936795,0.13789271423420343
1,204,b,1,13.798627781355469,8.716665144199743,-8.717431243921519,11.194833201493987,0.002355033751536905,0.7985322450926751
1,204,c,1,11.112061458108037,8.716665144199743,0.9603583253204182,1.019980770865881,1991.8762157536066,0.11865517345077031
1,205,b,1,9.403874448687144,8.716665144199743,1.5829391483900892,0.42573973496396755,8103.083904757115,0.07419545707898538
1,205,c,1,7.750240668573455,8.716665144199743,-0.5726156843951218,0.7546379033774362,5.321334166993046,0.3582015862510874
1,206,b,1,10.732597829731217,8.716665144199743,-3.659621158653387,4.42339089763615,0.06675893963440237,0.5517613387883388
1,206,c,1,8.66569305768117,8.716665144199743,1.0919924581628535,0.571451314427984,431.55428516448376,0.1329913486443412
1,207,b,1,5.609088099489655,8.716665144199743,-3.889717245249659,-1.3387342865216394,0.00012340980430540288,0.973872347630327
1,207,c,1,5.609088099489655,8.716665144199743,-3.889717245249659,-1.3387342865216394,0.00012340980430540288,0.973872347630327
1,232,b,1,13.195040248975081,8.716665144199743,-9.186478408218331,11.358272758494246,0.0004777557900269979,0.8705668501505897
1,232,c,1,8.553573292582389,8.716665144199743,0.5707125091965168,0.7095997030923387,135.58479380706538,0.19527458531720843
1,233,b,1,34.67258437443362,8.716665144199743,-0.9147393517386013,5.5432278478167305,3560.91542755491,0.09271312627201383
1,233,c,1,34.67258437443362,8.716665144199743,-0.9147393517386013,5.5432278478167305,3560.91542755491,0.09271312627201383
1,234,b,1,11.828339225489751,8.716665144199743,-6.414426503228478,7.737451560461391,0.00502313913907946,0.7361681691523687
1,234,c,1,11.828339225489751,8.716665144199743,-6.414426503228478,7.737451560461391,0.00502313913907946,0.7361681691523687
1,235,b,1,9.219809367411152,8.716665144199743,-3.5971306424016865,3.0669085542714027,0.02089379583105029,0.6315648691723277
1,235,c,1,7.81061216759742,8.716665144199743,-1.6414491449392847,1.0662550486733566,0.2568822717296746,0.4851486738244661
1,196,b,1,10.16229500461504,8.716665144199743,1.5877357917271322,0.4916628691562961,8103.047495827412,0.06817580807068305
1,196,c,1,8.682545524184007,8.716665144199743,1.679606911298066,0.27989391765026095,8103.083925062283,0.06896966165088379
1,197,b,1,11.760504025361891,8.716665144199743,-7.139703434010125,8.119163478676771,0.0010423718802470587,0.8020349043950082
1,197,c,1,12.261924798437168,8.716665144199743,1.6074389582375974,0.6609694535801613,8103.083901173362,0.05485935438321483
1,198,b,1,7.7845387211861885,8.716665144199743,1.7974481735407093,0.13790228033948582,8103.083455080656,0.06140008168577389
1,198,c,1,11.147095659061184,8.716665144199743,0.7270310376687055,1.2647457923374037,502.92925670048527,0.13798828202595317
1,199,b,1,10.746212227742548,8.716665144199743,0.9254685490462364,1.0027501549209328,1633.2864358851991,0.12579470717037525
1,199,c,1,8.583499416557247,8.716665144199743,-0.8892380390773278,1.1780512098009241,6.224257023449139,0.3640796956082115
1,236,b,1,87.82109023175308,8.716665144199743,-3.5656625759135965,11.751797707043863,8103.083643217286,0.06681903336863916
1,236,c,1,87.82109023175308,8.716665144199743,-3.5656625759135965,11.751797707043863,8103.083643217286,0.06681903336863916
1,237,b,1,10.608741449241005,8.716665144199743,1.630647105308829,0.504813981308563,8094.788162836626,0.061169735747998805
1,237,c,1,8.44593712127613,8.716665144199743,-0.5530412664415023,1.1009364432035604,5.837998210029812,0.32668811541315135
1,238,b,1,-2.5032230826962,8.716665144199743,2.4045930139594125,-1.1465830144781175,8102.083161723571,0.060666290547413175
1,238,c,1,-2.5032230826962,8.716665144199743,2.4045930139594125,-1.1465830144781175,8102.083161723571,0.060666290547413175
1,239,b,1,3.000000332016186,8.716665144199743,1.3151357410861562,-1.8201588169662601,44.824617415467834,0.2541436054323232
1,239,c,1,3.000000332016186,8.716665144199743,1.3151357410861562,-1.8201588169662601,44.824617415467834,0.2541436054323232
1,228,b,1,11.319489599892274,8.716665144199743,-1.7090386807812243,3.2832532282961577,3.4991738525762486,0.3509349495092681
1,228,c,1,11.103976624710596,8.716665144199743,1.6274328179355118,0.5585759553197691,8103.083914112043,0.05873875463528287
1,229,b,1,9.284263129546614,8.716665144199743,1.4680705323937095,0.46264058716767154,4009.9829068245313,0.08689273040865275
1,229,c,1,12.249149151567572,8.716665144199743,1.4326271523886085,0.8101860968245242,8103.083885801122,0.06948204988837574
1,230,b,1,8.84437603221202,8.716665144199743,-6.601158325036634,3.8108909381333755,0.00012340980432239964,1.0011083823364781
1,230,c,1,8.84437603221202,8.716665144199743,-6.601158325036634,3.8108909381333755,0.00012340980432239964,1.0011083823364781
1,231,b,1,4.16720808809203,8.716665144199743,0.89892758137971,-1.4205617640310964,24.210447341264025,0.28835538539076877
1,231,c,1,4.16720808809203,8.716665144199743,0.89892758137971,-1.4205617640310964,24.210447341264025,0.28835538539076877
1,208,b,1,7.713319852585701,8.716665144199743,1.8302207925796647,0.11797465917352068,7233.805325910057,0.05738839721703507
1,208,c,1,9.817168809839956,8.716665144199743,-1.194794988205774,2.0806262881051616,2.8672156606098183,0.3488718120487406
1,209,b,1,11.662761422071808,8.716665144199743,-8.855962305202677,9.29652232235417,0.00012340980424868915,0.9563213591712574
1,209,c,1,11.662761422071808,8.716665144199743,-8.855962305202677,9.29652232235417,0.00012340980424868915,0.9563213591712574
1,210,b,1,13.584930419026733,8.716665144199743,1.5024587357986607,0.8515914854458463,8096.888576044025,0.057408647289749495
1,210,c,1,11.500124822690749,8.716665144199743,1.605137079625335,0.6094553827241479,8103.083916634471,0.058698041692321005
1,211,b,1,8.37031906110989,8.716665144199743,1.0488670461724783,0.508301623915568,305.45433035830524,0.14187535549200161
1,211,c,1,10.868394005041232,8.716665144199743,1.4157299939862504,0.7000558205559937,2407.0208469545973,0.07846867431108336
1,240,b,1,8.443889155345685,8.716665144199743,-2.162042181394981,1.7026307518168746,0.20774531839658403,0.5166269630445371
1,240,c,1,8.443889155345685,8.716665144199743,-2.162042181394981,1.7026307518168746,0.20774531839658403,0.5166269630445371
1,241,b,1,6.875045507686386,8.716665144199743,-4.604942418237864,0.11254668774437813,0.00012340980414173356,0.9519403977264689
1,241,c,1,6.875045507686386,8.716665144199743,-4.604942418237864,0.11254668774437813,0.00012340980414173356,0.9519403977264689
1,242,b,1,12.712011239938487,8.716665144199743,-5.847116480103729,7.813491471988911,0.021740627127992452,0.6404779779911598
1,242,c,1,7.715623038899439,8.716665144199743,-0.0384733098149208,0.597287039494026,13.89156258014756,0.28986345319460055
1,243,b,1,12.205852037424798,8.716665144199743,-4.7387931546881505,6.321947585774386,0.06875369023048852,0.5757775736383985
1,243,c,1,9.921086601560917,8.716665144199743,1.6455566445689604,0.43132235855921924,8103.083839976455,0.06387312376895672
1,216,b,1,9.220654773279636,8.716665144199743,-1.5761425778544602,1.9723174317853767,1.1386599794114622,0.41214199156237086
1,216,c,1,8.41767853320783,8.716665144199743,-0.645254794011163,1.0984380514029248,4.633723259706589,0.33846970958547107
1,217,b,1,11.122756777895782,8.716665144199743,-8.160884942434203,7.962350017777116,0.0002458629609505363,0.94006265368115
1,217,c,1,11.122756777895782,8.716665144199743,-8.160884942434203,7.962350017777116,0.0002458629609505363,0.94006265368115
1,218,b,1,8.728808535966147,8.716665144199743,-2.264103026410026,1.8541644308554184,0.18201058095163974,0.5118693164970923
1,218,c,1,13.191315540960298,8.716665144199743,0.7312482385149678,1.5665771013646985,989.3868714396968,0.11708982138821537
1,219,b,1,8.807605538636004,8.716665144199743,1.7557196887869213,0.27712662857135983,8103.083404723432,0.05913184752478625
1,219,c,1,10.172135535039766,8.716665144199743,1.6817140926028413,0.44451231967181565,8103.083855785653,0.058657703934606564
1,224,b,1,9.57146136868575,8.716665144199743,1.6639753074306212,0.3788508963573616,8101.439387479901,0.064236367082018
1,224,c,1,8.826377605654173,8.716665144199743,-2.087517647902267,1.893953778278652,0.29704888366005844,0.486942307765001
1,225,b,1,9.217533028921267,8.716665144199743,-6.281765916970121,4.147121541971851,0.00012340980416951133,0.9239068764699288
1,225,c,1,9.472050624538477,8.716665144199743,-1.4716808568613773,2.064781770546512,1.56965761763272,0.39062649875666094
1,226,b,1,8.735177358815768,8.716665144199743,-2.266236454008631,1.9104817749487815,0.21546316140672905,0.5126757341228584
1,226,c,1,8.736126907383484,8.716665144199743,0.6918249284461249,0.7135498965771776,213.97949768620046,0.1780458886131934
1,227,b,1,8.7292386805895,8.716665144199743,-1.7538915223679505,1.6127204422511876,0.6502127574395418,0.45473694111327284
1,227,c,1,8.791632548498095,8.716665144199743,-0.7332254718233258,1.2620221333048514,6.655337989234505,0.3367257115960206
1,256,b,1,9.67600691031147,8.716665144199743,1.6527322485038436,0.401988022314734,8103.034842366045,0.06473197744744882
1,256,c,1,9.069470094032093,8.716665144199743,1.4269298990757109,0.45179521945659046,2613.3781234128455,0.09290859248194858
1,257,b,1,8.61142614601023,8.716665144199743,-1.6744164093016214,1.5776034220958322,0.6589024868469192,0.4509666269785143
1,257,c,1,8.191153244596853,8.716665144199743,-0.827043024105483,1.005334562915312,3.242797193753736,0.37006326851050725
1,258,b,1,12.089996457437213,8.716665144199743,-1.3849221933066707,3.401009659101847,10.70683032610747,0.3024403555213716
1,258,c,1,12.089996457437213,8.716665144199743,-1.3849221933066707,3.401009659101847,10.70683032610747,0.3024403555213716
1,259,b,1,6.328309599354524,8.716665144199743,-4.297875293805452,-0.6708853054014627,0.00012340980421115478,0.9654029851233447
1,259,c,1,6.328309599354524,8.716665144199743,-4.297875293805452,-0.6708853054014627,0.00012340980421115478,0.9654029851233447
1,264,b,1,7.708571678279359,8.716665144199743,-1.289494167539313,0.8664111936500303,0.8543124299239716,0.45032944973462247
1,264,c,1,7.708571678279359,8.716665144199743,-1.289494167539313,0.8664111936500303,0.8543124299239716,0.45032944973462247
1,265,b,1,9.60838363221103,8.716665144199743,-6.6805565367415625,5.267404312747315,0.00012340980427605087,0.9301626580292115
1,265,c,1,9.60838363221103,8.716665144199743,-6.6805565367415625,5.267404312747315,0.00012340980427605087,0.9301626580292115
1,266,b,1,7.6554998000733585,8.716665144199743,1.6038494165948682,0.2201490996386883,1634.146367730374,0.08476186789452456
1,266,c,1,8.841622164281766,8.716665144199743,0.23163091232867822,1.0621401195088975,32.69167585447854,0.2241251595123741
1,267,b,1,7.7877108085678985,8.716665144199743,-2.3752648261588263,1.025319948657772,0.0737819371974677,0.5828699434607353
1,267,c,1,10.939694005689558,8.716665144199743,-1.4861225134279923,2.8505808853149888,6.344222508395309,0.3429992686850215
1,244,b,1,7.969681007248005,8.716665144199743,-4.239984060166334,1.7874800869564986,0.0022378524990028445,0.8054548165617105
1,244,c,1,7.969681007248005,8.716665144199743,-4.239984060166334,1.7874800869564986,0.0022378524990028445,0.8054548165617105
1,245,b,1,38.071044953734166,8.716665144199743,-1.9862752368746213,7.599728579927438,1548.119310087566,0.11261700668101564
1,245,c,1,38.071044953734166,8.716665144199743,-1.9862752368746213,7.599728579927438,1548.119310087566,0.11261700668101564
1,246,b,1,10.934030082373475,8.716665144199743,1.6333064698442676,0.5363146974873207,7329.921584752887,0.05899378192364682
1,246,c,1,11.138804098282527,8.716665144199743,1.6341082257654018,0.5517856045311955,8103.083918101864,0.05794202407026376
1,247,b,1,6.803799206372649,8.716665144199743,-0.5552727660518644,0.04827211979748951,2.0678829077328347,0.3962921529465318
1,247,c,1,9.87170633863979,8.716665144199743,0.48611393880082077,1.1541097689311508,216.0650506405158,0.17946702470363193
1,268,b,1,8.766491581234842,8.716665144199743,1.7710662486470046,0.2814918934225079,8103.083617786801,0.057612615251279295
1,268,c,1,13.529392644676676,8.716665144199743,1.505389420853475,0.8614915552003128,8103.08391970482,0.057423876233813835
1,269,b,1,50.555893454410736,8.716665144199743,-3.6126488530369247,11.058899430054119,4905.2637827332765,0.11700075746694608
1,269,c,1,50.555893454410736,8.716665144199743,-3.6126488530369247,11.058899430054119,4905.2637827332765,0.11700075746694608
1,270,b,1,12.491662487125083,8.716665144199743,-10.096087649412134,11.783162690772722,0.00012340980420108468,0.9924354165375214
1,270,c,1,12.491662487125083,8.716665144199743,-10.096087649412134,11.783162690772722,0.00012340980420108468,0.9924354165375214
1,271,b,1,16.25837180963751,8.716665144199743,-4.000174733621805,7.689562487546955,4.107259610884958,0.38743719265514465
1,271,c,1,16.25837180963751,8.716665144199743,-4.000174733621805,7.689562487546955,4.107259610884958,0.38743719265514465
1,276,b,1,13.64355962808583,8.716665144199743,-7.486770831035088,10.091519258661233,0.003963603352107488,0.7172430447061703
1,276,c,1,10.980071952232501,8.716665144199743,1.436712005927389,0.6954741194307575,2889.828390029189,0.07597036201502788
1,277,b,1,18.513896503580757,8.716665144199743,-2.93509768780482,7.004989334515167,17.576269969186896,0.2826280985783206
1,277,c,1,18.513896503580757,8.716665144199743,-2.93509768780482,7.004989334515167,17.576269969186896,0.2826280985783206
1,278,b,1,7.522123250179939,8.716665144199743,-1.7932056687309377,0.6472908148299178,0.2722702435449222,0.5273275471367416
1,278,c,1,7.522123250179939,8.716665144199743,-1.7932056687309377,0.6472908148299178,0.2722702435449222,0.5273275471367416
1,279,b,1,12.43717441622762,8.716665144199743,-9.632621647094735,10.896128446576636,0.00012340980415902956,0.9594474485045758
1,279,c,1,12.43717441622762,8.716665144199743,-9.632621647094735,10.896128446576636,0.00012340980415902956,0.9594474485045758
2,0,b,1,71.20171882741775,7.932985809882295,-2.474857867396329,9.465822511925511,8103.083288402441,0.06709197584936748
2,0,c,1,71.20171882741775,7.932985809882295,-2.474857867396329,9.465822511925511,8103.083288402441,0.06709197584936748
2,1,b,1,46.49353212508391,7.932985809882295,-1.4089844714483952,6.949868674931978,8103.083742940353,0.07980613929109812
2,1,c,1,46.49353212508391,7.932985809882295,-1.4089844714483952,6.949868674931978,8103.083742940353,0.07980613929109812
2,2,b,1,6.873863628831093,7.932985809882295,-1.5644452714074355,0.9060454589735706,0.5002555121798157,0.545142048575165
2,2,c,1,6.873863628831093,7.932985809882295,-1.5644452714074355,0.9060454589735706,0.5002555121798157,0.545142048575165
2,3,b,1,63.32127930719541,7.932985809882295,-3.3390609321814715,11.053011096636588,3414.4930093463095,0.08909169375120878
2,3,c,1,63.32127930719541,7.932985809882295,-3.3390609321814715,11.053011096636588,3414.4930093463095,0.08909169375120878
1,248,b,1,12.54221517729869,8.716665144199743,-8.07217748422823,9.863337400266698,0.0006064511053696023,0.8267779101032445
1,248,c,1,9.974544750404366,8.716665144199743,1.3143382998946231,0.6925282929902616,1195.5389584479528,0.09470330707103035
1,249,b,1,7.440676908299192,8.716665144199743,-4.070988454668717,1.1511696877918305,0.000906293255382492,0.8257865358650013
1,249,c,1,7.440676908299192,8.716665144199743,-4.070988454668717,1.1511696877918305,0.000906293255382492,0.8257865358650013
1,250,b,1,7.862280601826988,8.716665144199743,1.4493311014353245,0.2526156643885077,1943.7287375520352,0.10354443525802742
1,250,c,1,9.546605728106334,8.716665144199743,0.447224596621367,1.10386178106728,157.98281221192772,0.1890660875085577
1,251,b,1,8.541958462485884,8.716665144199743,1.6742281497974538,0.27204693328851726,5078.161233780942,0.07000968616048954
1,251,c,1,7.8456038644251525,8.716665144199743,-0.4640778440460255,0.7414575085853916,4.196114512120751,0.3367947975529251
2,4,b,1,8.854981901882764,7.932985809882295,-7.383048927902199,5.978854337588451,0.00012340980428969707,1.0912449706326461
2,4,c,1,8.854981901882764,7.932985809882295,-7.383048927902199,5.978854337588451,0.00012340980428969707,1.0912449706326461
2,5,b,1,34.59008266898286,7.932985809882295,-1.6074705944203505,6.929648825614503,2975.016247074804,0.11299674504183886
2,5,c,1,34.59008266898286,7.932985809882295,-1.6074705944203505,6.929648825614503,2975.016247074804,0.11299674504183886
2,6,b,1,9.227995616252807,7.932985809882295,-6.064945723828136,6.042872772622008,0.0009675962853511681,0.9034755759750898
2,6,c,1,9.227995616252807,7.932985809882295,-6.064945723828136,6.042872772622008,0.0009675962853511681,0.9034755759750898
2,7,b,1,4.7387935346865255,7.932985809882295,-2.3600156643171446,-1.173167343756253,0.002799134992074304,0.8344449836960509
2,7,c,1,4.7387935346865255,7.932985809882295,-2.3600156643171446,-1.173167343756253,0.002799134992074304,0.8344449836960509
1,252,b,1,7.79332282046222,8.716665144199743,1.1679404988601996,0.25957242559005045,1048.4422434415478,0.14042841562482994
1,252,c,1,9.926058839670844,8.716665144199743,-0.8887188540194166,1.9489346734895205,15.650225094682963,0.31726438491705267
1,253,b,1,14.657818584445891,8.716665144199743,-8.471767759144207,11.999999978164103,0.0017923540042057177,0.7349217295451708
1,253,c,1,9.418839702243504,8.716665144199743,0.059097913362357826,1.3047314460804362,25.505967866217023,0.22915595099386746
1,254,b,1,68.44469049516273,8.716665144199743,-1.922852495542899,8.236812035350994,8103.083875760869,0.061725451678578215
1,254,c,1,68.44469049516273,8.716665144199743,-1.922852495542899,8.236812035350994,8103.083875760869,0.061725451678578215
1,255,b,1,10.487462159859161,8.716665144199743,1.6137336312102448,0.5206603626233692,8103.08019343359,0.06352773823982283
1,255,c,1,12.03088069823292,8.716665144199743,1.5002267719172502,0.7456156383421481,8103.083923084639,0.06501413244922166
2,8,b,1,8.948206271369152,7.932985809882295,-2.225602937710815,2.900226153659318,0.7418910885043306,0.5003659438911259
2,8,c,1,8.948206271369152,7.932985809882295,-2.225602937710815,2.900226153659318,0.7418910885043306,0.5003659438911259
2,9,b,1,43.70627901906508,7.932985809882295,-0.5759695510480831,5.354975379796064,8103.083518919112,0.06580344598607826
2,9,c,1,43.70627901906508,7.932985809882295,-0.5759695510480831,5.354975379796064,8103.083518919112,0.06580344598607826
2,10,b,1,15.102220642536636,7.932985809882295,-2.7467235387050204,6.442323811915332,11.380998937803165,0.33383195834669516
2,10,c,1,15.102220642536636,7.932985809882295,-2.7467235387050204,6.442323811915332,11.380998937803165,0.33383195834669516
2,11,b,1,26.32825493795813,7.932985809882295,-4.518180180667899,11.226524905288365,40.059731070675106,0.2590398337408356
2,11,c,1,26.32825493795813,7.932985809882295,-4.518180180667899,11.226524905288365,40.059731070675106,0.2590398337408356
1,284,b,1,4.617102527894457,8.716665144199743,-3.297601110713253,-1.9920149801507638,0.00012340980413071622,0.9393535799019974
1,284,c,1,4.617102527894457,8.716665144199743,-3.297601110713253,-1.9920149801507638,0.00012340980413071622,0.9393535799019974
1,285,b,1,33.04148289746626,8.716665144199743,-4.709467585918854,11.986368404637075,93.01909001871948,0.2122082148566444
1,285,c,1,33.04148289746626,8.716665144199743,-4.709467585918854,11.986368404637075,93.01909001871948,0.2122082148566444
1,286,b,1,28.04044897188235,8.716665144199743,0.33602532664986884,3.196904038453911,8099.510961199085,0.06990823601803896
1,286,c,1,28.04044897188235,8.716665144199743,0.33602532664986884,3.196904038453911,8099.510961199085,0.06990823601803896
1,287,b,1,11.116068128883475,8.716665144199743,1.6311805484349673,0.5429329969533485,8102.501646588938,0.058329900833264524
1,287,c,1,7.729062971722443,8.716665144199743,-0.12503557270941418,0.5760582830400368,10.079260738780244,0.29952313567881206
1,296,b,1,9.25714320174013,8.716665144199743,1.2476955002774686,0.5800411177792877,2260.7575817595216,0.11074797138647621
1,296,c,1,9.25714320174013,8.716665144199743,1.2476955002774686,0.5800411177792877,2260.7575817595216,0.11074797138647621
1,297,b,1,8.466462941934685,8.716665144199743,-0.27205821459106777,1.0065001954175221,16.460454874274188,0.29511328165783196
1,297,c,1,8.550418975612143,8.716665144199743,-2.9605699612110503,2.0446344726498946,0.04757409433781894,0.6042939339570323
1,298,b,1,5.7734311499588635,8.716665144199743,-3.9387809764943036,-1.3099458527116814,0.0001234098043969344,0.9604626490884465
1,298,c,1,5.7734311499588635,8.716665144199743,-3.9387809764943036,-1.3099458527116814,0.0001234098043969344,0.9604626490884465
1,299,b,1,33.93072893636321,8.716665144199743,-4.403445603846514,11.478842198039303,231.1648736330273,0.19762925179740626
1,299,c,1,33.93072893636321,8.716665144199743,-4.403445603846514,11.478842198039303,231.1648736330273,0.19762925179740626
1,288,b,1,9.677156937131981,8.716665144199743,-5.826016195297001,4.769967132675964,0.0007786573842133908,0.8355515934981695
1,288,c,1,8.00653361854361,8.716665144199743,-3.2142489845878677,1.6258298204281028,0.0126908863689919,0.6710014766233473
1,289,b,1,8.250414685368002,8.716665144199743,1.757701037849929,0.20921814745083664,8103.076044606641,0.06287889439665816
1,289,c,1,11.83066102547517,8.716665144199743,-1.5556532017745037,3.3683372673772287,6.549194260639937,0.3232970657419318
1,290,b,1,23.711943293846428,8.716665144199743,-0.44207569911226907,4.212188711411546,1398.0671348641424,0.11545636776012853
1,290,c,1,23.711943293846428,8.716665144199743,-0.44207569911226907,4.212188711411546,1398.0671348641424,0.11545636776012853
1,291,b,1,16.231235262258807,8.716665144199743,-6.699927985192062,10.91670579971565,0.12312327052858629,0.5545536848870346
1,291,c,1,16.231235262258807,8.716665144199743,-6.699927985192062,10.91670579971565,0.12312327052858629,0.5545536848870346
1,280,b,1,10.62730755443853,8.716665144199743,-7.577478153620861,7.025385375656024,0.0001234098041973128,0.9279293827135046
1,280,c,1,10.62730755443853,8.716665144199743,-7.577478153620861,7.025385375656024,0.0001234098041973128,0.9279293827135046
1,281,b,1,6.029071299558391,8.716665144199743,-4.125213259014812,-1.2035835767479985,0.00012340980543921998,0.9697165985441114
1,281,c,1,6.029071299558391,8.716665144199743,-4.125213259014812,-1.2035835767479985,0.00012340980543921998,0.9697165985441114
1,282,b,1,9.14527593922256,8.716665144199743,1.662814183495776,0.3380301432444335,7368.371598684439,0.06723377643070134
1,282,c,1,10.165849450848555,8.716665144199743,0.5515592080684775,1.172943228842433,262.8932593111191,0.16797806348439057
1,283,b,1,7.685039253635056,8.716665144199743,1.7166150714484143,0.1252951386860568,8010.062938714215,0.07296888084261641
1,283,c,1,10.564068816495373,8.716665144199743,-2.1198551719555176,3.0808839817822,1.648392122957165,0.41504359110180483
2,12,b,1,7.893194259614722,7.932985809882295,-6.0355065972758055,3.599173792800313,0.00012340980410284285,1.0453116024662494
2,12,c,1,7.893194259614722,7.932985809882295,-6.0355065972758055,3.599173792800313,0.00012340980410284285,1.0453116024662494
2,13,b,1,8.595405574897807,7.932985809882295,-7.174600764328394,5.386380098704818,0.00012340980604313957,1.099337337893197
2,13,c,1,8.595405574897807,7.932985809882295,-7.174600764328394,5.386380098704818,0.00012340980604313957,1.099337337893197
2,14,b,1,9.105412653574374,7.932985809882295,-6.616883620614045,5.922535452632879,0.0003603739763331738,0.976442797844497
2,14,c,1,9.105412653574374,7.932985809882295,-6.616883620614045,5.922535452632879,0.0003603739763331738,0.976442797844497
2,15,b,1,5.324866593376069,7.932985809882295,1.897249680976286,-0.0884715044334671,8103.083823017813,0.07048419539928485
2,15,c,1,5.324866593376069,7.932985809882295,1.897249680976286,-0.0884715044334671,8103.083823017813,0.07048419539928485
1,260,b,1,11.927095813961552,8.716665144199743,1.2941324161935157,0.8966002954952323,2316.6877204660736,0.08197635552628509
1,260,c,1,9.662244505646415,8.716665144199743,-0.6608679472345695,1.718688864267262,7.887527972174359,0.2989940324999314
1,261,b,1,8.6788239209766,8.716665144199743,1.4265730246054933,0.40130195590971485,1948.3380052295117,0.09653148734054155
1,261,c,1,9.694271579169683,8.716665144199743,0.2896111176172671,1.2296873153025933,98.9035307515511,0.2020308705650001
1,262,b,1,9.571600383196673,8.716665144199743,1.4181331152087573,0.5222120483467922,3115.4669279120008,0.08927148822931937
1,262,c,1,8.166162476058263,8.716665144199743,-0.8148005476682868,0.9828250820973061,3.1678396894462058,0.3694049913938579
1,263,b,1,14.148945807656897,8.716665144199743,-9.015827126031676,11.999999463904384,0.0013148912197811094,0.7998514368095094
1,263,c,1,14.502795485017662,8.716665144199743,1.3970923259228107,1.0035495761013558,7820.595877687247,0.0611581022321833
2,16,b,1,64.66464300297204,7.932985809882295,-3.1338020556230095,10.652911237521106,8103.083023970913,0.08406744123328659
2,16,c,1,64.66464300297204,7.932985809882295,-3.1338020556230095,10.652911237521106,8103.083023970913,0.08406744123328659
2,17,b,1,10.790477513976517,7.932985809882295,-2.182356838999718,4.146559496719594,2.6884233766100687,0.4130557403835099
2,17,c,1,10.790477513976517,7.932985809882295,-2.182356838999718,4.146559496719594,2.6884233766100687,0.4130557403835099
2,18,b,1,5.089792829032907,7.932985809882295,-3.798713345639967,-1.4273284954979795,0.0001234098041687239,1.0423468287203779
2,18,c,1,5.089792829032907,7.932985809882295,-3.798713345639967,-1.4273284954979795,0.0001234098041687239,1.0423468287203779
2,19,b,1,23.402814005506162,7.932985809882295,-2.5941654313533107,7.795700303461048,294.5375810274543,0.2091622990112189
2,19,c,1,23.402814005506162,7.932985809882295,-2.5941654313533107,7.795700303461048,294.5375810274543,0.2091622990112189
1,292,b,1,5.441315533977286,8.716665144199743,-0.8908966943290562,-1.2658730004619616,0.3161054992940327,0.532740673032295
1,292,c,1,5.441315533977286,8.716665144199743,-0.8908966943290562,-1.2658730004619616,0.3161054992940327,0.532740673032295
1,293,b,1,9.891129784620091,8.716665144199743,0.9599613617567342,0.8437836555284552,646.6562705412437,0.1315326416453545
1,293,c,1,9.101851803200654,8.716665144199743,-1.056040346546943,1.6152576252513067,3.107877095993979,0.36022196375435117
1,294,b,1,9.026597625294803,8.716665144199743,-2.4199110569004247,2.2292691026828906,0.17521572057611368,0.5136402910825457
1,294,c,1,9.333432267642934,8.716665144199743,-0.27773905831785606,1.3938000751897726,20.54586995818218,0.2692055131566364
1,295,b,1,7.738713304715537,8.716665144199743,1.660070927539051,0.1859399255659282,3337.4806579796054,0.07825844349095723
1,295,c,1,8.046023084768,8.716665144199743,-2.2059723885697933,1.4245257497854877,0.08471195718080719,0.5413039223836792
1,272,b,1,5.335001416579535,8.716665144199743,-3.649179268764859,-1.7080946007233129,0.00012340980417953757,0.9438111173809175
1,272,c,1,5.335001416579535,8.716665144199743,-3.649179268764859,-1.7080946007233129,0.00012340980417953757,0.9438111173809175
1,273,b,1,6.360573240553926,8.716665144199743,1.9088835187997646,-0.02433285326878666,8102.592266059617,0.05712267521173427
1,273,c,1,7.916727801575256,8.716665144199743,-0.7723231694258701,0.954558066161024,2.0223795894976124,0.37179032085044134
1,274,b,1,7.285385919836523,8.716665144199743,1.5983083071975628,0.12696723579491176,2332.146399791875,0.09097457231943945
1,274,c,1,7.450608144756779,8.716665144199743,-0.9423276507037495,0.646596026855194,1.1179238720241937,0.41549289902866
1,275,b,1,8.63319321156693,8.716665144199743,1.5054402534002582,0.36435654166061837,3224.440421756412,0.08860990474041813
1,275,c,1,11.75749935842304,8.716665144199743,1.5085586274855034,0.7093717138949005,8103.0839110680645,0.06580281655179386
2,24,b,1,68.2226055187966,7.932985809882295,-2.2352569608376713,8.95113144097003,8093.411227764329,0.06650816354527656
2,24,c,1,68.2226055187966,7.932985809882295,-2.2352569608376713,8.95113144097003,8093.411227764329,0.06650816354527656
2,25,b,1,8.072697753096227,7.932985809882295,-1.6639531077276413,2.059439840586356,0.6464741292350616,0.47953187031070427
2,25,c,1,8.072697753096227,7.932985809882295,-1.6639531077276413,2.059439840586356,0.6464741292350616,0.47953187031070427
2,26,b,1,29.635726858961792,7.932985809882295,0.44783268170012297,3.1822467327625947,8103.083269094214,0.06234728409922359
2,26,c,1,29.635726858961792,7.932985809882295,0.44783268170012297,3.1822467327625947,8103.083269094214,0.06234728409922359
2,27,b,1,5.8415420300315,7.932985809882295,-1.6900392625174303,-0.04795492810809366,0.0618326723179409,0.6322017203037602
2,27,c,1,5.8415420300315,7.932985809882295,-1.6900392625174303,-0.04795492810809366,0.0618326723179409,0.6322017203037602
2,32,b,1,9.872762457966969,7.932985809882295,-3.9590565368700834,5.011747238613625,0.0707428110466929,0.6312892769018755
2,32,c,1,9.872762457966969,7.932985809882295,-3.9590565368700834,5.011747238613625,0.0707428110466929,0.6312892769018755
2,33,b,1,6.842497324340715,7.932985809882295,-4.999226736663853,1.5047386374018128,0.0001234098046078572,1.0312658475195688
2,33,c,1,6.842497324340715,7.932985809882295,-4.999226736663853,1.5047386374018128,0.0001234098046078572,1.0312658475195688
2,34,b,1,4.798345065131236,7.932985809882295,-2.4583364877467613,-1.3286516679155596,0.0030724768981693707,0.8638448826188168
2,34,c,1,4.798345065131236,7.932985809882295,-2.4583364877467613,-1.3286516679155596,0.0030724768981693707,0.8638448826188168
2,35,b,1,14.32029686171858,7.932985809882295,-1.560143133978976,4.773884764308864,49.8709008298684,0.26889603011506796
2,35,c,1,14.32029686171858,7.932985809882295,-1.560143133978976,4.773884764308864,49.8709008298684,0.26889603011506796
2,28,b,1,8.149433803687707,7.932985809882295,-3.572567406579645,3.123858185811128,0.018784548903791193,0.7107409039812386
2,28,c,1,8.149433803687707,7.932985809882295,-3.572567406579645,3.123858185811128,0.018784548903791193,0.7107409039812386
2,29,b,1,51.51985893355294,7.932985809882295,-1.7177579577269129,7.67696831393383,8103.083553475056,0.07801913977583531
2,29,c,1,51.51985893355294,7.932985809882295,-1.7177579577269129,7.67696831393383,8103.083553475056,0.07801913977583531
2,30,b,1,34.79228819537526,7.932985809882295,-4.315587523089054,11.718992742504593,256.93339011552416,0.19020981986343413
2,30,c,1,34.79228819537526,7.932985809882295,-4.315587523089054,11.718992742504593,256.93339011552416,0.19020981986343413
2,31,b,1,8.395993883804849,7.932985809882295,-1.6603873837402565,2.263894913798235,1.0042351216578498,0.4628549920621051
2,31,c,1,8.395993883804849,7.932985809882295,-1.6603873837402565,2.263894913798235,1.0042351216578498,0.4628549920621051
2,20,b,1,48.629418639036004,7.932985809882295,-0.9434283107827831,6.135431447052597,8103.040887935689,0.06671395382581427
2,20,c,1,48.629418639036004,7.932985809882295,-0.9434283107827831,6.135431447052597,8103.040887935689,0.06671395382581427
2,21,b,1,7.449700610435341,7.932985809882295,-5.32794540397116,2.7756291388289775,0.00012340980447423833,1.000534611090597
2,21,c,1,7.449700610435341,7.932985809882295,-5.32794540397116,2.7756291388289775,0.00012340980447423833,1.000534611090597
2,22,b,1,50.41540186221267,7.932985809882295,-1.5791988069267746,7.379283014038696,8103.083233023019,0.07697758426659704
2,22,c,1,50.41540186221267,7.932985809882295,-1.5791988069267746,7.379283014038696,8103.083233023019,0.07697758426659704
2,23,b,1,81.2039227586708,7.932985809882295,-3.172202828176978,10.95780534545645,8103.083889437427,0.0674179158928353
2,23,c,1,81.2039227586708,7.932985809882295,-3.172202828176978,10.95780534545645,8103.083889437427,0.0674179158928353
2,48,b,1,6.238426575988492,7.932985809882295,-1.3929828347418156,0.36882953234349847,0.32917480199834287,0.5643058401087053
2,48,c,1,6.238426575988492,7.932985809882295,-1.3929828347418156,0.36882953234349847,0.32917480199834287,0.5643058401087053
2,49,b,1,64.02486157147764,7.932985809882295,-3.290530181189948,10.929620477587273,8103.083747550582,0.08735587249822734
2,49,c,1,64.02486157147764,7.932985809882295,-3.290530181189948,10.929620477587273,8103.083747550582,0.08735587249822734
2,50,b,1,5.790735598632859,7.932985809882295,-3.0510615027308106,-0.012818943708337239,0.0024076221821969584,0.8574653446808456
2,50,c,1,5.790735598632859,7.932985809882295,-3.0510615027308106,-0.012818943708337239,0.0024076221821969584,0.8574653446808456
2,51,b,1,4.765867844241173,7.932985809882295,-3.6577079954769065,-1.566165441175305,0.00012340980436634642,1.0598382350951998
2,51,c,1,4.765867844241173,7.932985809882295,-3.6577079954769065,-1.566165441175305,0.00012340980436634642,1.0598382350951998
2,40,b,1,5.763099357914634,7.932985809882295,-4.222575400074915,-0.025424658937631954,0.00012340980450134968,1.0404996620073792
2,40,c,1,5.763099357914634,7.932985809882295,-4.222575400074915,-0.025424658937631954,0.00012340980450134968,1.0404996620073792
2,41,b,1,19.467912576509693,7.932985809882295,-3.245308643964237,8.040557346856335,42.65661166382859,0.2848521358556047
2,41,c,1,19.467912576509693,7.932985809882295,-3.245308643964237,8.040557346856335,42.65661166382859,0.2848521358556047
2,42,b,1,78.42776343113535,7.932985809882295,-2.439050354608613,9.476547352571368,8103.083884431105,0.06045362591386911
2,42,c,1,78.42776343113535,7.932985809882295,-2.439050354608613,9.476547352571368,8103.083884431105,0.06045362591386911
2,43,b,1,17.341500386171223,7.932985809882295,-0.5396503177383298,3.9451778152427983,373.8316304393091,0.16319329686351053
2,43,c,1,17.341500386171223,7.932985809882295,-0.5396503177383298,3.9451778152427983,373.8316304393091,0.16319329686351053
2,44,b,1,-4.1695496775704255,7.932985809882295,2.514935255219404,-1.3546081499011207,8103.080484097058,0.06427901613611642
2,44,c,1,-4.1695496775704255,7.932985809882295,2.514935255219404,-1.3546081499011207,8103.080484097058,0.06427901613611642
2,45,b,1,70.35587971209185,7.932985809882295,-2.1390324941481906,8.785279471533418,8103.08365715285,0.06312318748435729
2,45,c,1,70.35587971209185,7.932985809882295,-2.1390324941481906,8.785279471533418,8103.08365715285,0.06312318748435729
2,46,b,1,45.95745308442875,7.932985809882295,-2.666008381345555,9.307185850030361,2038.3214192259077,0.10809931844506246
2,46,c,1,45.95745308442875,7.932985809882295,-2.666008381345555,9.307185850030361,2038.3214192259077,0.10809931844506246
2,47,b,1,6.096763353277596,7.932985809882295,-1.4628985062231936,0.04111156948783358,0.25632695522571913,0.5872608475993663
2,47,c,1,6.096763353277596,7.932985809882295,-1.4628985062231936,0.04111156948783358,0.25632695522571913,0.5872608475993663
2,36,b,1,54.364426462116434,7.932985809882295,-3.5324507471005484,11.243934981624722,2447.8534127289663,0.10732747068681585
2,36,c,1,54.364426462116434,7.932985809882295,-3.5324507471005484,11.243934981624722,2447.8534127289663,0.10732747068681585
2,37,b,1,9.739459333379166,7.932985809882295,-0.6834716518243842,2.3289458822065483,25.18750819582785,0.30240815550499495
2,37,c,1,9.739459333379166,7.932985809882295,-0.6834716518243842,2.3289458822065483,25.18750819582785,0.30240815550499495
2,38,b,1,23.65202040390906,7.932985809882295,0.45699686412339025,2.9282568445893453,6983.563662290647,0.07770707426604045
2,38,c,1,23.65202040390906,7.932985809882295,0.45699686412339025,2.9282568445893453,6983.563662290647,0.07770707426604045
2,39,b,1,39.35502672908933,7.932985809882295,-0.7995297830016461,5.666353191092522,8102.685782134971,0.07877242702080864
2,39,c,1,39.35502672908933,7.932985809882295,-0.7995297830016461,5.666353191092522,8102.685782134971,0.07877242702080864
2,56,b,1,26.801065976677556,7.932985809882295,-4.8751389544890715,11.942191539499062,28.687701104902004,0.26779331962688807
2,56,c,1,26.801065976677556,7.932985809882295,-4.8751389544890715,11.942191539499062,28.687701104902004,0.26779331962688807
2,57,b,1,5.2226642586760565,7.932985809882295,-3.2315964822461893,-0.7209031711809939,0.0008551357465208481,0.9561129839987956
2,57,c,1,5.2226642586760565,7.932985809882295,-3.2315964822461893,-0.7209031711809939,0.0008551357465208481,0.9561129839987956
2,58,b,1,53.30183603986035,7.932985809882295,-2.2865270419087373,8.818597094255455,8103.083116494512,0.08608811595242666
2,58,c,1,53.30183603986035,7.932985809882295,-2.2865270419087373,8.818597094255455,8103.083116494512,0.08608811595242666
2,59,b,1,6.982062164839709,7.932985809882295,-3.7405484401269598,1.543948164598296,0.00375434341187082,0.843055963198093
2,59,c,1,6.982062164839709,7.932985809882295,-3.7405484401269598,1.543948164598296,0.00375434341187082,0.843055963198093
2,52,b,1,28.249501267873324,7.932985809882295,-4.292069523311715,11.166097327416637,125.57765879817508,0.23342571430198975
2,52,c,1,28.249501267873324,7.932985809882295,-4.292069523311715,11.166097327416637,125.57765879817508,0.23342571430198975
2,53,b,1,-5.302822585048551,7.932985809882295,2.6160294041471657,-1.6614181477963303,8103.083903510684,0.07072243550371676
2,53,c,1,-5.302822585048551,7.932985809882295,2.6160294041471657,-1.6614181477963303,8103.083903510684,0.07072243550371676
2,54,b,1,6.206697656529822,7.932985809882295,-4.0963086757872205,0.5135067266656221,0.00031188986109999484,0.969833923686097
2,54,c,1,6.206697656529822,7.932985809882295,-4.0963086757872205,0.5135067266656221,0.00031188986109999484,0.969833923686097
2,55,b,1,67.80331736190699,7.932985809882295,-2.44308423449871,9.329672042807776,8103.083394140944,0.06998592867508918
2,55,c,1,67.80331736190699,7.932985809882295,-2.44308423449871,9.329672042807776,8103.083394140944,0.06998592867508918
2,60,b,1,45.90613327608664,7.932985809882295,-0.6099094582353366,5.469227565278601,8103.070791195033,0.06339127093727921
2,60,c,1,45.90613327608664,7.932985809882295,-0.6099094582353366,5.469227565278601,8103.070791195033,0.06339127093727921
2,61,b,1,28.99277724317069,7.932985809882295,-0.010087992989853207,3.9262996487471495,8103.083788500084,0.07961349140245991
2,61,c,1,28.99277724317069,7.932985809882295,-0.010087992989853207,3.9262996487471495,8103.083788500084,0.07961349140245991
2,62,b,1,11.347954059963817,7.932985809882295,-7.748405012546311,9.934758124417709,0.001684350573075473,0.885334030487543
2,62,c,1,11.347954059963817,7.932985809882295,-7.748405012546311,9.934758124417709,0.001684350573075473,0.885334030487543
2,63,b,1,4.206740974754014,7.932985809882295,-2.0706844039310335,-1.8860733879535914,0.002951644620692063,0.8235029859257686
2,63,c,1,4.206740974754014,7.932985809882295,-2.0706844039310335,-1.8860733879535914,0.002951644620692063,0.8235029859257686
2,68,b,1,8.301547405809163,7.932985809882295,-6.57828109528273,4.9351815211628605,0.0001234098041642266,1.0636757940701642
2,68,c,1,8.301547405809163,7.932985809882295,-6.57828109528273,4.9351815211628605,0.0001234098041642266,1.0636757940701642
2,69,b,1,5.340772189404031,7.932985809882295,-1.4980888008129327,-0.5811258960466693,0.06133520833840472,0.6435140470874811
2,69,c,1,5.340772189404031,7.932985809882295,-1.4980888008129327,-0.5811258960466693,0.06133520833840472,0.6435140470874811
2,70,b,1,26.35797147961636,7.932985809882295,-4.694024363293847,11.56520561536393,45.93485205879349,0.2654249151893371
2,70,c,1,26.35797147961636,7.932985809882295,-4.694024363293847,11.56520561536393,45.93485205879349,0.2654249151893371
2,71,b,1,11.957092029949042,7.932985809882295,-8.318275147403178,10.485274074260957,0.0017720967911050711,0.88805129716971
2,71,c,1,11.957092029949042,7.932985809882295,-8.318275147403178,10.485274074260957,0.0017720967911050711,0.88805129716971
2,64,b,1,7.267125793778392,7.932985809882295,-5.893157563453402,2.516662681570055,0.00012340980433739164,1.113942803382055
2,64,c,1,7.267125793778392,7.932985809882295,-5.893157563453402,2.516662681570055,0.00012340980433739164,1.113942803382055
2,65,b,1,5.299482485692015,7.932985809882295,-3.99668778502922,-0.7100480751740565,0.00012340980420838163,1.0644151942445563
2,65,c,1,5.299482485692015,7.932985809882295,-3.99668778502922,-0.7100480751740565,0.00012340980420838163,1.0644151942445563
2,66,b,1,8.469267673815239,7.932985809882295,-6.206392520917081,4.798006456349672,0.00038041072988236757,0.9997418449895588
2,66,c,1,8.469267673815239,7.932985809882295,-6.206392520917081,4.798006456349672,0.00038041072988236757,0.9997418449895588
2,67,b,1,59.49621663197833,7.932985809882295,-1.7377183599282673,7.853513068116625,8103.083575167111,0.06789526584823811
2,67,c,1,59.49621663197833,7.932985809882295,-1.7377183599282673,7.853513068116625,8103.083575167111,0.06789526584823811
2,80,b,1,9.498950911885874,7.932985809882295,-5.90233169297473,6.035325779355496,0.0017198734111637777,0.8609592656523716
2,80,c,1,9.498950911885874,7.932985809882295,-5.90233169297473,6.035325779355496,0.0017198734111637777,0.8609592656523716
2,81,b,1,6.822497942677512,7.932985809882295,-1.2793776320135148,0.8658250780833326,0.5275894599390224,0.5022930416856454
2,81,c,1,6.822497942677512,7.932985809882295,-1.2793776320135148,0.8658250780833326,0.5275894599390224,0.5022930416856454
2,82,b,1,24.836282316758016,7.932985809882295,-5.077530045331612,11.975806645978675,30.690665027169125,0.29713219205438635
2,82,c,1,24.836282316758016,7.932985809882295,-5.077530045331612,11.975806645978675,30.690665027169125,0.29713219205438635
2,83,b,1,-6.544186604303233,7.932985809882295,2.701605860172211,-1.8625136941195297,8103.083754810828,0.07122431974320768
2,83,c,1,-6.544186604303233,7.932985809882295,2.701605860172211,-1.8625136941195297,8103.083754810828,0.07122431974320768
2,72,b,1,60.997686280886214,7.932985809882295,-2.467110031185072,9.284347384057583,6829.415947063336,0.07818786934746247
2,72,c,1,60.997686280886214,7.932985809882295,-2.467110031185072,9.284347384057583,6829.415947063336,0.07818786934746247
2,73,b,1,70.39117710446959,7.932985809882295,-3.036047654960368,10.551718386349027,8103.083674943708,0.07583928496922816
2,73,c,1,70.39117710446959,7.932985809882295,-3.036047654960368,10.551718386349027,8103.083674943708,0.07583928496922816
2,74,b,1,75.06790472314711,7.932985809882295,-3.502377585398423,11.566449102225349,8103.083780086248,0.07732768181462492
2,74,c,1,75.06790472314711,7.932985809882295,-3.502377585398423,11.566449102225349,8103.083780086248,0.07732768181462492
2,75,b,1,22.559645810490284,7.932985809882295,-4.0006053765732075,9.788062909273986,23.27311796578235,0.2793329662881809
2,75,c,1,22.559645810490284,7.932985809882295,-4.0006053765732075,9.788062909273986,23.27311796578235,0.2793329662881809
2,84,b,1,8.920118386566825,7.932985809882295,1.7122996438076947,0.42637729757206555,8103.083831592328,0.06337775667080729
2,84,c,1,8.920118386566825,7.932985809882295,1.7122996438076947,0.42637729757206555,8103.083831592328,0.06337775667080729
2,85,b,1,6.335759487126862,7.932985809882295,-2.3544513655557884,0.42174996524563224,0.02774613827814316,0.6986610331754951
2,85,c,1,6.335759487126862,7.932985809882295,-2.3544513655557884,0.42174996524563224,0.02774613827814316,0.6986610331754951
2,86,b,1,3.838512393801768,7.932985809882295,0.4767485403476986,-1.4761144483365136,4.342932940585023,0.39438492779458184
2,86,c,1,3.838512393801768,7.932985809882295,0.4767485403476986,-1.4761144483365136,4.342932940585023,0.39438492779458184
2,87,b,1,7.7326871469185114,7.932985809882295,-1.6314185977202793,1.6630067263766704,0.4786101894570351,0.4939362653889324
2,87,c,1,7.7326871469185114,7.932985809882295,-1.6314185977202793,1.6630067263766704,0.4786101894570351,0.4939362653889324
2,76,b,1,17.282783822715643,7.932985809882295,1.0009152387812696,1.7964900264820272,7928.282721795678,0.07459947349413422
2,76,c,1,17.282783822715643,7.932985809882295,1.0009152387812696,1.7964900264820272,7928.282721795678,0.07459947349413422
2,77,b,1,12.173650932204783,7.932985809882295,-5.84387418869218,8.45360944560343,0.04553855396342142,0.668735823671149
2,77,c,1,12.173650932204783,7.932985809882295,-5.84387418869218,8.45360944560343,0.04553855396342142,0.668735823671149
2,78,b,1,9.273413413112237,7.932985809882295,-4.585364643819873,4.613230893096754,0.01506975155817085,0.7391321636825384
2,78,c,1,9.273413413112237,7.932985809882295,-4.585364643819873,4.613230893096754,0.01506975155817085,0.7391321636825384
2,79,b,1,77.69471497035401,7.932985809882295,-2.626651138849975,9.858055750580098,8103.083778357029,0.06343945844836846
2,79,c,1,77.69471497035401,7.932985809882295,-2.626651138849975,9.858055750580098,8103.083778357029,0.06343945844836846
2,88,b,1,6.879639448193018,7.932985809882295,-0.8350854793351139,0.7642093844845257,1.4240713895186776,0.434684330322509
2,88,c,1,6.879639448193018,7.932985809882295,-0.8350854793351139,0.7642093844845257,1.4240713895186776,0.434684330322509
2,89,b,1,10.387993030748984,7.932985809882295,-8.422437349697868,9.35915242191965,0.00012340980470184267,1.0316719660381022
2,89,c,1,10.387993030748984,7.932985809882295,-8.422437349697868,9.35915242191965,0.00012340980470184267,1.0316719660381022
2,90,b,1,-3.5089232053066635,7.932985809882295,2.5470336411274483,-1.944273260200197,2201.181091954614,0.10108272800202583
2,90,c,1,-3.5089232053066635,7.932985809882295,2.5470336411274483,-1.944273260200197,2201.181091954614,0.10108272800202583
2,91,b,1,9.623449439430532,7.932985809882295,-8.110894681586444,7.885075132668601,0.00012340980518892966,1.0809561174793285
2,91,c,1,9.623449439430532,7.932985809882295,-8.110894681586444,7.885075132668601,0.00012340980518892966,1.0809561174793285
2,96,b,1,10.36336896275659,7.932985809882295,-9.000624071112071,9.401341002799297,0.0001234098041344539,1.090254526398043
2,96,c,1,10.36336896275659,7.932985809882295,-9.000624071112071,9.401341002799297,0.0001234098041344539,1.090254526398043
2,97,b,1,6.371680180828513,7.932985809882295,-0.541639254887552,0.44849272985301536,2.0768303220344992,0.4207364714915336
2,97,c,1,6.371680180828513,7.932985809882295,-0.541639254887552,0.44849272985301536,2.0768303220344992,0.4207364714915336
2,98,b,1,16.58928456730488,7.932985809882295,-2.501376347654359,6.528926184903476,17.428627490651063,0.28910252602897596
2,98,c,1,16.58928456730488,7.932985809882295,-2.501376347654359,6.528926184903476,17.428627490651063,0.28910252602897596
2,99,b,1,13.20818246678897,7.932985809882295,-1.0457283159562718,3.8177495288838976,83.30155059765085,0.25232153422438547
2,99,c,1,13.20818246678897,7.932985809882295,-1.0457283159562718,3.8177495288838976,83.30155059765085,0.25232153422438547
2,104,b,1,4.385219671543798,7.932985809882295,-1.3489422135066647,-1.7718854738297571,0.032440513482544335,0.7013557566262938
2,104,c,1,4.385219671543798,7.932985809882295,-1.3489422135066647,-1.7718854738297571,0.032440513482544335,0.7013557566262938
2,105,b,1,10.00207199452769,7.932985809882295,-1.204486156787706,2.8588864435752592,10.653617016834552,0.3469125214343839
2,105,c,1,10.00207199452769,7.932985809882295,-1.204486156787706,2.8588864435752592,10.653617016834552,0.3469125214343839
2,106,b,1,5.674952252947236,7.932985809882295,-1.3767199397755652,-0.029213871908418787,0.10071458725851128,0.5917871208429104
2,106,c,1,5.674952252947236,7.932985809882295,-1.3767199397755652,-0.029213871908418787,0.10071458725851128,0.5917871208429104
2,107,b,1,2.7528309469916117,7.932985809882295,1.9824921744104973,-0.6973607200948515,4696.709427816272,0.10068177739131397
2,107,c,1,2.7528309469916117,7.932985809882295,1.9824921744104973,-0.6973607200948515,4696.709427816272,0.10068177739131397
2,92,b,1,4.8289003333519815,7.932985809882295,-2.040943304369909,-1.4254795644403893,0.008722917518102167,0.7842475911669188
2,92,c,1,4.8289003333519815,7.932985809882295,-2.040943304369909,-1.4254795644403893,0.008722917518102167,0.7842475911669188
2,93,b,1,82.1617421198929,7.932985809882295,-3.652236628516994,11.927849875833287,8103.083513325904,0.07247539810826291
2,93,c,1,82.1617421198929,7.932985809882295,-3.652236628516994,11.927849875833287,8103.083513325904,0.07247539810826291
2,94,b,1,6.34193293823797,7.932985809882295,-4.261126050220563,0.9435049949714934,0.0003073627630206711,0.9837784137196486
2,94,c,1,6.34193293823797,7.932985809882295,-4.261126050220563,0.9435049949714934,0.0003073627630206711,0.9837784137196486
2,95,b,1,36.82655576317459,7.932985809882295,-0.5129076124799015,5.066686270033797,8103.083731562007,0.07637958620631448
2,95,c,1,36.82655576317459,7.932985809882295,-0.5129076124799015,5.066686270033797,8103.083731562007,0.07637958620631448
2,108,b,1,52.328540945409515,7.932985809882295,-1.279330055218454,6.826606268800349,8103.083579536976,0.0684265699966532
2,108,c,1,52.328540945409515,7.932985809882295,-1.279330055218454,6.826606268800349,8103.083579536976,0.0684265699966532
2,109,b,1,5.034484535928067,7.932985809882295,-3.7699696208742983,-0.975797642410718,0.00012340980430990017,1.0437162587618296
2,109,c,1,5.034484535928067,7.932985809882295,-3.7699696208742983,-0.975797642410718,0.00012340980430990017,1.0437162587618296
2,110,b,1,8.216609079445696,7.932985809882295,-1.5542322016686265,2.1176822988152195,0.8547975737228887,0.458121825918713
2,110,c,1,8.216609079445696,7.932985809882295,-1.5542322016686265,2.1176822988152195,0.8547975737228887,0.458121825918713
2,111,b,1,19.360123828338416,7.932985809882295,-4.400777255056283,9.807853486776672,9.135607458554643,0.34616087831576386
2,111,c,1,19.360123828338416,7.932985809882295,-4.400777255056283,9.807853486776672,9.135607458554643,0.34616087831576386
2,100,b,1,77.91647786018247,7.932985809882295,-2.9465682148499313,10.495116882375005,8103.083767129115,0.06736594114172505
2,100,c,1,77.91647786018247,7.932985809882295,-2.9465682148499313,10.495116882375005,8103.083767129115,0.06736594114172505
2,101,b,1,22.457525103829212,7.932985809882295,-0.9299223315465001,5.029078195284007,1081.0377368163197,0.14372215284145742
2,101,c,1,22.457525103829212,7.932985809882295,-0.9299223315465001,5.029078195284007,1081.0377368163197,0.14372215284145742
2,102,b,1,10.937632693154601,7.932985809882295,-8.200106796691703,9.858156675688448,0.0005674523530627947,0.9598073101051161
2,102,c,1,10.937632693154601,7.932985809882295,-8.200106796691703,9.858156675688448,0.0005674523530627947,0.9598073101051161
2,103,b,1,2.4145364940964167,7.932985809882295,1.612152450830042,-1.3277901505521512,118.0527772148642,0.2086122022725547
2,103,c,1,2.4145364940964167,7.932985809882295,1.612152450830042,-1.3277901505521512,118.0527772148642,0.2086122022725547
2,116,b,1,14.86073963846817,7.932985809882295,-3.6906284327092065,7.536062278158168,7.145039432113907,0.4030371297353313
2,116,c,1,14.86073963846817,7.932985809882295,-3.6906284327092065,7.536062278158168,7.145039432113907,0.4030371297353313
2,117,b,1,10.903761658771765,7.932985809882295,-9.247159547948193,10.390172644177097,0.00012340980762135195,1.058921574575818
2,117,c,1,10.903761658771765,7.932985809882295,-9.247159547948193,10.390172644177097,0.00012340980762135195,1.058921574575818
2,118,b,1,6.523708942382561,7.932985809882295,-4.9474844896141015,1.1744333104225873,0.00012340980422623755,1.0717417352300067
2,118,c,1,6.523708942382561,7.932985809882295,-4.9474844896141015,1.1744333104225873,0.00012340980422623755,1.0717417352300067
2,119,b,1,8.748952529231499,7.932985809882295,-1.927052759151978,2.5737025188707454,0.9274742160779333,0.4764441734767855
2,119,c,1,8.748952529231499,7.932985809882295,-1.927052759151978,2.5737025188707454,0.9274742160779333,0.4764441734767855
2,112,b,1,5.302961300809821,7.932985809882295,-1.8811683016596605,-0.4876092692649179,0.022779906114595655,0.712303087688607
2,112,c,1,5.302961300809821,7.932985809882295,-1.8811683016596605,-0.4876092692649179,0.022779906114595655,0.712303087688607
2,113,b,1,10.142939223094585,7.932985809882295,-0.8226532357350588,2.680789858435736,17.198872128379936,0.3038878923004974
2,113,c,1,10.142939223094585,7.932985809882295,-0.8226532357350588,2.680789858435736,17.198872128379936,0.3038878923004974
2,114,b,1,45.478420102839664,7.932985809882295,-3.510341830606858,10.85882290353545,1405.1202022360528,0.12781015249329475
2,114,c,1,45.478420102839664,7.932985809882295,-3.510341830606858,10.85882290353545,1405.1202022360528,0.12781015249329475
2,115,b,1,34.182629394059184,7.932985809882295,-0.2913385312536555,4.5921762696470045,8103.08387793266,0.07578584366390528
2,115,c,1,34.182629394059184,7.932985809882295,-0.2913385312536555,4.5921762696470045,8103.08387793266,0.07578584366390528
2,120,b,1,14.763656118732992,7.932985809882295,-3.327203168239906,6.978575973123391,3.026487589568888,0.38076116162631934
2,120,c,1,14.763656118732992,7.932985809882295,-3.327203168239906,6.978575973123391,3.026487589568888,0.38076116162631934
2,121,b,1,3.971466254061267,7.932985809882295,2.0109587222473184,-0.24961159412522899,8103.083666822747,0.06496226716930581
2,121,c,1,3.971466254061267,7.932985809882295,2.0109587222473184,-0.24961159412522899,8103.083666822747,0.06496226716930581
2,122,b,1,37.743523185419264,7.932985809882295,-3.970644158502223,11.369659706280721,270.17687447159307,0.16619445377026038
2,122,c,1,37.743523185419264,7.932985809882295,-3.970644158502223,11.369659706280721,270.17687447159307,0.16619445377026038
2,123,b,1,4.096890114106711,7.932985809882295,-3.189590284819938,-1.874581274569081,0.00012340980425460196,1.0016894484615055
2,123,c,1,4.096890114106711,7.932985809882295,-3.189590284819938,-1.874581274569081,0.00012340980425460196,1.0016894484615055
2,128,b,1,6.855573204460261,7.932985809882295,-3.275501380265003,1.520616257085488,0.007882878424278091,0.7885221002727806
2,128,c,1,6.855573204460261,7.932985809882295,-3.275501380265003,1.520616257085488,0.007882878424278091,0.7885221002727806
2,129,b,1,9.099231423355311,7.932985809882295,-1.0568942966177635,2.239315913551408,6.240883671976233,0.3630096540869108
2,129,c,1,9.099231423355311,7.932985809882295,-1.0568942966177635,2.239315913551408,6.240883671976233,0.3630096540869108
2,130,b,1,4.894131024734639,7.932985809882295,-1.465090269028268,-0.7895804214538222,0.032964513224182375,0.6655900966429011
2,130,c,1,4.894131024734639,7.932985809882295,-1.465090269028268,-0.7895804214538222,0.032964513224182375,0.6655900966429011
2,131,b,1,33.86187381669731,7.932985809882295,-3.9509217438736184,11.066773154314314,214.7573366568034,0.1846612177082929
2,131,c,1,33.86187381669731,7.932985809882295,-3.9509217438736184,11.066773154314314,214.7573366568034,0.1846612177082929
2,124,b,1,40.760447120457385,7.932985809882295,-1.212608695917384,6.419245799955176,8103.0837411529965,0.08620746419436083
2,124,c,1,40.760447120457385,7.932985809882295,-1.212608695917384,6.419245799955176,8103.0837411529965,0.08620746419436083
2,125,b,1,12.70281394968851,7.932985809882295,-5.755873186134901,8.854867220612,0.08650562856413047,0.6340404953287814
2,125,c,1,12.70281394968851,7.932985809882295,-5.755873186134901,8.854867220612,0.08650562856413047,0.6340404953287814
2,126,b,1,7.9882156185026085,7.932985809882295,-6.649767021968968,4.033757255594558,0.00012340980486958927,1.1147844902445851
2,126,c,1,7.9882156185026085,7.932985809882295,-6.649767021968968,4.033757255594558,0.00012340980486958927,1.1147844902445851
2,127,b,1,98.17711060186217,7.932985809882295,-3.3708864578394495,11.535526713777157,8103.083861064555,0.05778655359845012
2,127,c,1,98.17711060186217,7.932985809882295,-3.3708864578394495,11.535526713777157,8103.083861064555,0.05778655359845012
2,140,b,1,3.7406359014067583,7.932985809882295,-0.6162419923621301,-1.9814388775886045,0.1104949970670495,0.6073443435333203
2,140,c,1,3.7406359014067583,7.932985809882295,-0.6162419923621301,-1.9814388775886045,0.1104949970670495,0.6073443435333203
2,141,b,1,4.366695027515747,7.932985809882295,-0.9903176915228685,-1.8255012734286766,0.09975821672346283,0.645953654258323
2,141,c,1,4.366695027515747,7.932985809882295,-0.9903176915228685,-1.8255012734286766,0.09975821672346283,0.645953654258323
2,142,b,1,8.89506244002732,7.932985809882295,-6.920775563264508,5.9348872858814605,0.00012340980434259724,1.032859975053827
2,142,c,1,8.89506244002732,7.932985809882295,-6.920775563264508,5.9348872858814605,0.00012340980434259724,1.032859975053827
2,143,b,1,41.450506050635724,7.932985809882295,-0.5815449364845009,5.3208955549564765,8103.083796255064,0.06951937387608384
2,143,c,1,41.450506050635724,7.932985809882295,-0.5815449364845009,5.3208955549564765,8103.083796255064,0.06951937387608384
2,132,b,1,5.090640294548049,7.932985809882295,-1.4833058611448595,-0.7521631886616005,0.04233871372416942,0.6566292931928339
2,132,c,1,5.090640294548049,7.932985809882295,-1.4833058611448595,-0.7521631886616005,0.04233871372416942,0.6566292931928339
2,133,b,1,62.07068774876774,7.932985809882295,-1.7263049228745972,7.862371543137263,8103.08379392245,0.06489518745370894
2,133,c,1,62.07068774876774,7.932985809882295,-1.7263049228745972,7.862371543137263,8103.08379392245,0.06489518745370894
2,134,b,1,-0.09587454728384676,7.932985809882295,2.267692076984458,-1.162971406859488,8102.877920777335,0.08950095054995225
2,134,c,1,-0.09587454728384676,7.932985809882295,2.267692076984458,-1.162971406859488,8102.877920777335,0.08950095054995225
2,135,b,1,12.522050698438187,7.932985809882295,-8.573646337078912,11.654880226630553,0.0017925134179536803,0.8684218234726151
2,135,c,1,12.522050698438187,7.932985809882295,-8.573646337078912,11.654880226630553,0.0017925134179536803,0.8684218234726151
2,136,b,1,11.841436974336425,7.932985809882295,-9.34235534833529,11.972759494889116,0.0004762956722985669,0.9832685998206929
2,136,c,1,11.841436974336425,7.932985809882295,-9.34235534833529,11.972759494889116,0.0004762956722985669,0.9832685998206929
2,137,b,1,26.238115168068717,7.932985809882295,0.4054611668627166,3.114190796823567,8103.083791794489,0.07204674836731921
2,137,c,1,26.238115168068717,7.932985809882295,0.4054611668627166,3.114190796823567,8103.083791794489,0.07204674836731921
2,138,b,1,67.15351403253564,7.932985809882295,-2.1027061586815643,8.695205255769825,8103.083532679659,0.06559212126577267
2,138,c,1,67.15351403253564,7.932985809882295,-2.1027061586815643,8.695205255769825,8103.083532679659,0.06559212126577267
2,139,b,1,7.710711166921788,7.932985809882295,-5.974299609449114,3.3630019178856623,0.00012340980461671017,1.0613985459817123
2,139,c,1,7.710711166921788,7.932985809882295,-5.974299609449114,3.3630019178856623,0.00012340980461671017,1.0613985459817123
2,144,b,1,11.50170589093667,7.932985809882295,-9.881072512722184,11.718692350026092,0.00012340980574799773,1.059129171552657
2,144,c,1,11.50170589093667,7.932985809882295,-9.881072512722184,11.718692350026092,0.00012340980574799773,1.059129171552657
2,145,b,1,79.02705312740645,7.932985809882295,-3.5442586576550266,11.677274977879932,8103.083579022909,0.07398369867937923
2,145,c,1,79.02705312740645,7.932985809882295,-3.5442586576550266,11.677274977879932,8103.083579022909,0.07398369867937923
2,146,b,1,10.14874287537347,7.932985809882295,-0.9139641945728483,2.7345469969537546,15.042842159870006,0.31281306294254274
2,146,c,1,10.14874287537347,7.932985809882295,-0.9139641945728483,2.7345469969537546,15.042842159870006,0.31281306294254274
2,147,b,1,5.165068722567319,7.932985809882295,-2.772103660006332,-0.8453550628447396,0.002047154743840781,0.8754347492771029
2,147,c,1,5.165068722567319,7.932985809882295,-2.772103660006332,-0.8453550628447396,0.002047154743840781,0.8754347492771029
2,152,b,1,5.0979629269456606,7.932985809882295,-3.8404668922354577,-0.9947759352307761,0.00012340980413261005,1.054952109176427
2,152,c,1,5.0979629269456606,7.932985809882295,-3.8404668922354577,-0.9947759352307761,0.00012340980413261005,1.054952109176427
2,153,b,1,7.536569217278756,7.932985809882295,-3.919688573335208,2.041965029959523,0.004983905642141908,0.810501616898145
2,153,c,1,7.536569217278756,7.932985809882295,-3.919688573335208,2.041965029959523,0.004983905642141908,0.810501616898145
2,154,b,1,6.9745407734178615,7.932985809882295,-1.5988386704788589,1.1769949975081426,0.415888485678786,0.5411806421060216
2,154,c,1,6.9745407734178615,7.932985809882295,-1.5988386704788589,1.1769949975081426,0.415888485678786,0.5411806421060216
2,155,b,1,7.201703599973446,7.932985809882295,-4.561926660209704,2.1854117863932814,0.0008440032632435195,0.9329707529117224
2,155,c,1,7.201703599973446,7.932985809882295,-4.561926660209704,2.1854117863932814,0.0008440032632435195,0.9329707529117224
2,148,b,1,4.2501748245662645,7.932985809882295,-2.8447238186028825,-1.9356143403576622,0.0004390892725822752,0.9587413150338604
2,148,c,1,4.2501748245662645,7.932985809882295,-2.8447238186028825,-1.9356143403576622,0.0004390892725822752,0.9587413150338604
2,149,b,1,10.463532218098656,7.932985809882295,-7.962484052645177,8.81466991800739,0.0004471135117496412,0.9803949320276134
2,149,c,1,10.463532218098656,7.932985809882295,-7.962484052645177,8.81466991800739,0.0004471135117496412,0.9803949320276134
2,150,b,1,24.38257780951117,7.932985809882295,-5.1361141353563635,11.98486549722967,16.53626503531715,0.3050585233831721
2,150,c,1,24.38257780951117,7.932985809882295,-5.1361141353563635,11.98486549722967,16.53626503531715,0.3050585233831721
2,151,b,1,9.475756102067646,7.932985809882295,-7.898118056658065,7.425530205538053,0.00012340980413149248,1.075075460159362
2,151,c,1,9.475756102067646,7.932985809882295,-7.898118056658065,7.425530205538053,0.00012340980413149248,1.075075460159362
2,156,b,1,5.863559073279216,7.932985809882295,-4.332013264941066,0.1762230859840205,0.00012340980410303575,1.0505020798399218
2,156,c,1,5.863559073279216,7.932985809882295,-4.332013264941066,0.1762230859840205,0.00012340980410303575,1.0505020798399218
2,157,b,1,21.834066693426674,7.932985809882295,-4.59995572524994,10.64352355643887,13.624896518405693,0.3160857415287412
2,157,c,1,21.834066693426674,7.932985809882295,-4.59995572524994,10.64352355643887,13.624896518405693,0.3160857415287412
2,158,b,1,17.65788317575209,7.932985809882295,1.0457045661144622,1.7588819889856575,8102.595612175656,0.07045408861094024
2,158,c,1,17.65788317575209,7.932985809882295,1.0457045661144622,1.7588819889856575,8102.595612175656,0.07045408861094024
2,159,b,1,17.16712919243683,7.932985809882295,-1.0705896373120085,4.626412099808517,182.3905264174906,0.1958911041887011
2,159,c,1,17.16712919243683,7.932985809882295,-1.0705896373120085,4.626412099808517,182.3905264174906,0.1958911041887011
2,160,b,1,3.166420363494877,7.932985809882295,1.9475064879723938,-0.5776023907955445,4208.613245630203,0.09830777482495244
2,160,c,1,3.166420363494877,7.932985809882295,1.9475064879723938,-0.5776023907955445,4208.613245630203,0.09830777482495244
2,161,b,1,6.914540703206021,7.932985809882295,-5.28350223251115,1.391275407987238,0.0001234098041085042,1.0703857055861128
2,161,c,1,6.914540703206021,7.932985809882295,-5.28350223251115,1.391275407987238,0.0001234098041085042,1.0703857055861128
2,162,b,1,67.41087591907856,7.932985809882295,-3.503526573761947,11.414405931881994,8103.021535156113,0.08612818206782845
2,162,c,1,67.41087591907856,7.932985809882295,-3.503526573761947,11.414405931881994,8103.021535156113,0.08612818206782845
2,163,b,1,8.637873083627099,7.932985809882295,-0.8900620508008934,1.938476248212746,5.257296806551271,0.3612098602837861
2,163,c,1,8.637873083627099,7.932985809882295,-0.8900620508008934,1.938476248212746,5.257296806551271,0.3612098602837861
2,164,b,1,6.012001989951689,7.932985809882295,-4.398219650620636,0.37267925303949995,0.0001234098054277114,1.0405524673728113
2,164,c,1,6.012001989951689,7.932985809882295,-4.398219650620636,0.37267925303949995,0.0001234098054277114,1.0405524673728113
2,165,b,1,9.45639484520902,7.932985809882295,-4.3062087517708845,4.632591120517814,0.02089250381879615,0.6948724844927043
2,165,c,1,9.45639484520902,7.932985809882295,-4.3062087517708845,4.632591120517814,0.02089250381879615,0.6948724844927043
2,166,b,1,46.962285205141605,7.932985809882295,-1.0954181680127861,6.3826412920708675,8101.544902385686,0.07232394285909187
2,166,c,1,46.962285205141605,7.932985809882295,-1.0954181680127861,6.3826412920708675,8101.544902385686,0.07232394285909187
2,167,b,1,-5.232160944847444,7.932985809882295,2.650412306447873,-1.8545061509302687,8103.083815245171,0.07866061182118962
2,167,c,1,-5.232160944847444,7.932985809882295,2.650412306447873,-1.8545061509302687,8103.083815245171,0.07866061182118962
2,168,b,1,5.463741919419186,7.932985809882295,-2.4858459501937107,-0.9097312310911907,0.0108519993426871,0.8173783550551664
2,168,c,1,5.463741919419186,7.932985809882295,-2.4858459501937107,-0.9097312310911907,0.0108519993426871,0.8173783550551664
2,169,b,1,8.802205082484539,7.932985809882295,-0.7934172542872014,2.0127798047701546,7.806331730065275,0.34427842150064025
2,169,c,1,8.802205082484539,7.932985809882295,-0.7934172542872014,2.0127798047701546,7.806331730065275,0.34427842150064025
2,170,b,1,11.849519499185527,7.932985809882295,-1.4276136201603864,3.802647062199372,21.74405359994055,0.31303811506028795
2,170,c,1,11.849519499185527,7.932985809882295,-1.4276136201603864,3.802647062199372,21.74405359994055,0.31303811506028795
2,171,b,1,6.582568269928138,7.932985809882295,-2.564338830571583,0.8716555616589752,0.027781967799114342,0.7109765604250615
2,171,c,1,6.582568269928138,7.932985809882295,-2.564338830571583,0.8716555616589752,0.027781967799114342,0.7109765604250615
2,172,b,1,9.041176555004803,7.932985809882295,-2.281626834130998,2.9865529101691477,0.9639083497334037,0.5023751961028387
2,172,c,1,9.041176555004803,7.932985809882295,-2.281626834130998,2.9865529101691477,0.9639083497334037,0.5023751961028387
2,173,b,1,4.9339721517966275,7.932985809882295,-1.2201990549952892,-1.1362203428468725,0.08787992349223844,0.6327462631803673
2,173,c,1,4.9339721517966275,7.932985809882295,-1.2201990549952892,-1.1362203428468725,0.08787992349223844,0.6327462631803673
2,174,b,1,60.69815883798959,7.932985809882295,-3.4288971990304415,11.164184512832975,8102.972803132439,0.09442356130778963
2,174,c,1,60.69815883798959,7.932985809882295,-3.4288971990304415,11.164184512832975,8102.972803132439,0.09442356130778963
2,175,b,1,7.875133573789424,7.932985809882295,-2.618319255612493,2.3670644543576578,0.09954097621187892,0.6129757305636003
2,175,c,1,7.875133573789424,7.932985809882295,-2.618319255612493,2.3670644543576578,0.09954097621187892,0.6129757305636003
2,176,b,1,10.919356268552267,7.932985809882295,-8.127465173800022,9.780220133900752,0.0008898318505175937,0.9548216891164538
2,176,c,1,10.919356268552267,7.932985809882295,-8.127465173800022,9.780220133900752,0.0008898318505175937,0.9548216891164538
2,177,b,1,50.0490686662875,7.932985809882295,-1.5805178278336578,7.384661448445353,8102.558142105249,0.07756739861155136
2,177,c,1,50.0490686662875,7.932985809882295,-1.5805178278336578,7.384661448445353,8102.558142105249,0.07756739861155136
2,178,b,1,6.605510583901626,7.932985809882295,-4.949867716816286,1.158827681826677,0.0001234098041671155,1.0589228252807452
2,178,c,1,6.605510583901626,7.932985809882295,-4.949867716816286,1.158827681826677,0.0001234098041671155,1.0589228252807452
2,179,b,1,11.798087851877128,7.932985809882295,-2.879327201402725,5.3010903477963565,2.0047050096727577,0.4378535254833128
2,179,c,1,11.798087851877128,7.932985809882295,-2.879327201402725,5.3010903477963565,2.0047050096727577,0.4378535254833128
2,180,b,1,10.764904341529608,7.932985809882295,-6.853278357332267,8.124823599217267,0.0029008226020519547,0.849790898067234
2,180,c,1,10.764904341529608,7.932985809882295,-6.853278357332267,8.124823599217267,0.0029008226020519547,0.849790898067234
2,181,b,1,7.897127514308122,7.932985809882295,-6.155019071595234,4.028085189790312,0.0001234098041703665,1.0611684539035406
2,181,c,1,7.897127514308122,7.932985809882295,-6.155019071595234,4.028085189790312,0.0001234098041703665,1.0611684539035406
2,182,b,1,5.53674940422934,7.932985809882295,-3.1360039587726285,-0.4868828155913776,0.0012853573956844338,0.8944200336074379
2,182,c,1,5.53674940422934,7.932985809882295,-3.1360039587726285,-0.4868828155913776,0.0012853573956844338,0.8944200336074379
2,183,b,1,8.963377383405398,7.932985809882295,-4.26167548380056,4.147254075509618,0.013264170918769176,0.726808082742089
2,183,c,1,8.963377383405398,7.932985809882295,-4.26167548380056,4.147254075509618,0.013264170918769176,0.726808082742089
2,184,b,1,9.051729325678068,7.932985809882295,-7.362043096785879,6.158041847254691,0.00012340980416515523,1.0651519579292015
2,184,c,1,9.051729325678068,7.932985809882295,-7.362043096785879,6.158041847254691,0.00012340980416515523,1.0651519579292015
2,185,b,1,5.308480853269328,7.932985809882295,-3.2894403599578363,-0.9365542313575528,0.000608401384030243,0.93977649265916
2,185,c,1,5.308480853269328,7.932985809882295,-3.2894403599578363,-0.9365542313575528,0.000608401384030243,0.93977649265916
2,186,b,1,5.731247712360743,7.932985809882295,-2.8523733541644662,-0.3917257944084776,0.004466160412325923,0.8386961857778579
2,186,c,1,5.731247712360743,7.932985809882295,-2.8523733541644662,-0.3917257944084776,0.004466160412325923,0.8386961857778579
2,187,b,1,68.66147064888652,7.932985809882295,-2.195720249136832,8.866873929615041,8103.083847216982,0.0655069621737009
2,187,c,1,68.66147064888652,7.932985809882295,-2.195720249136832,8.866873929615041,8103.083847216982,0.0655069621737009
2,188,b,1,61.28612576862458,7.932985809882295,-2.922929965239608,10.160754543799559,8103.037328914095,0.0852602916223189
2,188,c,1,61.28612576862458,7.932985809882295,-2.922929965239608,10.160754543799559,8103.037328914095,0.0852602916223189
2,189,b,1,10.301474318985122,7.932985809882295,-9.019651473788487,9.155106470350052,0.00012340980427322885,1.0986604220005336
2,189,c,1,10.301474318985122,7.932985809882295,-9.019651473788487,9.155106470350052,0.00012340980427322885,1.0986604220005336
2,190,b,1,6.1200547180585305,7.932985809882295,-0.644463848120346,0.07346069202921515,3.253923705448578,0.462280421826117
2,190,c,1,6.1200547180585305,7.932985809882295,-0.644463848120346,0.07346069202921515,3.253923705448578,0.462280421826117
2,191,b,1,63.97835026870117,7.932985809882295,-1.66039532889234,7.771785147074008,8103.083796486289,0.06192914833256038
2,191,c,1,63.97835026870117,7.932985809882295,-1.66039532889234,7.771785147074008,8103.083796486289,0.06192914833256038
2,196,b,1,55.17965493422647,7.932985809882295,-1.614750859269813,7.55203868655078,8103.083820900792,0.07097616534314376
2,196,c,1,55.17965493422647,7.932985809882295,-1.614750859269813,7.55203868655078,8103.083820900792,0.07097616534314376
2,197,b,1,13.636751228307377,7.932985809882295,-2.720431142540642,5.920503152171147,6.702700716361875,0.36758821395215546
2,197,c,1,13.636751228307377,7.932985809882295,-2.720431142540642,5.920503152171147,6.702700716361875,0.36758821395215546
2,198,b,1,53.35777634730506,7.932985809882295,-1.3732899983399625,7.046533644584798,7953.9027729850895,0.06886951543567688
2,198,c,1,53.35777634730506,7.932985809882295,-1.3732899983399625,7.046533644584798,7953.9027729850895,0.06886951543567688
2,199,b,1,24.40042681909813,7.932985809882295,-4.822406730206689,11.53310288322842,16.34538460166639,0.29196969421072894
2,199,c,1,24.40042681909813,7.932985809882295,-4.822406730206689,11.53310288322842,16.34538460166639,0.29196969421072894
2,204,b,1,60.09189066756179,7.932985809882295,-1.949810724134934,8.2443588309132,8103.083654196502,0.07075422528356994
2,204,c,1,60.09189066756179,7.932985809882295,-1.949810724134934,8.2443588309132,8103.083654196502,0.07075422528356994
2,205,b,1,5.215028864742527,7.932985809882295,-2.6990596920910415,-0.6175964897126339,0.0021054442452821064,0.8467697409869842
2,205,c,1,5.215028864742527,7.932985809882295,-2.6990596920910415,-0.6175964897126339,0.0021054442452821064,0.8467697409869842
2,206,b,1,7.514127789041016,7.932985809882295,-2.1802702814024313,1.7199244227831514,0.22734950283849742,0.5838122068902322
2,206,c,1,7.514127789041016,7.932985809882295,-2.1802702814024313,1.7199244227831514,0.22734950283849742,0.5838122068902322
2,207,b,1,65.46573079973021,7.932985809882295,-2.448912682660131,9.337927346466117,8103.083719068734,0.07257398330974962
2,207,c,1,65.46573079973021,7.932985809882295,-2.448912682660131,9.337927346466117,8103.083719068734,0.07257398330974962
2,200,b,1,9.321466895354066,7.932985809882295,-2.1661271896962617,3.1235951053279005,1.111072392509079,0.4746728645642376
2,200,c,1,9.321466895354066,7.932985809882295,-2.1661271896962617,3.1235951053279005,1.111072392509079,0.4746728645642376
2,201,b,1,48.31465710936796,7.932985809882295,-1.2599160936113196,6.748097384091011,8103.0836967793575,0.07370897914217776
2,201,c,1,48.31465710936796,7.932985809882295,-1.2599160936113196,6.748097384091011,8103.0836967793575,0.07370897914217776
2,202,b,1,48.79587904621416,7.932985809882295,-1.068513286571616,6.367157649170038,8103.08369804191,0.0690540247325315
2,202,c,1,48.79587904621416,7.932985809882295,-1.068513286571616,6.367157649170038,8103.08369804191,0.0690540247325315
2,203,b,1,5.276861377277318,7.932985809882295,-3.190522117772406,-0.8810954384154894,0.0008109663806210157,0.9315305852521021
2,203,c,1,5.276861377277318,7.932985809882295,-3.190522117772406,-0.8810954384154894,0.0008109663806210157,0.9315305852521021
2,208,b,1,45.69252072735067,7.932985809882295,-2.251508024156238,8.513357169779898,3556.4724450879485,0.09965258811298039
2,208,c,1,45.69252072735067,7.932985809882295,-2.251508024156238,8.513357169779898,3556.4724450879485,0.09965258811298039
2,209,b,1,4.5500959257913385,7.932985809882295,-3.477124147345643,-1.8726064837695633,0.00012340980423805305,1.0340582578844657
2,209,c,1,4.5500959257913385,7.932985809882295,-3.477124147345643,-1.8726064837695633,0.00012340980423805305,1.0340582578844657
2,210,b,1,21.26976683473458,7.932985809882295,-4.532514543879857,10.438558905552313,20.25959399861262,0.3213073029266917
2,210,c,1,21.26976683473458,7.932985809882295,-4.532514543879857,10.438558905552313,20.25959399861262,0.3213073029266917
2,211,b,1,4.916413308798263,7.932985809882295,-3.625223606219143,-1.1361780208703092,0.000123409804384753,1.0150770582267943
2,211,c,1,4.916413308798263,7.932985809882295,-3.625223606219143,-1.1361780208703092,0.000123409804384753,1.0150770582267943
2,192,b,1,27.495674745236666,7.932985809882295,0.3206329032166918,3.318154800827048,8103.083535443387,0.07185669695472548
2,192,c,1,27.495674745236666,7.932985809882295,0.3206329032166918,3.318154800827048,8103.083535443387,0.07185669695472548
2,193,b,1,30.82826108099171,7.932985809882295,-0.4229746779097887,4.704297622698986,3792.590454269421,0.08827123986938537
2,193,c,1,30.82826108099171,7.932985809882295,-0.4229746779097887,4.704297622698986,3792.590454269421,0.08827123986938537
2,194,b,1,4.77622074517627,7.932985809882295,-3.6983991425240292,-1.5745430209622562,0.00012340980418450685,1.0731937644668277
2,194,c,1,4.77622074517627,7.932985809882295,-3.6983991425240292,-1.5745430209622562,0.00012340980418450685,1.0731937644668277
2,195,b,1,75.06596263873058,7.932985809882295,-3.371715746847594,11.297652342882689,8103.0824142261445,0.07558880325647338
2,195,c,1,75.06596263873058,7.932985809882295,-3.371715746847594,11.297652342882689,8103.0824142261445,0.07558880325647338
2,212,b,1,4.862236398477777,7.932985809882295,-3.6664478133391487,-1.5517697028430781,0.00012340980409692237,1.0421548234991884
2,212,c,1,4.862236398477777,7.932985809882295,-3.6664478133391487,-1.5517697028430781,0.00012340980409692237,1.0421548234991884
2,213,b,1,18.24868172795781,7.932985809882295,0.9428163972488794,1.9335707067851025,8103.083689288304,0.0738799160628289
2,213,c,1,18.24868172795781,7.932985809882295,0.9428163972488794,1.9335707067851025,8103.083689288304,0.0738799160628289
2,214,b,1,6.602495825486208,7.932985809882295,-1.816631069984424,0.6944843187194354,0.179256219077208,0.6003426225115945
2,214,c,1,6.602495825486208,7.932985809882295,-1.816631069984424,0.6944843187194354,0.179256219077208,0.6003426225115945
2,215,b,1,4.763538770279047,7.932985809882295,-2.1861834031937795,-1.3628549110996542,0.0049476099877182565,0.8087030413693338
2,215,c,1,4.763538770279047,7.932985809882295,-2.1861834031937795,-1.3628549110996542,0.0049476099877182565,0.8087030413693338
2,216,b,1,82.13205392682356,7.932985809882295,-3.511204028450538,11.656552981456336,8103.083481379572,0.07078423596945502
2,216,c,1,82.13205392682356,7.932985809882295,-3.511204028450538,11.656552981456336,8103.083481379572,0.07078423596945502
2,217,b,1,14.000140297546455,7.932985809882295,-7.052434851073013,11.157310675947656,0.05391374804928738,0.6681011391116024
2,217,c,1,14.000140297546455,7.932985809882295,-7.052434851073013,11.157310675947656,0.05391374804928738,0.6681011391116024
2,218,b,1,21.45434844004684,7.932985809882295,-5.084800978647113,11.330831561254055,11.160673060936888,0.3442954783197454
2,218,c,1,21.45434844004684,7.932985809882295,-5.084800978647113,11.330831561254055,11.160673060936888,0.3442954783197454
2,219,b,1,96.28885989875651,7.932985809882295,-3.527428553070873,11.827634716527559,8103.083751106454,0.06054575139969584
2,219,c,1,96.28885989875651,7.932985809882295,-3.527428553070873,11.827634716527559,8103.083751106454,0.06054575139969584
2,228,b,1,9.234590842791926,7.932985809882295,-1.073708759978921,2.4108719834527754,8.92444864050328,0.3605940391822362
2,228,c,1,9.234590842791926,7.932985809882295,-1.073708759978921,2.4108719834527754,8.92444864050328,0.3605940391822362
2,229,b,1,6.37066593510074,7.932985809882295,-4.86759045995702,0.5591314614983136,0.00012340980449795748,1.081595604170695
2,229,c,1,6.37066593510074,7.932985809882295,-4.86759045995702,0.5591314614983136,0.00012340980449795748,1.081595604170695
2,230,b,1,4.5491190725841,7.932985809882295,-3.5578496216080295,-1.9694649368792312,0.00012340980423482373,1.0689205036866778
2,230,c,1,4.5491190725841,7.932985809882295,-3.5578496216080295,-1.9694649368792312,0.00012340980423482373,1.0689205036866778
2,231,b,1,6.28928976137024,7.932985809882295,-3.8226137768818225,0.5877842157298491,0.0010557555219955046,0.9306705022291801
2,231,c,1,6.28928976137024,7.932985809882295,-3.8226137768818225,0.5877842157298491,0.0010557555219955046,0.9306705022291801
2,220,b,1,8.317245596602142,7.932985809882295,-6.450477864528976,4.526775277452634,0.00012340980425512677,1.045471132674445
2,220,c,1,8.317245596602142,7.932985809882295,-6.450477864528976,4.526775277452634,0.00012340980425512677,1.045471132674445
2,221,b,1,13.89438808563589,7.932985809882295,-0.3158953240854443,3.1106412589888093,152.03248286895385,0.1867312210747715
2,221,c,1,13.89438808563589,7.932985809882295,-0.3158953240854443,3.1106412589888093,152.03248286895385,0.1867312210747715
2,222,b,1,77.36389659796734,7.932985809882295,-3.351574879388531,11.285802810389493,8103.083875137797,0.07308321475309805
2,222,c,1,77.36389659796734,7.932985809882295,-3.351574879388531,11.285802810389493,8103.083875137797,0.07308321475309805
2,223,b,1,4.963722371036415,7.932985809882295,-1.1888641386150791,-0.9493724614662782,0.10058490190461483,0.6254746627391016
2,223,c,1,4.963722371036415,7.932985809882295,-1.1888641386150791,-0.9493724614662782,0.10058490190461483,0.6254746627391016
2,224,b,1,47.39533857224802,7.932985809882295,-0.850953030004128,5.9337599593840356,8103.083857494059,0.06649632232094824
2,224,c,1,47.39533857224802,7.932985809882295,-0.850953030004128,5.9337599593840356,8103.083857494059,0.06649632232094824
2,225,b,1,5.782953846465992,7.932985809882295,-4.396619834807046,-0.01421700093933246,0.0001234098041605902,1.0813682624723724
2,225,c,1,5.782953846465992,7.932985809882295,-4.396619834807046,-0.01421700093933246,0.0001234098041605902,1.0813682624723724
2,226,b,1,4.710660800447645,7.932985809882295,-2.738238462833146,-1.3378452922828492,0.0012137171959344013,0.913902422895592
2,226,c,1,4.710660800447645,7.932985809882295,-2.738238462833146,-1.3378452922828492,0.0012137171959344013,0.913902422895592
2,227,b,1,33.69464368032862,7.932985809882295,-4.455252184107682,11.983926398138198,167.88022498944935,0.20055038939490746
2,227,c,1,33.69464368032862,7.932985809882295,-4.455252184107682,11.983926398138198,167.88022498944935,0.20055038939490746
2,240,b,1,12.754157391620069,7.932985809882295,-3.3246399621855285,6.2290293445251415,2.3283899408671296,0.44045777500019595
2,240,c,1,12.754157391620069,7.932985809882295,-3.3246399621855285,6.2290293445251415,2.3283899408671296,0.44045777500019595
2,241,b,1,9.142916981730881,7.932985809882295,-2.1155270937555564,3.163593007947881,0.7479836611854409,0.47704931912114573
2,241,c,1,9.142916981730881,7.932985809882295,-2.1155270937555564,3.163593007947881,0.7479836611854409,0.47704931912114573
2,242,b,1,7.140147488882607,7.932985809882295,-1.7631609308818477,1.1101620585086902,0.5709004442676432,0.5565419725954432
2,242,c,1,7.140147488882607,7.932985809882295,-1.7631609308818477,1.1101620585086902,0.5709004442676432,0.5565419725954432
2,243,b,1,17.049009736610657,7.932985809882295,1.0128159582201195,1.7625923626765414,8103.083590308082,0.07492361883218383
2,243,c,1,17.049009736610657,7.932985809882295,1.0128159582201195,1.7625923626765414,8103.083590308082,0.07492361883218383
2,232,b,1,8.422979913991552,7.932985809882295,-6.823375708643208,4.815882808378555,0.0001234098040936297,1.0787478003520248
2,232,c,1,8.422979913991552,7.932985809882295,-6.823375708643208,4.815882808378555,0.0001234098040936297,1.0787478003520248
2,233,b,1,14.143131811910571,7.932985809882295,1.0611351053887752,1.494692502807757,5574.95316726593,0.08666864092308321
2,233,c,1,14.143131811910571,7.932985809882295,1.0611351053887752,1.494692502807757,5574.95316726593,0.08666864092308321
2,234,b,1,12.781470687457528,7.932985809882295,1.0206768117969096,1.4339207591522394,3499.528968258812,0.09880690341401882
2,234,c,1,12.781470687457528,7.932985809882295,1.0206768117969096,1.4339207591522394,3499.528968258812,0.09880690341401882
2,235,b,1,4.012737439512781,7.932985809882295,-3.010421534865676,-1.9194827276831734,0.0001866652114466379,0.9862756470575577
2,235,c,1,4.012737439512781,7.932985809882295,-3.010421534865676,-1.9194827276831734,0.0001866652114466379,0.9862756470575577
2,236,b,1,6.740534159347882,7.932985809882295,-5.10429627315926,1.5810199307894275,0.0001234098041402477,1.0660686766402707
2,236,c,1,6.740534159347882,7.932985809882295,-5.10429627315926,1.5810199307894275,0.0001234098041402477,1.0660686766402707
2,237,b,1,12.638411676309712,7.932985809882295,-5.84537775064177,8.676573994756193,0.06518331681173778,0.6443349465405733
2,237,c,1,12.638411676309712,7.932985809882295,-5.84537775064177,8.676573994756193,0.06518331681173778,0.6443349465405733
2,238,b,1,49.66394967180578,7.932985809882295,-1.1792709318683179,6.600336822125685,5104.966892652383,0.0700731995397533
2,238,c,1,49.66394967180578,7.932985809882295,-1.1792709318683179,6.600336822125685,5104.966892652383,0.0700731995397533
2,239,b,1,64.70280907457261,7.932985809882295,-2.9547477172292624,10.33873005771466,8102.952200322271,0.08124992350859558
2,239,c,1,64.70280907457261,7.932985809882295,-2.9547477172292624,10.33873005771466,8102.952200322271,0.08124992350859558
2,248,b,1,3.932998632383572,7.932985809882295,-0.44485366460720766,-1.5935187956744505,0.20114453441834995,0.5532928886889862
2,248,c,1,3.932998632383572,7.932985809882295,-0.44485366460720766,-1.5935187956744505,0.20114453441834995,0.5532928886889862
2,249,b,1,5.014301342875579,7.932985809882295,-3.7327965882504683,-1.3026015875036583,0.00012340980418720413,1.0346654665541974
2,249,c,1,5.014301342875579,7.932985809882295,-3.7327965882504683,-1.3026015875036583,0.00012340980418720413,1.0346654665541974
2,250,b,1,7.317113031873043,7.932985809882295,1.7243352753211476,0.21504313183486354,8101.074575154457,0.07557574417102435
2,250,c,1,7.317113031873043,7.932985809882295,1.7243352753211476,0.21504313183486354,8101.074575154457,0.07557574417102435
2,251,b,1,7.603682654645723,7.932985809882295,-1.453130388288388,1.467993976908998,1.1389230263218795,0.4822593154461405
2,251,c,1,7.603682654645723,7.932985809882295,-1.453130388288388,1.467993976908998,1.1389230263218795,0.4822593154461405
2,252,b,1,9.903856819495257,7.932985809882295,-1.2741194877847497,2.8553151194966153,10.222258463494152,0.3575633440135081
2,252,c,1,9.903856819495257,7.932985809882295,-1.2741194877847497,2.8553151194966153,10.222258463494152,0.3575633440135081
2,253,b,1,4.513033709018132,7.932985809882295,-3.484917551247057,-1.5713827009052548,0.00012340980428029321,1.0459677093777713
2,253,c,1,4.513033709018132,7.932985809882295,-3.484917551247057,-1.5713827009052548,0.00012340980428029321,1.0459677093777713
2,254,b,1,-4.182112594975218,7.932985809882295,2.596222256016973,-1.7783036605799474,8103.083744739253,0.08464954888163984
2,254,c,1,-4.182112594975218,7.932985809882295,2.596222256016973,-1.7783036605799474,8103.083744739253,0.08464954888163984
2,255,b,1,3.883989422708365,7.932985809882295,-0.5568991342888022,-1.7545915907492247,0.14760418525289315,0.5828850963645054
2,255,c,1,3.883989422708365,7.932985809882295,-0.5568991342888022,-1.7545915907492247,0.14760418525289315,0.5828850963645054
2,260,b,1,63.152182786365195,7.932985809882295,-3.2917491967316463,10.946803267720835,3508.5184358656606,0.08858094214211966
2,260,c,1,63.152182786365195,7.932985809882295,-3.2917491967316463,10.946803267720835,3508.5184358656606,0.08858094214211966
2,261,b,1,7.333985494118892,7.932985809882295,-1.766726146745861,1.5208405100249052,0.2726338080310896,0.5367846213883247
2,261,c,1,7.333985494118892,7.932985809882295,-1.766726146745861,1.5208405100249052,0.2726338080310896,0.5367846213883247
2,262,b,1,6.813502742811336,7.932985809882295,-4.988099646516637,1.137444997733927,0.00034617730787883953,1.0482569628213527
2,262,c,1,6.813502742811336,7.932985809882295,-4.988099646516637,1.137444997733927,0.00034617730787883953,1.0482569628213527
2,263,b,1,5.521493685882713,7.932985809882295,-2.08615216765582,-0.24772455550683087,0.01691788252513657,0.7252105843022801
2,263,c,1,5.521493685882713,7.932985809882295,-2.08615216765582,-0.24772455550683087,0.01691788252513657,0.7252105843022801
2,256,b,1,66.41783934881252,7.932985809882295,-1.4408926661978043,7.374347136356301,8103.083613397576,0.0563464889187188
2,256,c,1,66.41783934881252,7.932985809882295,-1.4408926661978043,7.374347136356301,8103.083613397576,0.0563464889187188
2,257,b,1,7.752365952750551,7.932985809882295,-5.959357315851377,3.5170772212908488,0.00012340980432510305,1.0535880452520119
2,257,c,1,7.752365952750551,7.932985809882295,-5.959357315851377,3.5170772212908488,0.00012340980432510305,1.0535880452520119
2,258,b,1,10.70578296996754,7.932985809882295,-2.458271351579042,4.199995408512478,1.492348990284895,0.4420476284114988
2,258,c,1,10.70578296996754,7.932985809882295,-2.458271351579042,4.199995408512478,1.492348990284895,0.4420476284114988
2,259,b,1,5.281930153425392,7.932985809882295,-4.217802631242792,-1.2383672312417322,0.00012340980410819818,1.1339147807738892
2,259,c,1,5.281930153425392,7.932985809882295,-4.217802631242792,-1.2383672312417322,0.00012340980410819818,1.1339147807738892
2,244,b,1,46.1513852180057,7.932985809882295,-1.2859212278136565,6.739660730858429,8103.083680049968,0.07772815386347061
2,244,c,1,46.1513852180057,7.932985809882295,-1.2859212278136565,6.739660730858429,8103.083680049968,0.07772815386347061
2,245,b,1,16.948061067402353,7.932985809882295,0.5666684404047457,2.385458738411949,3161.487507111287,0.10167618402020129
2,245,c,1,16.948061067402353,7.932985809882295,0.5666684404047457,2.385458738411949,3161.487507111287,0.10167618402020129
2,246,b,1,6.740561263057361,7.932985809882295,-5.16248839813753,1.554662376303198,0.00012340980409375203,1.0765441752975524
2,246,c,1,6.740561263057361,7.932985809882295,-5.16248839813753,1.554662376303198,0.00012340980409375203,1.0765441752975524
2,247,b,1,9.798357019535466,7.932985809882295,-8.578518588050901,8.510922999330141,0.00012340980437933015,1.1098025473259792
2,247,c,1,9.798357019535466,7.932985809882295,-8.578518588050901,8.510922999330141,0.00012340980437933015,1.1098025473259792
2,264,b,1,53.697968548311074,7.932985809882295,-2.7463449291429947,9.679954707638323,8102.981371569997,0.09401922076552295
2,264,c,1,53.697968548311074,7.932985809882295,-2.7463449291429947,9.679954707638323,8102.981371569997,0.09401922076552295
2,265,b,1,11.761582185973333,7.932985809882295,0.8174631300235503,1.5420616473095992,1280.0304837104147,0.12408783109102407
2,265,c,1,11.761582185973333,7.932985809882295,0.8174631300235503,1.5420616473095992,1280.0304837104147,0.12408783109102407
2,266,b,1,7.602660240359787,7.932985809882295,-1.0002493110916844,1.4687890105166346,2.970291293617043,0.42305951101545675
2,266,c,1,7.602660240359787,7.932985809882295,-1.0002493110916844,1.4687890105166346,2.970291293617043,0.42305951101545675
2,267,b,1,7.177123517692756,7.932985809882295,-2.0578146567665256,1.4227950963340588,0.21123517629245941,0.591856729520921
2,267,c,1,7.177123517692756,7.932985809882295,-2.0578146567665256,1.4227950963340588,0.21123517629245941,0.591856729520921
2,268,b,1,6.303612586630437,7.932985809882295,-1.8951341808935536,0.6048183566354597,0.07685216753084707,0.6311369511942625
2,268,c,1,6.303612586630437,7.932985809882295,-1.8951341808935536,0.6048183566354597,0.07685216753084707,0.6311369511942625
2,269,b,1,50.76113514735046,7.932985809882295,-1.8357706594404735,7.8717310616192915,8103.083686389677,0.08151192255727144
2,269,c,1,50.76113514735046,7.932985809882295,-1.8357706594404735,7.8717310616192915,8103.083686389677,0.08151192255727144
2,270,b,1,-0.7363188261145311,7.932985809882295,2.308921937921956,-0.9826621545547554,8038.458218890405,0.07037907697715028
2,270,c,1,-0.7363188261145311,7.932985809882295,2.308921937921956,-0.9826621545547554,8038.458218890405,0.07037907697715028
2,271,b,1,12.91196277292426,7.932985809882295,-7.648447723047038,11.057582955970542,0.014628761333847166,0.770559476053469
2,271,c,1,12.91196277292426,7.932985809882295,-7.648447723047038,11.057582955970542,0.014628761333847166,0.770559476053469
2,276,b,1,11.26942135221981,7.932985809882295,-4.539934485953335,6.605168866527894,0.10008710441318633,0.6059624543964818
2,276,c,1,11.26942135221981,7.932985809882295,-4.539934485953335,6.605168866527894,0.10008710441318633,0.6059624543964818
2,277,b,1,6.848817401990284,7.932985809882295,-5.399849172447546,1.8144267612621914,0.00012340980418858806,1.100602857065373
2,277,c,1,6.848817401990284,7.932985809882295,-5.399849172447546,1.8144267612621914,0.00012340980418858806,1.100602857065373
2,278,b,1,21.72566919765686,7.932985809882295,-4.807257398654272,10.925934602093292,15.152459741122403,0.32721624450786885
2,278,c,1,21.72566919765686,7.932985809882295,-4.807257398654272,10.925934602093292,15.152459741122403,0.32721624450786885
2,279,b,1,11.581939010396159,7.932985809882295,-10.018798960638003,11.917264423280905,0.00012340980462830845,1.063704330776628
2,279,c,1,11.581939010396159,7.932985809882295,-10.018798960638003,11.917264423280905,0.00012340980462830845,1.063704330776628
2,280,b,1,5.783385312450067,7.932985809882295,-1.5695380568952215,-0.05920835001410738,0.10072253401274625,0.6237028596981391
2,280,c,1,5.783385312450067,7.932985809882295,-1.5695380568952215,-0.05920835001410738,0.10072253401274625,0.6237028596981391
2,281,b,1,6.232101946255747,7.932985809882295,-4.572336924951067,0.27290580734467323,0.00012340980592380328,1.0430088374099273
2,281,c,1,6.232101946255747,7.932985809882295,-4.572336924951067,0.27290580734467323,0.00012340980592380328,1.0430088374099273
2,282,b,1,7.012658480177337,7.932985809882295,-1.5814599740705904,1.049527071254441,0.32713451766633905,0.5330991359381072
2,282,c,1,7.012658480177337,7.932985809882295,-1.5814599740705904,1.049527071254441,0.32713451766633905,0.5330991359381072
2,283,b,1,-6.4730536173255855,7.932985809882295,2.6782243024971297,-1.7541730704528982,8103.083635203805,0.0681554526108782
2,283,c,1,-6.4730536173255855,7.932985809882295,2.6782243024971297,-1.7541730704528982,8103.083635203805,0.0681554526108782
2,272,b,1,9.53012731949413,7.932985809882295,-1.0569139882429508,2.475424795520217,30.020408851655493,0.34981640642428885
2,272,c,1,9.53012731949413,7.932985809882295,-1.0569139882429508,2.475424795520217,30.020408851655493,0.34981640642428885
2,273,b,1,10.347973863755495,7.932985809882295,-9.089524061321107,9.866199627258894,0.00012340980444249837,1.1005045798154731
2,273,c,1,10.347973863755495,7.932985809882295,-9.089524061321107,9.866199627258894,0.00012340980444249837,1.1005045798154731
2,274,b,1,34.25649417684911,7.932985809882295,-1.6881247599290656,7.071657000297954,2847.897290822089,0.11645400578004958
2,274,c,1,34.25649417684911,7.932985809882295,-1.6881247599290656,7.071657000297954,2847.897290822089,0.11645400578004958
2,275,b,1,8.83379295956273,7.932985809882295,-2.800408047555364,3.2881126241808962,0.19880272106810792,0.5714138137967701
2,275,c,1,8.83379295956273,7.932985809882295,-2.800408047555364,3.2881126241808962,0.19880272106810792,0.5714138137967701
2,284,b,1,7.607432668319395,7.932985809882295,-2.068583157075864,1.7833948903502193,0.1718700236463882,0.5583644146433991
2,284,c,1,7.607432668319395,7.932985809882295,-2.068583157075864,1.7833948903502193,0.1718700236463882,0.5583644146433991
2,285,b,1,11.357540233939492,7.932985809882295,-9.737618891592067,11.52275590889214,0.00012340980416309806,1.0599170791087555
2,285,c,1,11.357540233939492,7.932985809882295,-9.737618891592067,11.52275590889214,0.00012340980416309806,1.0599170791087555
2,286,b,1,56.43225589510799,7.932985809882295,-1.4824102910153778,7.309293629237182,8103.083798121444,0.0670533714013469
2,286,c,1,56.43225589510799,7.932985809882295,-1.4824102910153778,7.309293629237182,8103.083798121444,0.0670533714013469
2,287,b,1,37.42518153085536,7.932985809882295,-4.0987005788992095,11.551263983020823,367.0413687051533,0.1710328283551644
2,287,c,1,37.42518153085536,7.932985809882295,-4.0987005788992095,11.551263983020823,367.0413687051533,0.1710328283551644
2,288,b,1,5.103962893580775,7.932985809882295,-3.862334559858067,-1.080560106738576,0.00012340980709529795,1.0610932940792397
2,288,c,1,5.103962893580775,7.932985809882295,-3.862334559858067,-1.080560106738576,0.00012340980709529795,1.0610932940792397
2,289,b,1,7.518443023956581,7.932985809882295,-5.597166459984036,2.7544713434964656,0.00012340980425155085,1.0327366486853027
2,289,c,1,7.518443023956581,7.932985809882295,-5.597166459984036,2.7544713434964656,0.00012340980425155085,1.0327366486853027
2,290,b,1,9.9020398056064,7.932985809882295,-5.6388050755978725,6.362657321496988,0.005790383688233368,0.8000822278561608
2,290,c,1,9.9020398056064,7.932985809882295,-5.6388050755978725,6.362657321496988,0.005790383688233368,0.8000822278561608
2,291,b,1,9.922779015826881,7.932985809882295,-8.128371225292948,8.269338884944736,0.00012340980421470877,1.0501284800978072
2,291,c,1,9.922779015826881,7.932985809882295,-8.128371225292948,8.269338884944736,0.00012340980421470877,1.0501284800978072
2,296,b,1,36.6446574745736,7.932985809882295,-2.1749624530205933,8.032247336402897,1587.909164633939,0.12215674562512611
2,296,c,1,36.6446574745736,7.932985809882295,-2.1749624530205933,8.032247336402897,1587.909164633939,0.12215674562512611
2,297,b,1,11.558785913198562,7.932985809882295,-9.78400467232486,11.957410052415657,0.0001234098046638065,1.0454847364577295
2,297,c,1,11.558785913198562,7.932985809882295,-9.78400467232486,11.957410052415657,0.0001234098046638065,1.0454847364577295
2,298,b,1,7.39109270406422,7.932985809882295,-1.375988640842439,1.250938010243228,0.6403113453924716,0.4804073919974588
2,298,c,1,7.39109270406422,7.932985809882295,-1.375988640842439,1.250938010243228,0.6403113453924716,0.4804073919974588
2,299,b,1,36.97047727647277,7.932985809882295,-4.195225126984506,11.753039623504307,224.8173981658254,0.17574571527138383
2,299,c,1,36.97047727647277,7.932985809882295,-4.195225126984506,11.753039623504307,224.8173981658254,0.17574571527138383
2,292,b,1,45.46428484577006,7.932985809882295,-1.5875483810598117,7.274657743835966,8103.083806082042,0.08554435969119935
2,292,c,1,45.46428484577006,7.932985809882295,-1.5875483810598117,7.274657743835966,8103.083806082042,0.08554435969119935
2,293,b,1,10.067198097971259,7.932985809882295,-0.40374779063233657,2.2682761625035583,42.31943644468946,0.2646946284974196
2,293,c,1,10.067198097971259,7.932985809882295,-0.40374779063233657,2.2682761625035583,42.31943644468946,0.2646946284974196
2,294,b,1,41.03555610995957,7.932985809882295,-4.082502000281864,11.75227363744832,531.4789813064666,0.15559166795023094
2,294,c,1,41.03555610995957,7.932985809882295,-4.082502000281864,11.75227363744832,531.4789813064666,0.15559166795023094
2,295,b,1,7.632468085854337,7.932985809882295,-4.349970634556036,2.5614406716971168,0.003425897857221625,0.8599076543434894
2,295,c,1,7.632468085854337,7.932985809882295,-4.349970634556036,2.5614406716971168,0.003425897857221625,0.8599076543434894
3,0,b,1,0.8136871399748582,8.340147926701931,2.1178998173552053,-1.7542873423861192,2294.4629556375385,0.14054803869602006
3,0,c,1,0.8136871399748582,8.340147926701931,2.1178998173552053,-1.7542873423861192,2294.4629556375385,0.14054803869602006
3,1,b,1,10.762397110334579,8.340147926701931,-6.404578091577842,6.4892606064732625,0.003464742354282521,0.8079775978654787
3,1,c,1,10.762397110334579,8.340147926701931,-6.404578091577842,6.4892606064732625,0.003464742354282521,0.8079775978654787
3,2,b,1,32.123907720334536,8.340147926701931,-1.430331735156419,6.332972541563294,4081.5548638458354,0.11615645667962858
3,2,c,1,32.123907720334536,8.340147926701931,-1.430331735156419,6.332972541563294,4081.5548638458354,0.11615645667962858
3,3,b,1,5.55623204846956,8.340147926701931,-3.933513697691077,-1.6140452152536162,0.00012340980446743505,0.9964241205439086
3,3,c,1,5.55623204846956,8.340147926701931,-3.933513697691077,-1.6140452152536162,0.00012340980446743505,0.9964241205439086
3,4,b,1,46.80594202943247,8.340147926701931,-4.040267783945788,11.730203815900541,1605.4820902887186,0.13551003706980677
3,4,c,1,46.80594202943247,8.340147926701931,-4.040267783945788,11.730203815900541,1605.4820902887186,0.13551003706980677
3,5,b,1,4.991829075977775,8.340147926701931,-3.563523164477831,-1.9258681086116725,0.00012340980416787595,0.9763039252503298
3,5,c,1,4.991829075977775,8.340147926701931,-3.563523164477831,-1.9258681086116725,0.00012340980416787595,0.9763039252503298
3,6,b,1,8.744850269470746,8.340147926701931,-4.304107668140075,3.0033546058165133,0.01041657764504065,0.7493601799069767
3,6,c,1,8.744850269470746,8.340147926701931,-4.304107668140075,3.0033546058165133,0.01041657764504065,0.7493601799069767
3,7,b,1,14.907148192863263,8.340147926701931,-0.7587416754564178,3.556264248634566,369.01194809706635,0.2046969747354743
3,7,c,1,14.907148192863263,8.340147926701931,-0.7587416754564178,3.556264248634566,369.01194809706635,0.2046969747354743
3,12,b,1,31.248530386924315,8.340147926701931,-1.3186173300302437,6.10587936793377,4399.449725178611,0.1158316227848792
3,12,c,1,31.248530386924315,8.340147926701931,-1.3186173300302437,6.10587936793377,4399.449725178611,0.1158316227848792
3,13,b,1,9.976840578022648,8.340147926701931,-7.552369817197973,6.408986440417493,0.00033824973107829767,0.986623910331946
3,13,c,1,9.976840578022648,8.340147926701931,-7.552369817197973,6.408986440417493,0.00033824973107829767,0.986623910331946
3,14,b,1,12.145353937043215,8.340147926701931,-10.174265033958172,11.513101941844736,0.00012340981154636076,1.027179516475419
3,14,c,1,12.145353937043215,8.340147926701931,-10.174265033958172,11.513101941844736,0.00012340981154636076,1.027179516475419
3,15,b,1,20.424306638638814,8.340147926701931,-0.12325487154213888,3.458701482295515,2502.7046351416766,0.11842157236236574
3,15,c,1,20.424306638638814,8.340147926701931,-0.12325487154213888,3.458701482295515,2502.7046351416766,0.11842157236236574
3,8,b,1,14.4121443032729,8.340147926701931,-3.484936191909788,6.445260202845038,4.969583051709086,0.40118584643562843
3,8,c,1,14.4121443032729,8.340147926701931,-3.484936191909788,6.445260202845038,4.969583051709086,0.40118584643562843
3,9,b,1,46.01438530499665,8.340147926701931,-1.0037862557201889,6.101014266194245,8103.083250488717,0.0718193098089491
3,9,c,1,46.01438530499665,8.340147926701931,-1.0037862557201889,6.101014266194245,8103.083250488717,0.0718193098089491
3,10,b,1,26.54492763731364,8.340147926701931,-0.29575544584304747,4.158454272855447,8103.083908931682,0.09775845630501385
3,10,c,1,26.54492763731364,8.340147926701931,-0.29575544584304747,4.158454272855447,8103.083908931682,0.09775845630501385
3,11,b,1,15.90591344499275,8.340147926701931,-6.335043043545574,10.40733243909107,0.26289299551438916,0.5429569784542704
3,11,c,1,15.90591344499275,8.340147926701931,-6.335043043545574,10.40733243909107,0.26289299551438916,0.5429569784542704
3,16,b,1,5.28844939046207,8.340147926701931,-2.1720128450772345,-1.879027806842909,0.009032775113483636,0.7551119176603842
3,16,c,1,5.28844939046207,8.340147926701931,-2.1720128450772345,-1.879027806842909,0.009032775113483636,0.7551119176603842
3,17,b,1,6.434277419422329,8.340147926701931,-4.493661070798415,-0.47934090100382665,0.0001234098043382146,0.9933021842108252
3,17,c,1,6.434277419422329,8.340147926701931,-4.493661070798415,-0.47934090100382665,0.0001234098043382146,0.9933021842108252
3,18,b,1,26.631735992529972,8.340147926701931,-3.8836596889250243,9.882147687382592,138.238182890907,0.23226182406655452
3,18,c,1,26.631735992529972,8.340147926701931,-3.8836596889250243,9.882147687382592,138.238182890907,0.23226182406655452
3,19,b,1,6.573017279631426,8.340147926701931,-4.724000884099692,-0.24449122691063285,0.00012340980480396032,1.01993553321652
3,19,c,1,6.573017279631426,8.340147926701931,-4.724000884099692,-0.24449122691063285,0.00012340980480396032,1.01993553321652
3,20,b,1,28.20466048033064,8.340147926701931,-3.9550446278764255,10.229299269417837,255.26598915222723,0.22184786737612247
3,20,c,1,28.20466048033064,8.340147926701931,-3.9550446278764255,10.229299269417837,255.26598915222723,0.22184786737612247
3,21,b,1,9.44863542409379,8.340147926701931,-7.078441822172362,5.183488907264721,0.00012340980442064828,0.9895896584615327
3,21,c,1,9.44863542409379,8.340147926701931,-7.078441822172362,5.183488907264721,0.00012340980442064828,0.9895896584615327
3,22,b,1,10.517180359187067,8.340147926701931,1.3766194715588131,0.694049361021412,8103.082308778916,0.08634738470621924
3,22,c,1,10.517180359187067,8.340147926701931,1.3766194715588131,0.694049361021412,8103.082308778916,0.08634738470621924
3,23,b,1,5.128002350785524,8.340147926701931,-1.6379594282708023,-1.9690396845001614,0.03897487286223416,0.6911331131494952
3,23,c,1,5.128002350785524,8.340147926701931,-1.6379594282708023,-1.9690396845001614,0.03897487286223416,0.6911331131494952
3,32,b,1,8.988105576988547,8.340147926701931,-7.102297741636213,4.33516344670495,0.00012340980424124773,1.043028777658988
3,32,c,1,8.988105576988547,8.340147926701931,-7.102297741636213,4.33516344670495,0.00012340980424124773,1.043028777658988
3,33,b,1,14.372956610899724,8.340147926701931,-7.579548407750487,10.89320483353259,0.02188021906928339,0.6874531335898942
3,33,c,1,14.372956610899724,8.340147926701931,-7.579548407750487,10.89320483353259,0.02188021906928339,0.6874531335898942
3,34,b,1,9.951963608894426,8.340147926701931,-7.608707062557686,6.258618343211859,0.00012340980413531785,0.9940946656874496
3,34,c,1,9.951963608894426,8.340147926701931,-7.608707062557686,6.258618343211859,0.00012340980413531785,0.9940946656874496
3,35,b,1,7.668204302816288,8.340147926701931,-5.616558007362995,1.6866719936366845,0.00012340980429353322,1.0154340120954508
3,35,c,1,7.668204302816288,8.340147926701931,-5.616558007362995,1.6866719936366845,0.00012340980429353322,1.0154340120954508
3,24,b,1,8.16224159116565,8.340147926701931,-3.0794611958216906,1.575662919895748,0.036611183491282846,0.6474557004279405
3,24,c,1,8.16224159116565,8.340147926701931,-3.0794611958216906,1.575662919895748,0.036611183491282846,0.6474557004279405
3,25,b,1,25.166724758169924,8.340147926701931,-3.2658488638500494,8.654799958804201,267.10180701689063,0.22122416197808417
3,25,c,1,25.166724758169924,8.340147926701931,-3.2658488638500494,8.654799958804201,267.10180701689063,0.22122416197808417
3,26,b,1,7.165272872902532,8.340147926701931,-5.07177806241269,0.680778087479253,0.00012340980414578034,0.9973214365999794
3,26,c,1,7.165272872902532,8.340147926701931,-5.07177806241269,0.680778087479253,0.00012340980414578034,0.9973214365999794
3,27,b,1,8.473895674079051,8.340147926701931,-6.2522624850254305,3.076989728827156,0.0001234098041926241,1.0012628778280288
3,27,c,1,8.473895674079051,8.340147926701931,-6.2522624850254305,3.076989728827156,0.0001234098041926241,1.0012628778280288
3,28,b,1,29.670905934829225,8.340147926701931,-4.344748720630461,11.051162117270191,84.78034927459349,0.22401617125823223
3,28,c,1,29.670905934829225,8.340147926701931,-4.344748720630461,11.051162117270191,84.78034927459349,0.22401617125823223
3,29,b,1,16.428671419763198,8.340147926701931,-1.8314927567699841,5.173892403852946,72.30968129045,0.2511733384054957
3,29,c,1,16.428671419763198,8.340147926701931,-1.8314927567699841,5.173892403852946,72.30968129045,0.2511733384054957
3,30,b,1,9.603259730284707,8.340147926701931,-2.6409266501720925,2.9098955137604663,1.287303709770131,0.5121226400566391
3,30,c,1,9.603259730284707,8.340147926701931,-2.6409266501720925,2.9098955137604663,1.287303709770131,0.5121226400566391
3,31,b,1,26.153131166869915,8.340147926701931,-4.62104474880999,10.982729632207533,62.27452736273982,0.2647149336660965
3,31,c,1,26.153131166869915,8.340147926701931,-4.62104474880999,10.982729632207533,62.27452736273982,0.2647149336660965
3,40,b,1,11.874608221475935,8.340147926701931,-9.836974196086395,10.790887963868206,0.0001234098041059012,1.0221482332835095
3,40,c,1,11.874608221475935,8.340147926701931,-9.836974196086395,10.790887963868206,0.0001234098041059012,1.0221482332835095
3,41,b,1,6.770225225083101,8.340147926701931,-0.8629022510631447,0.09512230194487131,1.4813802462791388,0.44682581860527504
3,41,c,1,6.770225225083101,8.340147926701931,-0.8629022510631447,0.09512230194487131,1.4813802462791388,0.44682581860527504
3,42,b,1,20.14314365188334,8.340147926701931,-3.265017222336011,7.844768157157638,48.47175871411181,0.27629147847474483
3,42,c,1,20.14314365188334,8.340147926701931,-3.265017222336011,7.844768157157638,48.47175871411181,0.27629147847474483
3,43,b,1,37.65950835519928,8.340147926701931,-2.6379773034477703,8.737292725113406,1533.936443322591,0.1311706581297883
3,43,c,1,37.65950835519928,8.340147926701931,-2.6379773034477703,8.737292725113406,1533.936443322591,0.1311706581297883
3,44,b,1,14.322222931647303,8.340147926701931,-2.3238643614302426,5.063531146977611,14.101303840380542,0.3222882813333426
3,44,c,1,14.322222931647303,8.340147926701931,-2.3238643614302426,5.063531146977611,14.101303840380542,0.3222882813333426
3,45,b,1,6.402849122429166,8.340147926701931,-4.41563970559223,-0.5298431852429653,0.00012340980591714294,0.9809363012319411
3,45,c,1,6.402849122429166,8.340147926701931,-4.41563970559223,-0.5298431852429653,0.00012340980591714294,0.9809363012319411
3,46,b,1,41.7918434584494,8.340147926701931,-1.6249265861969064,7.115247165399797,4288.519376063783,0.09394878726075986
3,46,c,1,41.7918434584494,8.340147926701931,-1.6249265861969064,7.115247165399797,4288.519376063783,0.09394878726075986
3,47,b,1,53.27748680610476,8.340147926701931,-2.1046991079121256,8.310334550054037,7816.968272670753,0.08271271398229066
3,47,c,1,53.27748680610476,8.340147926701931,-2.1046991079121256,8.310334550054037,7816.968272670753,0.08271271398229066
3,36,b,1,37.153875792834164,8.340147926701931,-2.347548246414311,8.196139930183294,1229.966069106127,0.12512903417700014
3,36,c,1,37.153875792834164,8.340147926701931,-2.347548246414311,8.196139930183294,1229.966069106127,0.12512903417700014
3,37,b,1,18.588531937640646,8.340147926701931,-0.6248530227136042,3.942469110075787,1405.8344606596688,0.157174964786689
3,37,c,1,18.588531937640646,8.340147926701931,-0.6248530227136042,3.942469110075787,1405.8344606596688,0.157174964786689
3,38,b,1,5.794735738882509,8.340147926701931,-4.155192700950353,-1.4813982503290526,0.00012340980430824967,1.0169903788942594
3,38,c,1,5.794735738882509,8.340147926701931,-4.155192700950353,-1.4813982503290526,0.00012340980430824967,1.0169903788942594
3,39,b,1,5.870030866062566,8.340147926701931,-3.9525928933413343,-1.382431999211735,0.00022473665704614672,0.9781325614759783
3,39,c,1,5.870030866062566,8.340147926701931,-3.9525928933413343,-1.382431999211735,0.00022473665704614672,0.9781325614759783
3,52,b,1,6.990025302350114,8.340147926701931,-5.086087876541328,0.3777497287838647,0.00012340980412406968,1.024834595937664
3,52,c,1,6.990025302350114,8.340147926701931,-5.086087876541328,0.3777497287838647,0.00012340980412406968,1.024834595937664
3,53,b,1,9.747538109014727,8.340147926701931,-7.508555622682584,5.910030479459598,0.00012340980415349469,1.0044727204268216
3,53,c,1,9.747538109014727,8.340147926701931,-7.508555622682584,5.910030479459598,0.00012340980415349469,1.0044727204268216
3,54,b,1,28.95340846121323,8.340147926701931,-3.230306251386688,9.08077448538543,670.79578027911,0.19107500145009892
3,54,c,1,28.95340846121323,8.340147926701931,-3.230306251386688,9.08077448538543,670.79578027911,0.19107500145009892
3,55,b,1,48.2395211391983,8.340147926701931,-1.807695378634579,7.668609707959595,8103.083628940413,0.08519035625761304
3,55,c,1,48.2395211391983,8.340147926701931,-1.807695378634579,7.668609707959595,8103.083628940413,0.08519035625761304
3,48,b,1,12.266627708803842,8.340147926701931,-9.671756430582176,10.99933124883714,0.00012340980499858678,0.9759847702484192
3,48,c,1,12.266627708803842,8.340147926701931,-9.671756430582176,10.99933124883714,0.00012340980499858678,0.9759847702484192
3,49,b,1,3.614161942850552,8.340147926701931,1.493634275868554,-1.3261816188500055,476.73566991115115,0.20096452227936423
3,49,c,1,3.614161942850552,8.340147926701931,1.493634275868554,-1.3261816188500055,476.73566991115115,0.20096452227936423
3,50,b,1,58.268022196003805,8.340147926701931,-2.7491439861595355,9.641597779380184,8103.083813841183,0.0866931952634524
3,50,c,1,58.268022196003805,8.340147926701931,-2.7491439861595355,9.641597779380184,8103.083813841183,0.0866931952634524
3,51,b,1,11.408714973798654,8.340147926701931,-2.2091879049591276,3.845977672699365,2.651350790116562,0.3930721903285992
3,51,c,1,11.408714973798654,8.340147926701931,-2.2091879049591276,3.845977672699365,2.651350790116562,0.3930721903285992
3,56,b,1,4.692450071922757,8.340147926701931,1.1528923946722478,-1.068369761370056,343.1115416201372,0.23024427155304286
3,56,c,1,4.692450071922757,8.340147926701931,1.1528923946722478,-1.068369761370056,343.1115416201372,0.23024427155304286
3,57,b,1,36.81571004311139,8.340147926701931,-0.8441468235081839,5.521810490603139,8103.083906512143,0.08541995716163418
3,57,c,1,36.81571004311139,8.340147926701931,-0.8441468235081839,5.521810490603139,8103.083906512143,0.08541995716163418
3,58,b,1,60.809811603955254,8.340147926701931,-3.0807547772870185,10.350484940295804,8070.6269570402565,0.08852408119544171
3,58,c,1,60.809811603955254,8.340147926701931,-3.0807547772870185,10.350484940295804,8070.6269570402565,0.08852408119544171
3,59,b,1,7.764290967184712,8.340147926701931,-5.770455878368362,1.6172074015251316,0.00012340980412581335,1.025121764463708
3,59,c,1,7.764290967184712,8.340147926701931,-5.770455878368362,1.6172074015251316,0.00012340980412581335,1.025121764463708
3,76,b,1,5.531745139468505,8.340147926701931,-0.9980175438469737,-1.1227233503846228,0.3164320322063486,0.5487991486867639
3,76,c,1,5.531745139468505,8.340147926701931,-0.9980175438469737,-1.1227233503846228,0.3164320322063486,0.5487991486867639
3,77,b,1,6.262196651058228,8.340147926701931,-4.527402261523726,-0.7149993653667475,0.0001234098041623071,1.0281041327774707
3,77,c,1,6.262196651058228,8.340147926701931,-4.527402261523726,-0.7149993653667475,0.0001234098041623071,1.0281041327774707
3,78,b,1,48.51795421104082,8.340147926701931,-1.4469778854849258,6.96736751245831,6650.088685239792,0.07725786851927101
3,78,c,1,48.51795421104082,8.340147926701931,-1.4469778854849258,6.96736751245831,6650.088685239792,0.07725786851927101
3,79,b,1,8.871750474728367,8.340147926701931,-1.0258987250228802,1.5923147350781206,8.371472120806882,0.36951882015775034
3,79,c,1,8.871750474728367,8.340147926701931,-1.0258987250228802,1.5923147350781206,8.371472120806882,0.36951882015775034
3,60,b,1,37.19446535729447,8.340147926701931,-1.4073288430099007,6.5532775955158,7305.93446784002,0.09971250415094048
3,60,c,1,37.19446535729447,8.340147926701931,-1.4073288430099007,6.5532775955158,7305.93446784002,0.09971250415094048
3,61,b,1,7.798084922712952,8.340147926701931,-3.3504797424094113,1.2965404954004376,0.016233770085868914,0.7106337520923195
3,61,c,1,7.798084922712952,8.340147926701931,-3.3504797424094113,1.2965404954004376,0.016233770085868914,0.7106337520923195
3,62,b,1,54.4588236907394,8.340147926701931,-2.3984829166820685,8.902407644268337,8093.673788635974,0.08631583306418364
3,62,c,1,54.4588236907394,8.340147926701931,-2.3984829166820685,8.902407644268337,8093.673788635974,0.08631583306418364
3,63,b,1,18.16738868436777,8.340147926701931,0.6441853577992371,2.2235053687733703,8103.083837139922,0.09081249467043734
3,63,c,1,18.16738868436777,8.340147926701931,0.6441853577992371,2.2235053687733703,8103.083837139922,0.09081249467043734
3,72,b,1,30.016370206499875,8.340147926701931,-4.903823529815643,11.999992061355583,205.0353156539282,0.24007561947323858
3,72,c,1,30.016370206499875,8.340147926701931,-4.903823529815643,11.999992061355583,205.0353156539282,0.24007561947323858
3,73,b,1,11.894964583635096,8.340147926701931,-9.436036828831963,10.560583794875324,0.00012340980479912214,0.9866116740561129
3,73,c,1,11.894964583635096,8.340147926701931,-9.436036828831963,10.560583794875324,0.00012340980479912214,0.9866116740561129
3,74,b,1,15.354758473704615,8.340147926701931,-3.379174355187496,6.694538388132472,6.013826147099894,0.36966574416929565
3,74,c,1,15.354758473704615,8.340147926701931,-3.379174355187496,6.694538388132472,6.013826147099894,0.36966574416929565
3,75,b,1,6.816130635734486,8.340147926701931,-4.112397086298564,-0.07630637403318877,0.0005523863665287869,0.8998753090673318
3,75,c,1,6.816130635734486,8.340147926701931,-4.112397086298564,-0.07630637403318877,0.0005523863665287869,0.8998753090673318
3,68,b,1,64.49093068009944,8.340147926701931,-3.0437652251552967,10.347195548062064,8101.8313163296125,0.08289748184993037
3,68,c,1,64.49093068009944,8.340147926701931,-3.0437652251552967,10.347195548062064,8101.8313163296125,0.08289748184993037
3,69,b,1,9.751394567742555,8.340147926701931,-3.23273738232493,3.49499518628652,0.1495275667566761,0.5634046597175031
3,69,c,1,9.751394567742555,8.340147926701931,-3.23273738232493,3.49499518628652,0.1495275667566761,0.5634046597175031
3,70,b,1,19.486200359447245,8.340147926701931,-2.12464425365269,6.13076138520811,224.47760247505497,0.22703234015888973
3,70,c,1,19.486200359447245,8.340147926701931,-2.12464425365269,6.13076138520811,224.47760247505497,0.22703234015888973
3,71,b,1,42.99668815008529,8.340147926701931,-2.4081209341516345,8.557807776529195,2327.465973352751,0.10954216094331312
3,71,c,1,42.99668815008529,8.340147926701931,-2.4081209341516345,8.557807776529195,2327.465973352751,0.10954216094331312
3,80,b,1,7.121502321179787,8.340147926701931,-5.050051585795551,0.5347497301541293,0.00012340980424509876,0.9996994675459588
3,80,c,1,7.121502321179787,8.340147926701931,-5.050051585795551,0.5347497301541293,0.00012340980424509876,0.9996994675459588
3,81,b,1,10.964704274330078,8.340147926701931,-6.2837712906597485,6.734418690315403,0.005834577658239015,0.7821874791089963
3,81,c,1,10.964704274330078,8.340147926701931,-6.2837712906597485,6.734418690315403,0.005834577658239015,0.7821874791089963
3,82,b,1,5.544695521428735,8.340147926701931,-3.900758154465157,-1.4375470292722925,0.00012340980470815598,0.9885587305626866
3,82,c,1,5.544695521428735,8.340147926701931,-3.900758154465157,-1.4375470292722925,0.00012340980470815598,0.9885587305626866
3,83,b,1,19.56860447240251,8.340147926701931,-1.10925374955734,4.750749149588383,598.7391427108537,0.17407355581335388
3,83,c,1,19.56860447240251,8.340147926701931,-1.10925374955734,4.750749149588383,598.7391427108537,0.17407355581335388
3,64,b,1,48.58412074519708,8.340147926701931,-2.578602286888194,9.049281974719626,8103.083825735365,0.10046174941610418
3,64,c,1,48.58412074519708,8.340147926701931,-2.578602286888194,9.049281974719626,8103.083825735365,0.10046174941610418
3,65,b,1,20.74805281958683,8.340147926701931,-4.507399758835505,9.767996941170956,9.898395367650295,0.3281543814004832
3,65,c,1,20.74805281958683,8.340147926701931,-4.507399758835505,9.767996941170956,9.898395367650295,0.3281543814004832
3,66,b,1,48.24185820335309,8.340147926701931,-3.2331728979679975,10.26480336147512,3753.612572423056,0.1147446919399866
3,66,c,1,48.24185820335309,8.340147926701931,-3.2331728979679975,10.26480336147512,3753.612572423056,0.1147446919399866
3,67,b,1,12.572791131643479,8.340147926701931,-10.002816530354561,11.694747834174166,0.00012340980409390065,0.9786013255915996
3,67,c,1,12.572791131643479,8.340147926701931,-10.002816530354561,11.694747834174166,0.00012340980409390065,0.9786013255915996
3,88,b,1,23.175624106866902,8.340147926701931,-0.17114182123023364,3.727359518761462,4940.072673624743,0.10652865036158926
3,88,c,1,23.175624106866902,8.340147926701931,-0.17114182123023364,3.727359518761462,4940.072673624743,0.10652865036158926
3,89,b,1,4.344042697617068,8.340147926701931,1.885737435728005,-0.44948189738118605,8103.0831040929725,0.08912774540481554
3,89,c,1,4.344042697617068,8.340147926701931,1.885737435728005,-0.44948189738118605,8103.0831040929725,0.08912774540481554
3,90,b,1,8.889503703367662,8.340147926701931,-6.577931530274718,4.2463544734788154,0.00012340980422267676,0.9932824184998275
3,90,c,1,8.889503703367662,8.340147926701931,-6.577931530274718,4.2463544734788154,0.00012340980422267676,0.9932824184998275
3,91,b,1,48.473865458407516,8.340147926701931,-2.5166401035766413,8.964719021062763,7270.170805026872,0.09941112479868189
3,91,c,1,48.473865458407516,8.340147926701931,-2.5166401035766413,8.964719021062763,7270.170805026872,0.09941112479868189
3,84,b,1,44.04618047394789,8.340147926701931,-1.768000722051442,7.442167175220188,8103.083722727824,0.09239887290766526
3,84,c,1,44.04618047394789,8.340147926701931,-1.768000722051442,7.442167175220188,8103.083722727824,0.09239887290766526
3,85,b,1,16.853713106931206,8.340147926701931,-1.1927466493330947,4.417229571215147,228.444682525455,0.20690971947654963
3,85,c,1,16.853713106931206,8.340147926701931,-1.1927466493330947,4.417229571215147,228.444682525455,0.20690971947654963
3,86,b,1,40.779341170807406,8.340147926701931,-0.8798503267831489,5.717501397105659,8093.636443417178,0.07799455762406235
3,86,c,1,40.779341170807406,8.340147926701931,-0.8798503267831489,5.717501397105659,8093.636443417178,0.07799455762406235
3,87,b,1,26.203126130623147,8.340147926701931,-1.1412129866996188,5.4671322330884635,3332.975977175552,0.13134141871169758
3,87,c,1,26.203126130623147,8.340147926701931,-1.1412129866996188,5.4671322330884635,3332.975977175552,0.13134141871169758
3,100,b,1,12.077581241344411,8.340147926701931,-10.015145311371928,11.200872864115592,0.00012340980423147975,1.0197488089195357
3,100,c,1,12.077581241344411,8.340147926701931,-10.015145311371928,11.200872864115592,0.00012340980423147975,1.0197488089195357
3,101,b,1,9.338405304853103,8.340147926701931,-2.5937309959156947,2.694208583026397,0.3829453434633218,0.5190794336650726
3,101,c,1,9.338405304853103,8.340147926701931,-2.5937309959156947,2.694208583026397,0.3829453434633218,0.5190794336650726
3,102,b,1,12.547949946297695,8.340147926701931,-9.986696685263407,11.606650158587389,0.0002968234485237118,0.9792993756370701
3,102,c,1,12.547949946297695,8.340147926701931,-9.986696685263407,11.606650158587389,0.0002968234485237118,0.9792993756370701
3,103,b,1,10.179347239759219,8.340147926701931,-7.760902085042826,6.820399631836992,0.00012340980419129873,0.9870911915453089
3,103,c,1,10.179347239759219,8.340147926701931,-7.760902085042826,6.820399631836992,0.00012340980419129873,0.9870911915453089
3,92,b,1,24.411672998240302,8.340147926701931,-1.0269611569097763,5.143075718946093,1236.6489299978875,0.1362225150301843
3,92,c,1,24.411672998240302,8.340147926701931,-1.0269611569097763,5.143075718946093,1236.6489299978875,0.1362225150301843
3,93,b,1,35.51535906582033,8.340147926701931,-0.8748467598343046,5.545863445157368,7733.477720292769,0.08941231574047126
3,93,c,1,35.51535906582033,8.340147926701931,-0.8748467598343046,5.545863445157368,7733.477720292769,0.08941231574047126
3,94,b,1,5.4271904435224165,8.340147926701931,-1.1964004645358128,-1.4069477038979288,0.1990041599627186,0.5942728786781507
3,94,c,1,5.4271904435224165,8.340147926701931,-1.1964004645358128,-1.4069477038979288,0.1990041599627186,0.5942728786781507
3,95,b,1,8.031258259453965,8.340147926701931,1.094617367213441,0.401041117259193,921.9294181591404,0.14544279895887174
3,95,c,1,8.031258259453965,8.340147926701931,1.094617367213441,0.401041117259193,921.9294181591404,0.14544279895887174
3,104,b,1,4.829884777298526,8.340147926701931,-1.7898315822110369,-1.9204567684247478,0.00981471045537918,0.7084945512662264
3,104,c,1,4.829884777298526,8.340147926701931,-1.7898315822110369,-1.9204567684247478,0.00981471045537918,0.7084945512662264
3,105,b,1,3.6980522420363204,8.340147926701931,0.5979076048380835,-1.8841809590778253,4.521828202626524,0.3677215376010676
3,105,c,1,3.6980522420363204,8.340147926701931,0.5979076048380835,-1.8841809590778253,4.521828202626524,0.3677215376010676
3,106,b,1,11.069345611071274,8.340147926701931,-5.6624988198647,6.433103614828843,0.010918517917537158,0.7183451811952419
3,106,c,1,11.069345611071274,8.340147926701931,-5.6624988198647,6.433103614828843,0.010918517917537158,0.7183451811952419
3,107,b,1,43.52161911891457,8.340147926701931,-0.9623727728531699,5.9572706322045725,8103.082196435857,0.07497970461527334
3,107,c,1,43.52161911891457,8.340147926701931,-0.9623727728531699,5.9572706322045725,8103.082196435857,0.07497970461527334
3,96,b,1,34.84000683484341,8.340147926701931,-2.8451693401097344,8.958320668822648,780.1080221756705,0.14772990972822872
3,96,c,1,34.84000683484341,8.340147926701931,-2.8451693401097344,8.958320668822648,780.1080221756705,0.14772990972822872
3,97,b,1,12.396783120930515,8.340147926701931,-1.8638233890294678,3.951376512276113,18.959586172730184,0.3349235852036868
3,97,c,1,12.396783120930515,8.340147926701931,-1.8638233890294678,3.951376512276113,18.959586172730184,0.3349235852036868
3,98,b,1,16.07917601693858,8.340147926701931,-1.1008323558630142,4.153447954349903,178.57040877876182,0.21103885310795692
3,98,c,1,16.07917601693858,8.340147926701931,-1.1008323558630142,4.153447954349903,178.57040877876182,0.21103885310795692
3,99,b,1,31.608301359119125,8.340147926701931,-0.2647077149117957,4.3500813693572695,8103.083061207414,0.08111279901651611
3,99,c,1,31.608301359119125,8.340147926701931,-0.2647077149117957,4.3500813693572695,8103.083061207414,0.08111279901651611
3,108,b,1,6.601710659276825,8.340147926701931,-1.6809562313916286,-0.022855309349010873,0.09239547654877463,0.5659032103273722
3,108,c,1,6.601710659276825,8.340147926701931,-1.6809562313916286,-0.022855309349010873,0.09239547654877463,0.5659032103273722
3,109,b,1,50.65725784674576,8.340147926701931,-2.027733129079528,8.103972542557965,8103.083631422034,0.08547098252713868
3,109,c,1,50.65725784674576,8.340147926701931,-2.027733129079528,8.103972542557965,8103.083631422034,0.08547098252713868
3,110,b,1,1.2558556686244193,8.340147926701931,2.158142953250987,-0.978899514392484,8102.990324502658,0.0839896339606386
3,110,c,1,1.2558556686244193,8.340147926701931,2.158142953250987,-0.978899514392484,8102.990324502658,0.0839896339606386
3,111,b,1,5.772066554164719,8.340147926701931,-3.0778174358465873,-1.5070172487600333,0.0018781479909552037,0.8580890759194828
3,111,c,1,5.772066554164719,8.340147926701931,-3.0778174358465873,-1.5070172487600333,0.0018781479909552037,0.8580890759194828
3,112,b,1,9.186794231523544,8.340147926701931,-2.207764312081685,2.408754341712183,0.5720518667214839,0.48454842023098177
3,112,c,1,9.186794231523544,8.340147926701931,-2.207764312081685,2.408754341712183,0.5720518667214839,0.48454842023098177
3,113,b,1,8.310499069728596,8.340147926701931,-2.5103532983020136,1.7506162565823808,0.27131745411313335,0.5715351084839914
3,113,c,1,8.310499069728596,8.340147926701931,-2.5103532983020136,1.7506162565823808,0.27131745411313335,0.5715351084839914
3,114,b,1,59.18306584199921,8.340147926701931,-2.5989079133470536,9.373209383803076,7145.996777332625,0.08281315735430467
3,114,c,1,59.18306584199921,8.340147926701931,-2.5989079133470536,9.373209383803076,7145.996777332625,0.08281315735430467
3,115,b,1,49.64380307196343,8.340147926701931,-2.9196445538696087,9.74707428256572,4742.4496715397345,0.10518759280579569
3,115,c,1,49.64380307196343,8.340147926701931,-2.9196445538696087,9.74707428256572,4742.4496715397345,0.10518759280579569
3,128,b,1,22.30411154532466,8.340147926701931,-1.370211209761154,5.4226314755745655,1060.0511743133811,0.16452724589105922
3,128,c,1,22.30411154532466,8.340147926701931,-1.370211209761154,5.4226314755745655,1060.0511743133811,0.16452724589105922
3,129,b,1,12.141280636461182,8.340147926701931,-6.794701656128149,8.299763565330611,0.00771048888440957,0.7488599736686697
3,129,c,1,12.141280636461182,8.340147926701931,-6.794701656128149,8.299763565330611,0.00771048888440957,0.7488599736686697
3,130,b,1,13.6029715156776,8.340147926701931,-6.467435360621064,9.133637532262082,0.04402387838082448,0.6444930396436098
3,130,c,1,13.6029715156776,8.340147926701931,-6.467435360621064,9.133637532262082,0.04402387838082448,0.6444930396436098
3,131,b,1,5.712421003251574,8.340147926701931,-4.167077460165892,-1.9647767560328675,0.00012340980411893116,1.0348636245070246
3,131,c,1,5.712421003251574,8.340147926701931,-4.167077460165892,-1.9647767560328675,0.00012340980411893116,1.0348636245070246
3,116,b,1,6.7369735225161556,8.340147926701931,-4.757481402703283,0.1076878895842685,0.00012340980434276736,1.0016467220962684
3,116,c,1,6.7369735225161556,8.340147926701931,-4.757481402703283,0.1076878895842685,0.00012340980434276736,1.0016467220962684
3,117,b,1,5.726775801890668,8.340147926701931,-4.0828114342378665,-1.3817516552095634,0.00012340980420089703,1.0092308584297915
3,117,c,1,5.726775801890668,8.340147926701931,-4.0828114342378665,-1.3817516552095634,0.00012340980420089703,1.0092308584297915
3,118,b,1,8.502505724988051,8.340147926701931,-1.8264652667874954,1.6025243761294612,0.6494281793588578,0.47610869213622065
3,118,c,1,8.502505724988051,8.340147926701931,-1.8264652667874954,1.6025243761294612,0.6494281793588578,0.47610869213622065
3,119,b,1,48.42410512556025,8.340147926701931,-2.666875151094091,9.199135487425586,8103.083426078193,0.10261722912586996
3,119,c,1,48.42410512556025,8.340147926701931,-2.666875151094091,9.199135487425586,8103.083426078193,0.10261722912586996
3,132,b,1,5.549546428661417,8.340147926701931,-1.5809561887666568,-1.3016702121908594,0.061101127335812744,0.6392860602298471
3,132,c,1,5.549546428661417,8.340147926701931,-1.5809561887666568,-1.3016702121908594,0.061101127335812744,0.6392860602298471
3,133,b,1,11.98579195178669,8.340147926701931,1.1587648716414551,1.0371736795213677,8101.973675892416,0.09423455989673514
3,133,c,1,11.98579195178669,8.340147926701931,1.1587648716414551,1.0371736795213677,8101.973675892416,0.09423455989673514
3,134,b,1,5.230429012205458,8.340147926701931,-0.029575635264807717,-1.200594462891381,4.086349136008439,0.4087294483718164
3,134,c,1,5.230429012205458,8.340147926701931,-0.029575635264807717,-1.200594462891381,4.086349136008439,0.4087294483718164
3,135,b,1,39.346052947647074,8.340147926701931,-2.260067798048267,8.157743203135745,2583.2766061333614,0.11594100459909754
3,135,c,1,39.346052947647074,8.340147926701931,-2.260067798048267,8.157743203135745,2583.2766061333614,0.11594100459909754
3,136,b,1,5.36829646553834,8.340147926701931,-1.525803440354129,-1.4957229338625644,0.06617272293392756,0.6496423017144918
3,136,c,1,5.36829646553834,8.340147926701931,-1.525803440354129,-1.4957229338625644,0.06617272293392756,0.6496423017144918
3,137,b,1,30.4821608614925,8.340147926701931,-3.557546866284726,9.814602666757505,506.85673298156155,0.19223108246781473
3,137,c,1,30.4821608614925,8.340147926701931,-3.557546866284726,9.814602666757505,506.85673298156155,0.19223108246781473
3,138,b,1,8.004616472714476,8.340147926701931,-4.782852000085443,2.009949657581986,0.0011285075242394068,0.8725565887773888
3,138,c,1,8.004616472714476,8.340147926701931,-4.782852000085443,2.009949657581986,0.0011285075242394068,0.8725565887773888
3,139,b,1,8.634547148497179,8.340147926701931,-5.215258062594313,3.0451843649976693,0.0012611567277856612,0.8634908882227288
3,139,c,1,8.634547148497179,8.340147926701931,-5.215258062594313,3.0451843649976693,0.0012611567277856612,0.8634908882227288
3,124,b,1,7.23500192402075,8.340147926701931,-2.9707050904976233,0.6577984785244798,0.01705187760451454,0.7068900097933852
3,124,c,1,7.23500192402075,8.340147926701931,-2.9707050904976233,0.6577984785244798,0.01705187760451454,0.7068900097933852
3,125,b,1,10.712171309139404,8.340147926701931,-1.3364318952006609,2.7465745897939176,19.504285500266587,0.3374576120251997
3,125,c,1,10.712171309139404,8.340147926701931,-1.3364318952006609,2.7465745897939176,19.504285500266587,0.3374576120251997
3,126,b,1,27.539248573511248,8.340147926701931,-2.5628852962294717,7.8723252578748735,464.19867808742777,0.17662139470597613
3,126,c,1,27.539248573511248,8.340147926701931,-2.5628852962294717,7.8723252578748735,464.19867808742777,0.17662139470597613
3,127,b,1,61.538907783037764,8.340147926701931,-2.0405929854327165,8.366323520998865,8103.083488729147,0.0705666250071867
3,127,c,1,61.538907783037764,8.340147926701931,-2.0405929854327165,8.366323520998865,8103.083488729147,0.0705666250071867
3,144,b,1,7.1262193482319,8.340147926701931,-5.10409850206509,0.6104801223703844,0.00012340980414135474,1.0083370539797598
3,144,c,1,7.1262193482319,8.340147926701931,-5.10409850206509,0.6104801223703844,0.00012340980414135474,1.0083370539797598
3,145,b,1,16.93942815060797,8.340147926701931,-3.9135614751545544,7.957255733085816,6.132889325823935,0.36677027346326674
3,145,c,1,16.93942815060797,8.340147926701931,-3.9135614751545544,7.957255733085816,6.132889325823935,0.36677027346326674
3,146,b,1,40.68465402312094,8.340147926701931,-3.9292661900340446,11.186742727599928,950.3007106876546,0.15316814165614476
3,146,c,1,40.68465402312094,8.340147926701931,-3.9292661900340446,11.186742727599928,950.3007106876546,0.15316814165614476
3,147,b,1,10.331494366094606,8.340147926701931,-4.9926718805956405,4.998655867646079,0.013065148096603635,0.7037890279084229
3,147,c,1,10.331494366094606,8.340147926701931,-4.9926718805956405,4.998655867646079,0.013065148096603635,0.7037890279084229
3,120,b,1,11.809961208212645,8.340147926701931,-7.270188300108559,8.440073962336161,0.0036245461142494265,0.8101710294307589
3,120,c,1,11.809961208212645,8.340147926701931,-7.270188300108559,8.440073962336161,0.0036245461142494265,0.8101710294307589
3,121,b,1,43.37608593487939,8.340147926701931,-1.069416346833803,6.137839840287151,8103.079940971591,0.07770309887932285
3,121,c,1,43.37608593487939,8.340147926701931,-1.069416346833803,6.137839840287151,8103.079940971591,0.07770309887932285
3,122,b,1,33.15638776340845,8.340147926701931,-4.038290503265445,10.836949698442908,604.7618589778077,0.1912326863794382
3,122,c,1,33.15638776340845,8.340147926701931,-4.038290503265445,10.836949698442908,604.7618589778077,0.1912326863794382
3,123,b,1,20.497562559484283,8.340147926701931,-3.9272962852153652,8.881808882189738,18.02485785458698,0.30384106357453305
3,123,c,1,20.497562559484283,8.340147926701931,-3.9272962852153652,8.881808882189738,18.02485785458698,0.30384106357453305
3,140,b,1,12.018967142726924,8.340147926701931,-9.877869889144598,10.771891068705814,0.0001234098052503222,1.0132803825687087
3,140,c,1,12.018967142726924,8.340147926701931,-9.877869889144598,10.771891068705814,0.0001234098052503222,1.0132803825687087
3,141,b,1,29.013841232504543,8.340147926701931,-2.9479099013683268,8.621643859252742,796.9893280171912,0.18093922939464038
3,141,c,1,29.013841232504543,8.340147926701931,-2.9479099013683268,8.621643859252742,796.9893280171912,0.18093922939464038
3,142,b,1,4.375081606842558,8.340147926701931,0.6671039706094836,-1.6551668650414768,23.79839718371507,0.3368580797936753
3,142,c,1,4.375081606842558,8.340147926701931,0.6671039706094836,-1.6551668650414768,23.79839718371507,0.3368580797936753
3,143,b,1,4.763904975760207,8.340147926701931,0.15707192886954824,-1.4432271273577766,3.8057938965574327,0.39947038669490303
3,143,c,1,4.763904975760207,8.340147926701931,0.15707192886954824,-1.4432271273577766,3.8057938965574327,0.39947038669490303
3,148,b,1,12.49144581459293,8.340147926701931,-10.09531780697247,11.839827079656807,0.00012340980413719658,0.9923909086710252
3,148,c,1,12.49144581459293,8.340147926701931,-10.09531780697247,11.839827079656807,0.00012340980413719658,0.9923909086710252
3,149,b,1,6.659096525939243,8.340147926701931,-4.679612385817257,-0.1490001987771064,0.00012340980656777036,0.9979071906597612
3,149,c,1,6.659096525939243,8.340147926701931,-4.679612385817257,-0.1490001987771064,0.00012340980656777036,0.9979071906597612
3,150,b,1,22.80220304600834,8.340147926701931,-1.1179916768790972,5.165822078233827,697.0448441713894,0.1497907169533147
3,150,c,1,22.80220304600834,8.340147926701931,-1.1179916768790972,5.165822078233827,697.0448441713894,0.1497907169533147
3,151,b,1,58.615258159504066,8.340147926701931,-2.9253560652678043,10.001537581507396,8103.083707585888,0.0891866692556817
3,151,c,1,58.615258159504066,8.340147926701931,-2.9253560652678043,10.001537581507396,8103.083707585888,0.0891866692556817
3,152,b,1,25.454763717176093,8.340147926701931,-0.2617850743389354,4.050306342707781,4956.731651751397,0.10056819864320882
3,152,c,1,25.454763717176093,8.340147926701931,-0.2617850743389354,4.050306342707781,4956.731651751397,0.10056819864320882
3,153,b,1,11.74772040984389,8.340147926701931,-9.553550264572323,10.255750100571113,0.00012340980536442304,1.0090082747620863
3,153,c,1,11.74772040984389,8.340147926701931,-9.553550264572323,10.255750100571113,0.00012340980536442304,1.0090082747620863
3,154,b,1,31.627972584113717,8.340147926701931,-0.5573771526968316,4.835283855606795,3599.9099941174227,0.09030278188883385
3,154,c,1,31.627972584113717,8.340147926701931,-0.5573771526968316,4.835283855606795,3599.9099941174227,0.09030278188883385
3,155,b,1,9.984352848930264,8.340147926701931,-5.37187760287303,4.98054938543955,0.004216587696515125,0.7657453408088506
3,155,c,1,9.984352848930264,8.340147926701931,-5.37187760287303,4.98054938543955,0.004216587696515125,0.7657453408088506
3,160,b,1,8.035702738096253,8.340147926701931,-5.978263328574587,2.3122452260675415,0.00012340980431272986,1.019010812307506
3,160,c,1,8.035702738096253,8.340147926701931,-5.978263328574587,2.3122452260675415,0.00012340980431272986,1.019010812307506
3,161,b,1,10.70752052300284,8.340147926701931,-5.028985752934403,5.406429232589846,0.025037488508471567,0.6831466666932624
3,161,c,1,10.70752052300284,8.340147926701931,-5.028985752934403,5.406429232589846,0.025037488508471567,0.6831466666932624
3,162,b,1,38.8798105847132,8.340147926701931,-2.7235983519160056,8.953635686872175,2232.4734435370638,0.12926041514239323
3,162,c,1,38.8798105847132,8.340147926701931,-2.7235983519160056,8.953635686872175,2232.4734435370638,0.12926041514239323
3,163,b,1,10.45833900155784,8.340147926701931,-8.327278380724138,7.638164486834805,0.0001234098041439608,1.0155571966778947
3,163,c,1,10.45833900155784,8.340147926701931,-8.327278380724138,7.638164486834805,0.0001234098041439608,1.0155571966778947
3,156,b,1,34.83666469598404,8.340147926701931,-3.3969869266589203,9.861560527337925,947.0545419080701,0.16359577631356842
3,156,c,1,34.83666469598404,8.340147926701931,-3.3969869266589203,9.861560527337925,947.0545419080701,0.16359577631356842
3,157,b,1,7.560017668405427,8.340147926701931,-5.562994019950098,1.5468597264297927,0.000123409804219219,1.0219165889521797
3,157,c,1,7.560017668405427,8.340147926701931,-5.562994019950098,1.5468597264297927,0.000123409804219219,1.0219165889521797
3,158,b,1,30.453715556603335,8.340147926701931,-1.8360731618427406,6.9130749827173545,1474.099511832338,0.13584468134472652
3,158,c,1,30.453715556603335,8.340147926701931,-1.8360731618427406,6.9130749827173545,1474.099511832338,0.13584468134472652
3,159,b,1,16.19941735502799,8.340147926701931,-1.525727114279304,4.735357918608547,229.99046983964905,0.23596533908008419
3,159,c,1,16.19941735502799,8.340147926701931,-1.525727114279304,4.735357918608547,229.99046983964905,0.23596533908008419
3,164,b,1,43.08412809595345,8.340147926701931,-1.4788363460533822,6.873625146627852,8102.625786780077,0.08774450235451135
3,164,c,1,43.08412809595345,8.340147926701931,-1.4788363460533822,6.873625146627852,8102.625786780077,0.08774450235451135
3,165,b,1,12.515448484426312,8.340147926701931,-10.295515150642697,11.871161879468012,0.00012340980430242894,1.006505503248188
3,165,c,1,12.515448484426312,8.340147926701931,-10.295515150642697,11.871161879468012,0.00012340980430242894,1.006505503248188
3,166,b,1,5.469065531100375,8.340147926701931,-2.2181058305077586,-1.8780160068771277,0.013562323093593431,0.7577620212553045
3,166,c,1,5.469065531100375,8.340147926701931,-2.2181058305077586,-1.8780160068771277,0.013562323093593431,0.7577620212553045
3,167,b,1,35.9080336883318,8.340147926701931,-4.273453196170008,11.464328535920304,510.07816302372413,0.18312860912645235
3,167,c,1,35.9080336883318,8.340147926701931,-4.273453196170008,11.464328535920304,510.07816302372413,0.18312860912645235
3,168,b,1,8.542244712285616,8.340147926701931,-6.3410144888226805,3.195774022485267,0.00012340980463432406,1.0043394337052542
3,168,c,1,8.542244712285616,8.340147926701931,-6.3410144888226805,3.195774022485267,0.00012340980463432406,1.0043394337052542
3,169,b,1,23.030477919839214,8.340147926701931,0.19627307583467202,3.1781685859570423,7923.89972021069,0.09121704151871356
3,169,c,1,23.030477919839214,8.340147926701931,0.19627307583467202,3.1781685859570423,7923.89972021069,0.09121704151871356
3,170,b,1,8.373447841144907,8.340147926701931,-5.645586299050619,3.0737012087813023,0.0002081492161088999,0.9373640111780014
3,170,c,1,8.373447841144907,8.340147926701931,-5.645586299050619,3.0737012087813023,0.0002081492161088999,0.9373640111780014
3,171,b,1,10.658338337699046,8.340147926701931,-0.8944413097627747,2.4012909235852513,48.14719679347367,0.29771515741834126
3,171,c,1,10.658338337699046,8.340147926701931,-0.8944413097627747,2.4012909235852513,48.14719679347367,0.29771515741834126
3,172,b,1,-1.9420553668768068,8.340147926701931,2.420130308663313,-1.5820133388210893,8103.083464162817,0.08659686073024125
3,172,c,1,-1.9420553668768068,8.340147926701931,2.420130308663313,-1.5820133388210893,8103.083464162817,0.08659686073024125
3,173,b,1,9.77463573506126,8.340147926701931,-7.7996461905170715,6.310519039870825,0.00012340980479156607,1.0319851351667382
3,173,c,1,9.77463573506126,8.340147926701931,-7.7996461905170715,6.310519039870825,0.00012340980479156607,1.0319851351667382
3,174,b,1,0.06452616127946555,8.340147926701931,2.254211585235125,-1.1926814542514315,8103.083439392296,0.08496088080844477
3,174,c,1,0.06452616127946555,8.340147926701931,2.254211585235125,-1.1926814542514315,8103.083439392296,0.08496088080844477
3,175,b,1,7.497464594076162,8.340147926701931,-5.7424998002329275,1.3414135866840233,0.00012340980427961274,1.057446516411008
3,175,c,1,7.497464594076162,8.340147926701931,-5.7424998002329275,1.3414135866840233,0.00012340980427961274,1.057446516411008
3,192,b,1,9.278820831447932,8.340147926701931,-2.2461245455003334,2.451312498999817,0.5216401037389116,0.48382740458403484
3,192,c,1,9.278820831447932,8.340147926701931,-2.2461245455003334,2.451312498999817,0.5216401037389116,0.48382740458403484
3,193,b,1,7.3882695856246,8.340147926701931,-2.062035582493578,0.6630647931120144,0.20428021664337795,0.5753218860875082
3,193,c,1,7.3882695856246,8.340147926701931,-2.062035582493578,0.6630647931120144,0.20428021664337795,0.5753218860875082
3,194,b,1,9.014613518037976,8.340147926701931,-6.382702267809149,4.226384236816844,0.00022936481982757602,0.958449690791821
3,194,c,1,9.014613518037976,8.340147926701931,-6.382702267809149,4.226384236816844,0.00022936481982757602,0.958449690791821
3,195,b,1,15.474869706674607,8.340147926701931,-3.627578824435504,7.016232063245168,8.43292547320984,0.38297281865220134
3,195,c,1,15.474869706674607,8.340147926701931,-3.627578824435504,7.016232063245168,8.43292547320984,0.38297281865220134
3,184,b,1,5.1754714915923605,8.340147926701931,-0.892528371161386,-1.5001216225615428,0.21225053184143342,0.5481069951001771
3,184,c,1,5.1754714915923605,8.340147926701931,-0.892528371161386,-1.5001216225615428,0.21225053184143342,0.5481069951001771
3,185,b,1,80.60820296044749,8.340147926701931,-3.700651321903724,11.912156650142691,8103.072276631129,0.07447288191661418
3,185,c,1,80.60820296044749,8.340147926701931,-3.700651321903724,11.912156650142691,8103.072276631129,0.07447288191661418
3,186,b,1,9.860522509846739,8.340147926701931,-7.289846328183155,6.101226274205447,0.0001234098047759918,0.9702869734881611
3,186,c,1,9.860522509846739,8.340147926701931,-7.289846328183155,6.101226274205447,0.0001234098047759918,0.9702869734881611
3,187,b,1,5.850740121352328,8.340147926701931,-4.138959642348147,-1.1477449627320842,0.0001234098041377229,1.002943387925206
3,187,c,1,5.850740121352328,8.340147926701931,-4.138959642348147,-1.1477449627320842,0.0001234098041377229,1.002943387925206
3,176,b,1,12.857584119548614,8.340147926701931,-8.622081173696866,10.835079789965214,0.001432652796954334,0.8495171413430634
3,176,c,1,12.857584119548614,8.340147926701931,-8.622081173696866,10.835079789965214,0.001432652796954334,0.8495171413430634
3,177,b,1,8.236662986393785,8.340147926701931,-6.164656419106297,2.71072904919584,0.0001234104874493374,1.0186846733316368
3,177,c,1,8.236662986393785,8.340147926701931,-6.164656419106297,2.71072904919584,0.0001234104874493374,1.0186846733316368
3,178,b,1,0.030955544602690045,8.340147926701931,2.201591802278399,-1.999994498572263,1440.2405581745363,0.14542608133019777
3,178,c,1,0.030955544602690045,8.340147926701931,2.201591802278399,-1.999994498572263,1440.2405581745363,0.14542608133019777
3,179,b,1,8.75343061348821,8.340147926701931,-4.074209806474259,2.7623203394211906,0.008600268225327275,0.7200031416991296
3,179,c,1,8.75343061348821,8.340147926701931,-4.074209806474259,2.7623203394211906,0.008600268225327275,0.7200031416991296
3,180,b,1,41.47567933134771,8.340147926701931,-1.9108084447666105,7.609338343200687,5471.348735870838,0.10156754396990417
3,180,c,1,41.47567933134771,8.340147926701931,-1.9108084447666105,7.609338343200687,5471.348735870838,0.10156754396990417
3,181,b,1,11.138193545582688,8.340147926701931,-5.009374425755514,5.854569083879625,0.046954351442815255,0.6553554262562079
3,181,c,1,11.138193545582688,8.340147926701931,-5.009374425755514,5.854569083879625,0.046954351442815255,0.6553554262562079
3,182,b,1,6.561874550140181,8.340147926701931,-4.675188441942017,-0.24241218223797362,0.00012340980432739784,1.0117925983991298
3,182,c,1,6.561874550140181,8.340147926701931,-4.675188441942017,-0.24241218223797362,0.00012340980432739784,1.0117925983991298
3,183,b,1,25.82414883343659,8.340147926701931,-4.334540901862903,10.477629241087033,75.01743832382574,0.2569886317166131
3,183,c,1,25.82414883343659,8.340147926701931,-4.334540901862903,10.477629241087033,75.01743832382574,0.2569886317166131
3,188,b,1,9.547694183427431,8.340147926701931,0.5395495172138052,1.0848520562857749,473.78433027474017,0.18131097811660166
3,188,c,1,9.547694183427431,8.340147926701931,0.5395495172138052,1.0848520562857749,473.78433027474017,0.18131097811660166
3,189,b,1,7.611199582776851,8.340147926701931,-1.0251665480221201,0.8495880364062298,1.903168027126303,0.42337829064547794
3,189,c,1,7.611199582776851,8.340147926701931,-1.0251665480221201,0.8495880364062298,1.903168027126303,0.42337829064547794
3,190,b,1,44.214853069951275,8.340147926701931,-1.9771439300829483,7.818599937033063,7044.640440462476,0.09677880079813331
3,190,c,1,44.214853069951275,8.340147926701931,-1.9771439300829483,7.818599937033063,7044.640440462476,0.09677880079813331
3,191,b,1,6.4391678930565925,8.340147926701931,-4.619775445617307,-0.5892526031576577,0.00012341033916987295,1.0195034393142839
3,191,c,1,6.4391678930565925,8.340147926701931,-4.619775445617307,-0.5892526031576577,0.00012341033916987295,1.0195034393142839
3,208,b,1,42.7090921344257,8.340147926701931,-1.2041624278803664,6.3806385014803855,8100.355617172767,0.08207612846844141
3,208,c,1,42.7090921344257,8.340147926701931,-1.2041624278803664,6.3806385014803855,8100.355617172767,0.08207612846844141
3,209,b,1,4.825507534389124,8.340147926701931,-0.8485821110664109,-1.9991842945001017,0.17466715538868813,0.5676178551874426
3,209,c,1,4.825507534389124,8.340147926701931,-0.8485821110664109,-1.9991842945001017,0.17466715538868813,0.5676178551874426
3,210,b,1,22.926139255263077,8.340147926701931,-5.382791738289525,11.53803196825291,13.860149957209185,0.33520151628242534
3,210,c,1,22.926139255263077,8.340147926701931,-5.382791738289525,11.53803196825291,13.860149957209185,0.33520151628242534
3,211,b,1,5.693772405492835,8.340147926701931,-4.024857677312343,-1.6647161074581864,0.0001234098088719302,0.998757837266997
3,211,c,1,5.693772405492835,8.340147926701931,-4.024857677312343,-1.6647161074581864,0.0001234098088719302,0.998757837266997
3,196,b,1,15.527275267900064,8.340147926701931,-1.9649629581166816,5.088008116134396,78.82555543839244,0.2744300077303083
3,196,c,1,15.527275267900064,8.340147926701931,-1.9649629581166816,5.088008116134396,78.82555543839244,0.2744300077303083
3,197,b,1,6.299605112195103,8.340147926701931,-4.4442969939006485,-0.8672644578915136,0.00013762777746495342,1.0070271642400808
3,197,c,1,6.299605112195103,8.340147926701931,-4.4442969939006485,-0.8672644578915136,0.00013762777746495342,1.0070271642400808
3,198,b,1,25.181009902055173,8.340147926701931,0.564915792576673,2.7278653813186766,8103.0838527802935,0.06869259262892596
3,198,c,1,25.181009902055173,8.340147926701931,0.564915792576673,2.7278653813186766,8103.0838527802935,0.06869259262892596
3,199,b,1,7.776607531424377,8.340147926701931,-4.620670743445699,1.8188176182429459,0.0008821008863850064,0.8730033421261286
3,199,c,1,7.776607531424377,8.340147926701931,-4.620670743445699,1.8188176182429459,0.0008821008863850064,0.8730033421261286
3,212,b,1,35.538602904724904,8.340147926701931,-2.1777760309027547,7.783769297527371,1876.1704173585817,0.1260404394883296
3,212,c,1,35.538602904724904,8.340147926701931,-2.1777760309027547,7.783769297527371,1876.1704173585817,0.1260404394883296
3,213,b,1,11.990164889731288,8.340147926701931,-9.764908103244505,10.917906480951547,0.0001234098043992522,1.006274572161747
3,213,c,1,11.990164889731288,8.340147926701931,-9.764908103244505,10.917906480951547,0.0001234098043992522,1.006274572161747
3,214,b,1,7.204194342704395,8.340147926701931,-5.009684236631005,0.819898144048415,0.00012340980417899347,0.9812938269777512
3,214,c,1,7.204194342704395,8.340147926701931,-5.009684236631005,0.819898144048415,0.00012340980417899347,0.9812938269777512
3,215,b,1,56.343700776198006,8.340147926701931,-2.706500169699784,9.519579630726902,8103.083785215352,0.08889697678754972
3,215,c,1,56.343700776198006,8.340147926701931,-2.706500169699784,9.519579630726902,8103.083785215352,0.08889697678754972
3,200,b,1,13.205616819447473,8.340147926701931,1.059131598158731,1.2671969711796995,6784.866887009192,0.09308652536338488
3,200,c,1,13.205616819447473,8.340147926701931,1.059131598158731,1.2671969711796995,6784.866887009192,0.09308652536338488
3,201,b,1,16.910746788081497,8.340147926701931,-1.5153281631504192,4.86306169296968,165.96625123526152,0.22535970402712716
3,201,c,1,16.910746788081497,8.340147926701931,-1.5153281631504192,4.86306169296968,165.96625123526152,0.22535970402712716
3,202,b,1,8.47945506162295,8.340147926701931,1.6294540042420933,0.27965719366565267,8103.083867521358,0.07667547029097091
3,202,c,1,8.47945506162295,8.340147926701931,1.6294540042420933,0.27965719366565267,8103.083867521358,0.07667547029097091
3,203,b,1,9.898774064184288,8.340147926701931,-4.212138813889172,4.042571707144689,0.027163578481497228,0.6544545813723789
3,203,c,1,9.898774064184288,8.340147926701931,-4.212138813889172,4.042571707144689,0.027163578481497228,0.6544545813723789
3,204,b,1,34.28587804801664,8.340147926701931,-3.839649726882055,10.643463235177748,409.7631672832845,0.17913510492935888
3,204,c,1,34.28587804801664,8.340147926701931,-3.839649726882055,10.643463235177748,409.7631672832845,0.17913510492935888
3,205,b,1,16.4717104981711,8.340147926701931,0.8698184133415143,1.7854967703342963,8103.083087550835,0.08633120859892905
3,205,c,1,16.4717104981711,8.340147926701931,0.8698184133415143,1.7854967703342963,8103.083087550835,0.08633120859892905
3,206,b,1,4.522449407582859,8.340147926701931,1.4268865871211198,-0.871233615069827,618.4410282975415,0.17862581428500443
3,206,c,1,4.522449407582859,8.340147926701931,1.4268865871211198,-0.871233615069827,618.4410282975415,0.17862581428500443
3,207,b,1,10.634313176851851,8.340147926701931,-5.691384555637532,5.830017395960897,0.009505688128409965,0.7503955596326812
3,207,c,1,10.634313176851851,8.340147926701931,-5.691384555637532,5.830017395960897,0.009505688128409965,0.7503955596326812
3,216,b,1,12.930496672032625,8.340147926701931,-2.5239345680410397,4.797559621039966,5.770020582627339,0.37222070004442714
3,216,c,1,12.930496672032625,8.340147926701931,-2.5239345680410397,4.797559621039966,5.770020582627339,0.37222070004442714
3,217,b,1,6.051696596175633,8.340147926701931,-4.354212824019436,-1.3470125208092705,0.00012340980409093988,1.023204264533467
3,217,c,1,6.051696596175633,8.340147926701931,-4.354212824019436,-1.3470125208092705,0.00012340980409093988,1.023204264533467
3,218,b,1,23.304965012409458,8.340147926701931,-1.3399317180475103,5.508929019904045,876.577226865713,0.1561440840842641
3,218,c,1,23.304965012409458,8.340147926701931,-1.3399317180475103,5.508929019904045,876.577226865713,0.1561440840842641
3,219,b,1,5.189718175801466,8.340147926701931,1.5868820266058794,-0.42941627332827825,1951.0842285786848,0.12926632942031366
3,219,c,1,5.189718175801466,8.340147926701931,1.5868820266058794,-0.42941627332827825,1951.0842285786848,0.12926632942031366
3,224,b,1,56.4516626968568,8.340147926701931,-2.865738273726329,9.822189911000436,6969.83671820201,0.0915481796623966
3,224,c,1,56.4516626968568,8.340147926701931,-2.865738273726329,9.822189911000436,6969.83671820201,0.0915481796623966
3,225,b,1,8.758297121762132,8.340147926701931,-6.915904768296601,3.9815414846265784,0.0001234098041430708,1.0484124090998654
3,225,c,1,8.758297121762132,8.340147926701931,-6.915904768296601,3.9815414846265784,0.0001234098041430708,1.0484124090998654
3,226,b,1,7.787847611850209,8.340147926701931,-1.4328218554107757,1.0006887737081254,1.3512188541267096,0.46896579235982483
3,226,c,1,7.787847611850209,8.340147926701931,-1.4328218554107757,1.0006887737081254,1.3512188541267096,0.46896579235982483
3,227,b,1,5.569781119768712,8.340147926701931,-3.8899476316792523,-1.6626602534135153,0.0001234098049272658,0.980815420532286
3,227,c,1,5.569781119768712,8.340147926701931,-3.8899476316792523,-1.6626602534135153,0.0001234098049272658,0.980815420532286
3,236,b,1,5.353617297485073,8.340147926701931,-3.7653146585604156,-1.8376949628980785,0.0001234098041627964,0.979954729204822
3,236,c,1,5.353617297485073,8.340147926701931,-3.7653146585604156,-1.8376949628980785,0.0001234098041627964,0.979954729204822
3,237,b,1,5.637467061005475,8.340147926701931,-3.939034800411008,-1.5980221828171284,0.0001234098057402665,0.9837021892352671
3,237,c,1,5.637467061005475,8.340147926701931,-3.939034800411008,-1.5980221828171284,0.0001234098057402665,0.9837021892352671
3,238,b,1,7.494701967156308,8.340147926701931,-3.9527603802669624,0.974125916033983,0.003933037601747222,0.8180902472500118
3,238,c,1,7.494701967156308,8.340147926701931,-3.9527603802669624,0.974125916033983,0.003933037601747222,0.8180902472500118
3,239,b,1,-3.9499201028456636,8.340147926701931,2.5924739271476094,-1.9997637082762774,6452.181360809942,0.09045618474887761
3,239,c,1,-3.9499201028456636,8.340147926701931,2.5924739271476094,-1.9997637082762774,6452.181360809942,0.09045618474887761
3,220,b,1,35.81850298920253,8.340147926701931,-3.325833589084911,9.832123728728362,1154.1485001180372,0.15712521330035079
3,220,c,1,35.81850298920253,8.340147926701931,-3.325833589084911,9.832123728728362,1154.1485001180372,0.15712521330035079
3,221,b,1,10.083807785352882,8.340147926701931,0.305951619301695,1.3871549682655764,296.27178379000867,0.19483346980204183
3,221,c,1,10.083807785352882,8.340147926701931,0.305951619301695,1.3871549682655764,296.27178379000867,0.19483346980204183
3,222,b,1,72.30457071042713,8.340147926701931,-3.51206579422123,11.407655263016437,8103.083777337014,0.08041699868012675
3,222,c,1,72.30457071042713,8.340147926701931,-3.51206579422123,11.407655263016437,8103.083777337014,0.08041699868012675
3,223,b,1,29.65486228769095,8.340147926701931,-0.6040280274967644,4.819513605744801,8103.083788418081,0.09793174031347394
3,223,c,1,29.65486228769095,8.340147926701931,-0.6040280274967644,4.819513605744801,8103.083788418081,0.09793174031347394
3,228,b,1,15.401558613804308,8.340147926701931,-3.8930077173397226,7.3880496803155165,3.5233377144329716,0.40198476086610285
3,228,c,1,15.401558613804308,8.340147926701931,-3.8930077173397226,7.3880496803155165,3.5233377144329716,0.40198476086610285
3,229,b,1,11.970831895437,8.340147926701931,-10.108527565115542,11.184684464564773,0.00012340980429526133,1.0366553375247691
3,229,c,1,11.970831895437,8.340147926701931,-10.108527565115542,11.184684464564773,0.00012340980429526133,1.0366553375247691
3,230,b,1,27.132381530634596,8.340147926701931,-1.1777427636907891,5.609698507706526,1837.5819001548136,0.12816480171820294
3,230,c,1,27.132381530634596,8.340147926701931,-1.1777427636907891,5.609698507706526,1837.5819001548136,0.12816480171820294
3,231,b,1,54.10679332316281,8.340147926701931,-2.3465233164886623,8.802941335098858,8103.0837690120325,0.08591670789001371
3,231,c,1,54.10679332316281,8.340147926701931,-2.3465233164886623,8.802941335098858,8103.0837690120325,0.08591670789001371
3,232,b,1,8.145209342198473,8.340147926701931,-1.568560033771822,1.3944045528536526,0.662421470472677,0.4625357160638163
3,232,c,1,8.145209342198473,8.340147926701931,-1.568560033771822,1.3944045528536526,0.662421470472677,0.4625357160638163
3,233,b,1,52.06354565662952,8.340147926701931,-2.1560030381317814,8.387329302686531,8103.083584870689,0.08562741540817234
3,233,c,1,52.06354565662952,8.340147926701931,-2.1560030381317814,8.387329302686531,8103.083584870689,0.08562741540817234
3,234,b,1,11.656009039472979,8.340147926701931,-9.621303085382841,10.373497036470969,0.00012340980438833879,1.0227745565664768
3,234,c,1,11.656009039472979,8.340147926701931,-9.621303085382841,10.373497036470969,0.00012340980438833879,1.0227745565664768
3,235,b,1,40.95607302293493,8.340147926701931,-1.3303667781310766,6.554272078794426,7189.615378427705,0.08867276560797904
3,235,c,1,40.95607302293493,8.340147926701931,-1.3303667781310766,6.554272078794426,7189.615378427705,0.08867276560797904
3,240,b,1,10.158689218029764,8.340147926701931,-7.950678647747156,6.606446834491125,0.00012340980422049353,1.0080441513151726
3,240,c,1,10.158689218029764,8.340147926701931,-7.950678647747156,6.606446834491125,0.00012340980422049353,1.0080441513151726
3,241,b,1,7.68666263218599,8.340147926701931,-5.736818113623055,1.7163752977653672,0.00012340980409901065,1.0305930020214105
3,241,c,1,7.68666263218599,8.340147926701931,-5.736818113623055,1.7163752977653672,0.00012340980409901065,1.0305930020214105
3,242,b,1,46.0285902519121,8.340147926701931,-2.7852738359832703,9.3560586172349,3831.1856128377754,0.11052814883503702
3,242,c,1,46.0285902519121,8.340147926701931,-2.7852738359832703,9.3560586172349,3831.1856128377754,0.11052814883503702
3,243,b,1,71.27976456441671,8.340147926701931,-3.068011910531479,10.527984705019524,8103.083460453866,0.07534238685806526
3,243,c,1,71.27976456441671,8.340147926701931,-3.068011910531479,10.527984705019524,8103.083460453866,0.07534238685806526
3,252,b,1,8.347404003725886,8.340147926701931,-2.705905125070256,1.8872066552741682,0.4086122594726585,0.5949318874792849
3,252,c,1,8.347404003725886,8.340147926701931,-2.705905125070256,1.8872066552741682,0.4086122594726585,0.5949318874792849
3,253,b,1,4.514232121816578,8.340147926701931,-0.621659925802984,-1.9748865394798667,0.24967363776053025,0.5520404212568935
3,253,c,1,4.514232121816578,8.340147926701931,-0.621659925802984,-1.9748865394798667,0.24967363776053025,0.5520404212568935
3,254,b,1,5.0574820034817325,8.340147926701931,-1.3129721067449505,-1.6772907171200404,0.056690413542588934,0.6251277077292532
3,254,c,1,5.0574820034817325,8.340147926701931,-1.3129721067449505,-1.6772907171200404,0.056690413542588934,0.6251277077292532
3,255,b,1,5.212483613473029,8.340147926701931,-3.7114115792531424,-1.9396254462646272,0.0001234098274242026,0.9879125554980306
3,255,c,1,5.212483613473029,8.340147926701931,-3.7114115792531424,-1.9396254462646272,0.0001234098274242026,0.9879125554980306
3,244,b,1,5.425434189631884,8.340147926701931,-3.9214095287508375,-1.8091327239000046,0.0001234098041364076,1.016706720344648
3,244,c,1,5.425434189631884,8.340147926701931,-3.9214095287508375,-1.8091327239000046,0.0001234098041364076,1.016706720344648
3,245,b,1,12.171944949347175,8.340147926701931,0.7168386143586849,1.4822296919644211,2207.2409557858223,0.1288274830858849
3,245,c,1,12.171944949347175,8.340147926701931,0.7168386143586849,1.4822296919644211,2207.2409557858223,0.1288274830858849
3,246,b,1,10.31513080086502,8.340147926701931,-7.021229717061598,6.3151950508955,0.0005383986305430304,0.9023853514886899
3,246,c,1,10.31513080086502,8.340147926701931,-7.021229717061598,6.3151950508955,0.0005383986305430304,0.9023853514886899
3,247,b,1,69.56888368435206,8.340147926701931,-3.477032525453904,11.289911293250146,8091.757969963061,0.08307562384445405
3,247,c,1,69.56888368435206,8.340147926701931,-3.477032525453904,11.289911293250146,8091.757969963061,0.08307562384445405
3,248,b,1,4.799223637337882,8.340147926701931,1.7965632114131171,-0.4043865812190053,5219.8936107530635,0.09839214238831535
3,248,c,1,4.799223637337882,8.340147926701931,1.7965632114131171,-0.4043865812190053,5219.8936107530635,0.09839214238831535
3,249,b,1,59.30122779971407,8.340147926701931,-3.4734153006570017,11.059391151767564,8102.242779517019,0.0973986709503717
3,249,c,1,59.30122779971407,8.340147926701931,-3.4734153006570017,11.059391151767564,8102.242779517019,0.0973986709503717
3,250,b,1,65.82131349506085,8.340147926701931,-3.256939904210565,10.789483308034065,7401.894891238255,0.08446114670541711
3,250,c,1,65.82131349506085,8.340147926701931,-3.256939904210565,10.789483308034065,7401.894891238255,0.08446114670541711
3,251,b,1,4.202809398562985,8.340147926701931,1.0771233163855802,-1.2567584975151247,60.05676038647219,0.25508278618418695
3,251,c,1,4.202809398562985,8.340147926701931,1.0771233163855802,-1.2567584975151247,60.05676038647219,0.25508278618418695
3,264,b,1,12.745254047871114,8.340147926701931,-8.301886315290934,10.251022010825316,0.0015859649861411796,0.8318349055164883
3,264,c,1,12.745254047871114,8.340147926701931,-8.301886315290934,10.251022010825316,0.0015859649861411796,0.8318349055164883
3,265,b,1,8.250881151658335,8.340147926701931,-3.4379805079277372,2.103369251839622,0.025747911053520468,0.6859196453540359
3,265,c,1,8.250881151658335,8.340147926701931,-3.4379805079277372,2.103369251839622,0.025747911053520468,0.6859196453540359
3,266,b,1,5.887117919543088,8.340147926701931,-4.279100369545582,-1.6253192685235616,0.00012340980482769174,1.0330138656422776
3,266,c,1,5.887117919543088,8.340147926701931,-4.279100369545582,-1.6253192685235616,0.00012340980482769174,1.0330138656422776
3,267,b,1,6.44926114930478,8.340147926701931,-2.45581033917305,-0.5940256563937847,0.02478936558577054,0.7036482744281326
3,267,c,1,6.44926114930478,8.340147926701931,-2.45581033917305,-0.5940256563937847,0.02478936558577054,0.7036482744281326
3,256,b,1,11.203147453338422,8.340147926701931,-7.788812819864999,7.887682578286387,0.00041747510017407075,0.9000309663721232
3,256,c,1,11.203147453338422,8.340147926701931,-7.788812819864999,7.887682578286387,0.00041747510017407075,0.9000309663721232
3,257,b,1,9.268441363316542,8.340147926701931,-4.403360241809697,3.6974088775227463,0.01269454426441975,0.7187763817452109
3,257,c,1,9.268441363316542,8.340147926701931,-4.403360241809697,3.6974088775227463,0.01269454426441975,0.7187763817452109
3,258,b,1,6.730737197855728,8.340147926701931,0.10648141222223996,0.060423775094416654,18.28357743454712,0.31062361866395716
3,258,c,1,6.730737197855728,8.340147926701931,0.10648141222223996,0.060423775094416654,18.28357743454712,0.31062361866395716
3,259,b,1,47.50134198288677,8.340147926701931,-1.8314456335645217,7.646759065809838,7495.500000517796,0.08701398208556191
3,259,c,1,47.50134198288677,8.340147926701931,-1.8314456335645217,7.646759065809838,7495.500000517796,0.08701398208556191
3,260,b,1,21.532758163442644,8.340147926701931,-1.6852333438647733,5.836761756171377,417.68849804287584,0.1850270184935635
3,260,c,1,21.532758163442644,8.340147926701931,-1.6852333438647733,5.836761756171377,417.68849804287584,0.1850270184935635
3,261,b,1,6.7537923531499215,8.340147926701931,-4.917940783004955,-0.2839557369372036,0.0001234098043599976,1.0297156996052768
3,261,c,1,6.7537923531499215,8.340147926701931,-4.917940783004955,-0.2839557369372036,0.0001234098043599976,1.0297156996052768
3,262,b,1,11.365682939805161,8.340147926701931,0.587473713310515,1.4282979596067495,1453.1424299113778,0.1492194988282245
3,262,c,1,11.365682939805161,8.340147926701931,0.587473713310515,1.4282979596067495,1453.1424299113778,0.1492194988282245
3,263,b,1,9.985770857255607,8.340147926701931,-7.190041595611914,6.119308508597891,0.00041710328732534624,0.949116894059724
3,263,c,1,9.985770857255607,8.340147926701931,-7.190041595611914,6.119308508597891,0.00041710328732534624,0.949116894059724
3,276,b,1,8.556550130590189,8.340147926701931,-2.1350935557206148,1.8545713506979182,1.002377855688227,0.5130367304857849
3,276,c,1,8.556550130590189,8.340147926701931,-2.1350935557206148,1.8545713506979182,1.002377855688227,0.5130367304857849
3,277,b,1,8.570526954146704,8.340147926701931,-1.557330205058563,1.5888342147436938,1.6045547781805152,0.44250708474223693
3,277,c,1,8.570526954146704,8.340147926701931,-1.557330205058563,1.5888342147436938,1.6045547781805152,0.44250708474223693
3,278,b,1,31.003831656660772,8.340147926701931,-0.9453687405963453,5.454375750164289,4327.93326384426,0.10468255677085049
3,278,c,1,31.003831656660772,8.340147926701931,-0.9453687405963453,5.454375750164289,4327.93326384426,0.10468255677085049
3,279,b,1,21.363351863739883,8.340147926701931,0.052914802197381386,3.26512272791141,5533.327840015647,0.10503624118440984
3,279,c,1,21.363351863739883,8.340147926701931,0.052914802197381386,3.26512272791141,5533.327840015647,0.10503624118440984
3,280,b,1,11.837863976064435,8.340147926701931,-2.4335853689445406,4.146909856098176,5.021770935313586,0.3987464762295153
3,280,c,1,11.837863976064435,8.340147926701931,-2.4335853689445406,4.146909856098176,5.021770935313586,0.3987464762295153
3,281,b,1,11.45061917896953,8.340147926701931,-8.973492414913178,9.5740041780412,0.00012340980440157527,0.9843532777758951
3,281,c,1,11.45061917896953,8.340147926701931,-8.973492414913178,9.5740041780412,0.00012340980440157527,0.9843532777758951
3,282,b,1,8.858974683734846,8.340147926701931,-6.761914994471288,4.341228131691482,0.00012340980467874524,1.0184355574629724
3,282,c,1,8.858974683734846,8.340147926701931,-6.761914994471288,4.341228131691482,0.00012340980467874524,1.0184355574629724
3,283,b,1,32.53265476192413,8.340147926701931,-1.4089682382300257,6.3262363017352286,3886.363063289755,0.11403817494453163
3,283,c,1,32.53265476192413,8.340147926701931,-1.4089682382300257,6.3262363017352286,3886.363063289755,0.11403817494453163
3,288,b,1,25.584296353351924,8.340147926701931,-3.8942209258105738,9.798386190911582,73.69868386279855,0.2421737473456439
3,288,c,1,25.584296353351924,8.340147926701931,-3.8942209258105738,9.798386190911582,73.69868386279855,0.2421737473456439
3,289,b,1,5.83036282262145,8.340147926701931,-4.119928270349339,-1.2470722726762031,0.00012340980496123018,1.001345869225242
3,289,c,1,5.83036282262145,8.340147926701931,-4.119928270349339,-1.2470722726762031,0.00012340980496123018,1.001345869225242
3,290,b,1,25.516662955267158,8.340147926701931,-0.21652611317521608,3.96906322905963,6892.938326162084,0.09857010929041991
3,290,c,1,25.516662955267158,8.340147926701931,-0.21652611317521608,3.96906322905963,6892.938326162084,0.09857010929041991
3,291,b,1,9.210557803925436,8.340147926701931,-6.868597976136107,4.813568244971732,0.0001234098043307085,0.9916063915714658
3,291,c,1,9.210557803925436,8.340147926701931,-6.868597976136107,4.813568244971732,0.0001234098043307085,0.9916063915714658
3,284,b,1,20.457093457121534,8.340147926701931,-1.5756725342670004,5.548174371282462,376.8054757670432,0.18936897141216616
3,284,c,1,20.457093457121534,8.340147926701931,-1.5756725342670004,5.548174371282462,376.8054757670432,0.18936897141216616
3,285,b,1,72.59153541540216,8.340147926701931,-3.808960686742379,11.999997074816976,7398.072850428122,0.08418944827214898
3,285,c,1,72.59153541540216,8.340147926701931,-3.808960686742379,11.999997074816976,7398.072850428122,0.08418944827214898
3,286,b,1,13.445998790483761,8.340147926701931,-2.817909502146388,5.410082991514408,2.9618010039553884,0.37977314120603267
3,286,c,1,13.445998790483761,8.340147926701931,-2.817909502146388,5.410082991514408,2.9618010039553884,0.37977314120603267
3,287,b,1,8.561167339371023,8.340147926701931,1.04067370742316,0.5656168846490415,1285.6959193227526,0.14366201280037863
3,287,c,1,8.561167339371023,8.340147926701931,1.04067370742316,0.5656168846490415,1285.6959193227526,0.14366201280037863
3,292,b,1,6.627866260005558,8.340147926701931,-4.732170234317579,-0.341267313161575,0.00016067296256805152,1.0190447890830967
3,292,c,1,6.627866260005558,8.340147926701931,-4.732170234317579,-0.341267313161575,0.00016067296256805152,1.0190447890830967
3,293,b,1,36.16679033765541,8.340147926701931,-2.185760634778227,7.85691808417409,2545.6844906578435,0.12407633994265461
3,293,c,1,36.16679033765541,8.340147926701931,-2.185760634778227,7.85691808417409,2545.6844906578435,0.12407633994265461
3,294,b,1,28.32595867745257,8.340147926701931,-0.887790419375118,5.20687504436995,3337.25625297605,0.1125288763091046
3,294,c,1,28.32595867745257,8.340147926701931,-0.887790419375118,5.20687504436995,3337.25625297605,0.1125288763091046
3,295,b,1,21.375022934733018,8.340147926701931,-3.1341239694330127,7.998798763575023,163.88852062985976,0.2542842094594543
3,295,c,1,21.375022934733018,8.340147926701931,-3.1341239694330127,7.998798763575023,163.88852062985976,0.2542842094594543
3,268,b,1,9.202851275679196,8.340147926701931,1.6076604609337122,0.3863469477557705,7770.340507918934,0.07301853938391652
3,268,c,1,11.68150606641796,8.340147926701931,1.4508278644871058,0.7532367142643546,8103.083737417819,0.07127067707690532
3,269,b,1,5.919140211977365,8.340147926701931,-4.23910677537005,-1.4867906745439887,0.0001234098041541734,1.0172947289651835
3,269,c,1,5.919140211977365,8.340147926701931,-4.23910677537005,-1.4867906745439887,0.0001234098041541734,1.0172947289651835
3,270,b,1,63.45334475754311,8.340147926701931,-2.508047831150817,9.29998477780889,8103.083687210377,0.0758079239698301
3,270,c,1,63.45334475754311,8.340147926701931,-2.508047831150817,9.29998477780889,8103.083687210377,0.0758079239698301
3,271,b,1,10.936598579228937,8.340147926701931,-5.52831833388008,6.1098615929431785,0.010417484772398015,0.714585044659582
3,271,c,1,10.936598579228937,8.340147926701931,-5.52831833388008,6.1098615929431785,0.010417484772398015,0.714585044659582
3,296,b,1,27.791072138516185,8.340147926701931,-1.411813802162838,6.045166171586491,1528.9434791547662,0.13356350867794795
3,296,c,1,27.791072138516185,8.340147926701931,-1.411813802162838,6.045166171586491,1528.9434791547662,0.13356350867794795
3,297,b,1,11.886899855584215,8.340147926701931,-9.517834855385429,10.466969890829684,0.0001234098041297556,0.9941816391474908
3,297,c,1,11.886899855584215,8.340147926701931,-9.517834855385429,10.466969890829684,0.0001234098041297556,0.9941816391474908
3,298,b,1,9.086292698590075,8.340147926701931,-6.864514593169913,4.459330846267431,0.0001234098041741257,1.0047012248795755
3,298,c,1,9.086292698590075,8.340147926701931,-6.864514593169913,4.459330846267431,0.0001234098041741257,1.0047012248795755
3,299,b,1,8.18581802421179,8.340147926701931,1.6780249136801522,0.23206279508560795,8103.083853750145,0.07335276567358873
3,299,c,1,8.18581802421179,8.340147926701931,1.6780249136801522,0.23206279508560795,8103.083853750145,0.07335276567358873
3,272,b,1,8.724247965954552,8.340147926701931,-5.720425658749385,3.6687186373863554,0.0007065216741186845,0.9138934136289302
3,272,c,1,8.724247965954552,8.340147926701931,-5.720425658749385,3.6687186373863554,0.0007065216741186845,0.9138934136289302
3,273,b,1,9.447138936098009,8.340147926701931,1.5093524087774925,0.44926714912415955,8100.71322960968,0.08180928198014284
3,273,c,1,15.404942784011299,8.340147926701931,0.9777298390073336,1.5518971181260515,6637.660856329451,0.08514356218354592
3,274,b,1,33.993534495313355,8.340147926701931,-3.493283282047333,10.004526268418715,605.3849480698615,0.17048440909767146
3,274,c,1,33.993534495313355,8.340147926701931,-3.493283282047333,10.004526268418715,605.3849480698615,0.17048440909767146
3,275,b,1,5.852481774587615,8.340147926701931,-4.134253806195572,-1.2208395440673014,0.00012340980503005447,1.001390907147383
3,275,c,1,5.852481774587615,8.340147926701931,-4.134253806195572,-1.2208395440673014,0.00012340980503005447,1.001390907147383
4,4,b,1,10.052229826332317,10.202360533646427,-1.6997344748588628,1.619341403262917,1.0542480326124422,0.39097904933853866
4,4,c,1,10.039005969371239,10.202360533646427,-2.1532912842091294,1.7800332835441695,0.35433271799041954,0.4359847111317867
4,5,b,1,10.870864931953712,10.202360533646427,-2.943214605913393,2.635848681368632,0.11122564570401335,0.476666438300971
4,5,c,1,10.685426857444707,10.202360533646427,-1.9753235638070006,2.0515299494758796,0.7004284499789856,0.3940647663900631
4,6,b,1,10.573259952338175,10.202360533646427,-2.7986138116172077,2.243878425962967,0.28056101239215536,0.47805618797649524
4,6,c,1,10.318825283243093,10.202360533646427,-1.4601575107347973,1.5147009304416152,2.049292196836262,0.35827911260158934
4,7,b,1,10.162604102031864,10.202360533646427,-3.4141075697505663,2.317981336213964,0.09795197352325576,0.5583300128062207
4,7,c,1,9.867895362104852,10.202360533646427,-2.1158683251112196,1.6377835762177897,0.3954040753228383,0.4398905163447991
4,8,b,1,10.053579934033337,10.202360533646427,-1.306936468301041,1.4670372429207892,2.5751464515835636,0.352231212876582
4,8,c,1,10.190469409615346,10.202360533646427,-2.038246278409445,1.8579222553322596,0.4325871547993737,0.4180958246625767
4,9,b,1,9.979853419471933,10.202360533646427,-2.3512228151946872,1.6845479666730885,0.7359515588723405,0.4618118133413539
4,9,c,1,10.019048623549539,10.202360533646427,-2.8376880074303803,1.9544629069574568,0.14712658474259738,0.50687550989764
4,10,b,1,10.016172179340158,10.202360533646427,-3.4790016374390507,2.1388683593807647,0.03640144466710537,0.5706865531004935
4,10,c,1,10.219147525272447,10.202360533646427,-2.2246658866227587,1.8848647689008862,0.40399638475892513,0.4362729813475375
4,11,b,1,9.858166895272825,10.202360533646427,-5.096590746119244,2.754077648775843,0.000655769879157906,0.7407461726599098
4,11,c,1,9.905723497873149,10.202360533646427,-2.4051522705189834,1.7990395027400765,0.28465111192455705,0.4683349368406853
4,12,b,1,10.186651319882124,10.202360533646427,0.035636243293553596,0.9707325283678485,64.70942239210656,0.21741666441966703
4,12,c,1,10.434114472165325,10.202360533646427,-2.270712661427657,2.063212566979975,0.48987393855269423,0.4325742651228395
4,13,b,1,10.961419559752475,10.202360533646427,-3.9179929366845956,3.1363759066306502,0.022497903611455927,0.5625976284332225
4,13,c,1,10.472188901101163,10.202360533646427,-1.8783330561684135,1.907253481204508,0.7469777908780796,0.3923978374841087
4,14,b,1,10.684706701015111,10.202360533646427,1.0976906732793044,0.5834851648514267,373.0746120199207,0.10688342195477397
4,14,c,1,10.537191528438914,10.202360533646427,-1.8161135811655242,1.8229143517120483,0.9054697657591554,0.38429959158582666
4,15,b,1,9.033419149652444,10.202360533646427,0.24862395790174371,0.5632827433825611,33.47392285099672,0.21743419784082313
4,15,c,1,9.841146186246199,10.202360533646427,-1.3023819887217702,1.3862566941005356,1.4321670965020934,0.35696337622125535
4,20,b,1,10.884786837550944,10.202360533646427,-1.0351502320224577,1.617729579294421,12.227270753178468,0.30286076110585036
4,20,c,1,10.734754140938715,10.202360533646427,-1.3840852693283485,1.6995742320609417,1.973377901962186,0.33670114917365584
4,21,b,1,9.854278330984068,10.202360533646427,-6.218176720493558,2.974479101645997,0.0001234098044531864,0.8573003885552122
4,21,c,1,9.785239913789008,10.202360533646427,-2.1919600148301246,1.598830557137716,0.35510579208082815,0.4515577114675396
4,22,b,1,10.264035113067944,10.202360533646427,-0.7438799539529635,1.3624249038817855,4.694100402011048,0.2881513215067014
4,22,c,1,10.172685211329709,10.202360533646427,-2.190008780040157,1.8828654587557572,0.41233704332394666,0.43469118602563095
4,23,b,1,10.27673337427328,10.202360533646427,-1.4360630894081259,1.60617630600287,2.141994822632265,0.35738938298262696
4,23,c,1,10.00262891627927,10.202360533646427,-2.1441000188080337,1.667230304826259,0.4140330769494703,0.43717540125940774
4,16,b,1,10.561744360522487,10.202360533646427,-2.2901789506137056,2.0732483374756616,0.314284426132071,0.42792065325330403
4,16,c,1,10.624655802207249,10.202360533646427,-1.6477138195055487,1.8009510031674933,1.1424027692905818,0.36493701091019104
4,17,b,1,10.890572479880577,10.202360533646427,0.37138902321717715,1.0239534884224422,105.2469678299374,0.17206940988316352
4,17,c,1,9.931553525194799,10.202360533646427,-1.1460479442497005,1.3397769166050701,2.106805765888868,0.33830612264881876
4,18,b,1,10.441826637681897,10.202360533646427,-5.467855940755361,3.3485696481786134,0.0015359331483994923,0.7399858481754482
4,18,c,1,10.791310224428061,10.202360533646427,-1.8414175151930805,2.0254193951874253,1.0399365140468362,0.378173512629168
4,19,b,1,9.16639143724122,10.202360533646427,0.25976011052716064,0.5518384386836308,77.59267021968611,0.21635340764815048
4,19,c,1,9.901457041164376,10.202360533646427,-3.3912016767595112,2.1165609070144544,0.052153144911913876,0.5690120848366738
4,36,b,1,10.698564541840526,10.202360533646427,-2.9897155669104505,2.4974023906942024,0.13060420394988642,0.4894021190361081
4,36,c,1,10.24594087929903,10.202360533646427,-1.5310886579425782,1.497126240795107,1.6414965689252206,0.36748881925300947
4,37,b,1,12.282724211085938,10.202360533646427,-8.118422381477375,7.097028954752325,0.0001234098046935667,0.8475429559467147
4,37,c,1,10.070175488016618,10.202360533646427,-1.959605563165168,1.6818726681012237,0.6397243904638474,0.41616023000392666
4,38,b,1,10.339323645323692,10.202360533646427,-6.4976932998041725,3.682919853717112,0.00026177139187218373,0.847495992376301
4,38,c,1,10.110272742816619,10.202360533646427,-1.3891823130255263,1.4354118701928937,1.7274913895574604,0.3575495941919618
4,39,b,1,10.407530710324417,10.202360533646427,-2.2824465026018306,2.0542334390919272,0.30565474425609507,0.43336456768512677
4,39,c,1,10.166734103705203,10.202360533646427,-1.5660207910407022,1.6063287019152992,1.1674323420062256,0.3728121355429021
4,0,b,1,9.676025833042006,10.202360533646427,-3.638977852887091,2.1735094523878695,0.02563351113701105,0.6071765993167079
4,0,c,1,9.259424423543091,10.202360533646427,-2.957006556978079,1.548790064292441,0.05650168879758678,0.5584589423852574
4,1,b,1,9.437411478392445,10.202360533646427,-0.03390406875348606,0.7145277286932064,34.34388553296457,0.24049537548087757
4,1,c,1,9.849641659434765,10.202360533646427,-2.5524811680969552,1.7215309161644015,0.23701986866705926,0.48633665320583347
4,2,b,1,9.750447700366786,10.202360533646427,1.1191364624309303,0.4241455583672863,2078.636863869002,0.11858223512776743
4,2,c,1,9.684904483612616,10.202360533646427,-1.9208684372058862,1.4521830023265143,0.5310282722165717,0.4276773316375999
4,3,b,1,10.290807469468737,10.202360533646427,-2.5739030406554173,2.1590937327589534,0.24315919722200907,0.46778087559080345
4,3,c,1,9.811710586507115,10.202360533646427,-1.7430563326996795,1.5250785506521858,0.6321164282370748,0.40324023906016776
4,24,b,1,9.117757964618564,10.202360533646427,-0.39102037579328836,0.7363244757918292,10.081368226796883,0.28595877818451265
4,24,c,1,9.899405514367503,10.202360533646427,-1.5294675001013562,1.4558641684594151,1.0221230048537828,0.37832926210222095
4,25,b,1,10.133677253211077,10.202360533646427,-2.0151263860112696,1.7084598995157867,0.5988618933358482,0.41918802510000075
4,25,c,1,10.596671393917822,10.202360533646427,-1.6374635026481676,1.8408930602272848,1.1997428969404977,0.36503074212944275
4,26,b,1,10.753040691894736,10.202360533646427,1.7345942612378662,0.2912331145340372,5729.168798675757,0.05000000014129873
4,26,c,1,10.762323164147848,10.202360533646427,-0.9528207051893605,1.6129490724715145,4.744930169490172,0.2958164367042386
4,27,b,1,10.053891067026985,10.202360533646427,-0.6521153440684865,1.1708748305848082,6.574955010469302,0.28569929625670354
4,27,c,1,10.003154308629822,10.202360533646427,-1.967479601317319,1.6664109227254131,0.4914703070564436,0.4187945097545353
4,48,b,1,11.825357519324042,10.202360533646427,-7.869564030166185,6.405186446875733,0.0001234098042300318,0.8590189617906495
4,48,c,1,10.173074672055508,10.202360533646427,-2.027631031841313,1.7715049642093754,0.514347172337232,0.4183437804519573
4,49,b,1,10.54824797061649,10.202360533646427,-5.587777229202339,3.4534548316843754,0.0018148672677388822,0.7446501214908235
4,49,c,1,10.282174203052241,10.202360533646427,-2.149372844651314,1.8458487384957922,0.46620748910408577,0.4262513764919926
4,50,b,1,10.872108211377116,10.202360533646427,-0.9151595340307734,1.5691665853592294,5.030563933884886,0.28930945105453787
4,50,c,1,10.20373124358144,10.202360533646427,-2.4775872465561584,1.8801731723685835,0.2899753520819954,0.4622825308200416
4,51,b,1,10.82560183170479,10.202360533646427,-1.1615106005989115,1.709632718807693,4.2107543627828505,0.3142815597833727
4,51,c,1,10.04050653896555,10.202360533646427,-1.804772545052836,1.564447311537657,0.7333835908853321,0.40132692858891833
4,28,b,1,10.314032470884614,10.202360533646427,0.874944396182463,0.6541934873972716,200.68574713477435,0.13176538641435465
4,28,c,1,10.209352586806652,10.202360533646427,-1.3076941429248357,1.46276205177201,2.0648883949399215,0.34615574085785306
4,29,b,1,9.765744832382445,10.202360533646427,-1.7106755565379066,1.2888611377702284,1.4041932169670768,0.4046241959296152
4,29,c,1,10.303418540362754,10.202360533646427,-2.2161981782618474,1.843917058545057,0.424198782759203,0.431988560504118
4,30,b,1,10.668353199361723,10.202360533646427,-3.280334174370904,2.639590166857273,0.1363792237611558,0.5194469028949849
4,30,c,1,10.057828518206954,10.202360533646427,-2.3311641758797235,1.785849882312057,0.36488849960567193,0.4542293900034559
4,31,b,1,9.14816861816453,10.202360533646427,1.8109477688531526,0.1624897024112449,5246.108415321206,0.050000964530359765
4,31,c,1,10.19229205397234,10.202360533646427,-1.5485092980916215,1.631442838126128,1.0315242654200192,0.3695245302641084
4,40,b,1,10.589479836712181,10.202360533646427,-5.764550359216689,3.632553748555765,0.0018255806140462865,0.7589970606500902
4,40,c,1,9.85282457235035,10.202360533646427,-1.2307631462094712,1.278325261708966,1.8718519066856907,0.3498348225341142
4,41,b,1,9.82349835875663,10.202360533646427,1.7226673176044132,0.2286522072817554,8103.083893049377,0.05646760557332346
4,41,c,1,10.01331117808603,10.202360533646427,-1.652262191996555,1.5347344720638694,0.9993503708218958,0.38720327373193597
4,42,b,1,9.70747052301615,10.202360533646427,-1.1177531684074882,1.1333480542888394,3.2550801790850925,0.34477568423665544
4,42,c,1,10.422800789152546,10.202360533646427,-2.6334519709928026,2.115368471549006,0.20940410920604552,0.4674783971489522
4,43,b,1,10.473483909796352,10.202360533646427,-3.058994944974239,2.3009431814337034,0.09689353086062247,0.5060859935885117
4,43,c,1,10.520737895460414,10.202360533646427,-1.4904177084063186,1.6145211360209428,1.822906837063565,0.3541002493176805
4,32,b,1,9.94411235562291,10.202360533646427,1.764243451829033,0.23630957725446988,3306.5017960029973,0.05000000025460426
4,32,c,1,10.809624494972233,10.202360533646427,-2.0080099549430415,2.202867445224573,0.7406977489551085,0.3929263711239287
4,33,b,1,10.566050265963039,10.202360533646427,-4.288166265246348,2.811895770743332,0.024570375699437024,0.6204073527439578
4,33,c,1,10.378207283331669,10.202360533646427,-2.202113233477478,1.8472121090235785,0.4878043770920085,0.42787272184802067
4,34,b,1,9.892159541344748,10.202360533646427,1.6936882885209064,0.2312681209262545,8102.830372526,0.059077905872020095
4,34,c,1,10.645148135164177,10.202360533646427,-2.148535279090628,2.035647821145939,0.6218326703099287,0.41250506622325744
4,35,b,1,10.225250236288689,10.202360533646427,-2.5630839719451095,1.9882724110251884,0.44470327576216023,0.4712685301666106
4,35,c,1,9.945274516920302,10.202360533646427,-2.0537465686955723,1.614275409736456,0.554643324976444,0.43101424466292787
4,52,b,1,10.912237188304271,10.202360533646427,-7.476375230420592,4.705947611332226,0.00012340980409237772,0.894253062706034
4,52,c,1,10.418328346688579,10.202360533646427,-1.7114132541984854,1.665323677701025,1.3130771169379116,0.379152361992861
4,53,b,1,10.822907750032488,10.202360533646427,-1.8393136702191095,1.998563192160514,0.7485755622135605,0.3758208646635378
4,53,c,1,9.965743505634252,10.202360533646427,-2.0327330771972907,1.580706158604789,0.48974169700007936,0.42741293710192985
4,54,b,1,8.842592541188774,10.202360533646427,1.4749454711681897,0.205737710863252,2159.3818703919596,0.08928645708690415
4,54,c,1,9.960096597364144,10.202360533646427,-2.177703561941173,1.8147190153130752,0.33781736932576456,0.44189416527617625
4,55,b,1,12.62345337855776,10.202360533646427,0.8453316400220422,0.9173892048348131,335.6844484715152,0.11136009230780215
4,55,c,1,11.545413560941228,10.202360533646427,-1.288061864454375,1.9904311206686112,3.0528110430035205,0.305462089467221
4,44,b,1,10.15081641439238,10.202360533646427,-0.7189878129819092,1.2000257561966177,7.063918725004511,0.29035051516582117
4,44,c,1,10.259288790510999,10.202360533646427,-1.460076048953975,1.5323137432409584,1.743823089080624,0.3598115199604421
4,45,b,1,9.981718633036873,10.202360533646427,-2.18058507514038,1.6901132617878085,0.4134926822404351,0.4420064679883534
4,45,c,1,10.415329593586565,10.202360533646427,-1.731751489952498,1.78204034334296,0.9478843186866229,0.38027476601625687
4,46,b,1,9.451504438402093,10.202360533646427,0.7120526024829433,0.510305093168226,303.38332510861585,0.16326658329406069
4,46,c,1,9.855220502582105,10.202360533646427,-1.929941948797449,1.5551856444913157,0.7194241125021822,0.4224345367367648
4,47,b,1,9.83745640628549,10.202360533646427,1.7782617848121116,0.22550674465337472,5464.74869907307,0.050000000130969065
4,47,c,1,10.243070290164795,10.202360533646427,-1.2969491753574973,1.6633548906019358,1.6519032108751022,0.34299922460872556
4,56,b,1,10.70995377241886,10.202360533646427,-1.8753836651344806,2.0361151263656065,1.1132405584900467,0.38460451562620335
4,56,c,1,10.740250348755001,10.202360533646427,-1.7032682320011694,1.9007513463501873,1.4675335047666722,0.3673050362198255
4,57,b,1,10.846575604120059,10.202360533646427,-6.684223050325224,4.239552548600253,0.0005680827889468058,0.8265785099145091
4,57,c,1,10.380581781553426,10.202360533646427,-2.050607760556509,1.8066811868438968,0.6666585853877073,0.41320858341522965
4,58,b,1,11.012603984164143,10.202360533646427,-4.7416398482046915,3.4808512395800513,0.011213553670940946,0.6366194624504937
4,58,c,1,10.055504434894278,10.202360533646427,-1.3994065676967462,1.3664841671697139,1.9562312665555954,0.36104728499157346
4,59,b,1,10.033174993687632,10.202360533646427,0.5543735156839421,0.7123252343676441,181.98679735809324,0.16903128358579284
4,59,c,1,10.08551764988417,10.202360533646427,-1.3075445588587455,1.4727593419788991,1.973103336910745,0.35021625497035175
4,60,b,1,9.458380479213972,10.202360533646427,-1.8478891833261462,1.4214684945562137,0.36576759167383566,0.42765645748812514
4,60,c,1,9.839595566111473,10.202360533646427,-1.5168325425750449,1.46554962523797,1.3230047810862184,0.3803136618061911
4,61,b,1,11.1484591503671,10.202360533646427,0.2905256719046838,1.0486615123823517,77.66179163265204,0.17496398861142853
4,61,c,1,11.113264948663131,10.202360533646427,-1.966593847702364,2.176420308335053,0.9252227262887331,0.37884734526093067
4,62,b,1,9.82434318965995,10.202360533646427,-1.4063342214912318,1.3568533597039087,1.780369931023165,0.36994958285725343
4,62,c,1,10.1903503164917,10.202360533646427,-1.5900307037728618,1.6095512295693426,1.1016465285936772,0.374265849020746
4,63,b,1,10.087465685685713,10.202360533646427,-1.492231809687103,1.49958413946436,2.034391180791858,0.36985851994682534
4,63,c,1,10.12548992653498,10.202360533646427,-2.1717459869342455,1.801234078043947,0.45462616190262534,0.4351234392974883
4,68,b,1,11.768362051553673,10.202360533646427,-4.852794673743613,4.275240193749067,0.01214721150167107,0.6055792500275905
4,68,c,1,10.295128156545422,10.202360533646427,-1.180868447026979,1.4019939922561768,2.902044420389901,0.3312667218447891
4,69,b,1,10.346805568930057,10.202360533646427,-0.11723672195010945,1.0273584023479079,58.01884910850449,0.2292985149087625
4,69,c,1,10.29969200234724,10.202360533646427,-1.624465103186675,1.6838223110436015,1.055771244805658,0.3737358032789933
4,70,b,1,10.240902247206993,10.202360533646427,-6.881466879757895,3.666800635928405,0.00012340980417399307,0.8931441458192069
4,70,c,1,9.85327351452497,10.202360533646427,-2.529263294083353,1.6820858197330322,0.2077827102308621,0.48318858824430067
4,71,b,1,11.05904151498167,10.202360533646427,-2.2743583101720306,2.270837983281581,0.3686758389103414,0.40765755552029054
4,71,c,1,10.61338312692135,10.202360533646427,-1.449140980184612,1.6433271679526003,2.28158372377615,0.34755624558115794
4,76,b,1,9.698969376055382,10.202360533646427,0.3397161918546654,0.6813310216030043,95.00454920083128,0.19635888606678245
4,76,c,1,10.268841555196284,10.202360533646427,-1.5249132460634645,1.6191371359898081,1.5340857829443029,0.36579607374874007
4,77,b,1,10.657441360890472,10.202360533646427,0.43291207055520153,0.9750107516107991,103.61936013718477,0.16967512017035608
4,77,c,1,10.014713475760328,10.202360533646427,-1.5810473833269305,1.6307533740344,0.878101704906527,0.3789100350645482
4,78,b,1,9.535384969615892,10.202360533646427,-2.1485808571034815,1.3785382964678357,0.4062456661731512,0.4590285059646373
4,78,c,1,10.038972860561383,10.202360533646427,-1.952156755899645,1.6512687735094402,0.7230623459537174,0.41708389683571395
4,79,b,1,10.775042854320539,10.202360533646427,-2.014338095851712,2.1254956239530474,0.9139569531330327,0.39539309175878584
4,79,c,1,9.590292258137755,10.202360533646427,-1.7670391208589558,1.2760740460120892,0.6803467369615228,0.41559853572592265
4,64,b,1,11.597876725558688,10.202360533646427,-7.619434117980651,6.036512375502384,0.00020896498232797874,0.8543166536763045
4,64,c,1,9.932474702794766,10.202360533646427,-2.4100213829169403,1.785630024933159,0.27443166946119135,0.467470651067148
4,65,b,1,9.909759081180699,10.202360533646427,0.7929525759292781,0.6126007836641407,224.57652937288898,0.14630818822024352
4,65,c,1,10.39893620454483,10.202360533646427,-1.4197591792759177,1.6647527285689336,1.4615539688714485,0.3501627198927551
4,66,b,1,10.063936450487962,10.202360533646427,-1.895408375406062,1.6131885300616575,1.1067797849208403,0.4113817714979223
4,66,c,1,10.248730581601016,10.202360533646427,-2.0120937988833334,1.737119665960681,0.6118086603562328,0.41423823446124103
4,67,b,1,9.657123262548465,10.202360533646427,1.7285889691339071,0.20665335893813994,8103.068022379543,0.05681174709173566
4,67,c,1,10.195758155237863,10.202360533646427,-1.6159024942330933,1.6237816434550352,1.2514047103449202,0.37726622568485585
4,84,b,1,11.218122001128773,10.202360533646427,-2.2359536638537305,2.4475461872818034,0.35107065411908783,0.39805638409148114
4,84,c,1,10.360049789917394,10.202360533646427,-1.3621100660420857,1.6141709191526448,1.7481974762737436,0.3461578651529064
4,85,b,1,9.980939408015697,10.202360533646427,0.5983677659568014,0.6512512691751051,287.2900337432098,0.16638968111970098
4,85,c,1,10.9583255869178,10.202360533646427,-2.383829312151696,2.4150887972528032,0.4957614346944256,0.42281593665116624
4,86,b,1,9.87528613559616,10.202360533646427,-0.49243525233173757,1.078205829183168,12.039115496312231,0.2758052169131718
4,86,c,1,9.98498664771945,10.202360533646427,-1.59269725788976,1.5140225713163056,1.014467864873815,0.3819208181064863
4,87,b,1,9.823450808801468,10.202360533646427,1.7845857983746662,0.2101271111633578,8102.786124586582,0.05000079522038507
4,87,c,1,10.023965379012825,10.202360533646427,-1.9358724907787037,1.6553603796880152,0.6186443656785475,0.4154169784308354
4,88,b,1,10.445726503979502,10.202360533646427,-0.3922177380132163,1.173005464159512,13.108357826802298,0.2507439813985871
4,88,c,1,10.564978872205417,10.202360533646427,-1.9277420842701343,1.8878594199975414,0.7504294918559823,0.393969856732479
4,89,b,1,10.836568761092426,10.202360533646427,-1.7092232667840572,2.0182683364593297,1.241517202734175,0.36413608764667027
4,89,c,1,10.192656574806355,10.202360533646427,-1.8493446946719787,1.713354396807286,0.6644163119659757,0.3996723383545257
4,90,b,1,9.837087013157005,10.202360533646427,-3.4296018407026314,1.9622380120855087,0.03256866884943169,0.5753171920322673
4,90,c,1,10.199216390085965,10.202360533646427,-2.358138376838623,1.9214815239727256,0.29814429376912177,0.4500863723971867
4,91,b,1,9.060935560298606,10.202360533646427,1.8163641260800976,0.14411375848523245,8103.0832472648135,0.05060588236477257
4,91,c,1,10.235540568746623,10.202360533646427,-2.0777494785245123,1.8738565464811225,0.465699196437891,0.4206903949657619
4,80,b,1,10.213178051791214,10.202360533646427,0.8183003922103076,0.6293117167222866,316.9517706656461,0.14027892265883307
4,80,c,1,10.52340436824569,10.202360533646427,-1.133905778609777,1.5302712755688328,3.86078298242612,0.3202515420027006
4,81,b,1,9.6666309069029,10.202360533646427,-3.858136965941428,2.1227096306153586,0.007897528671794234,0.6273648315203044
4,81,c,1,10.084209687747576,10.202360533646427,-1.9741798883978599,1.7954674062761864,0.5179467971861185,0.4163521967092708
4,82,b,1,10.782174726358122,10.202360533646427,-2.6072499195637064,2.4174298832731553,0.39284675328512586,0.4509444991058029
4,82,c,1,10.309773001223677,10.202360533646427,-1.949629858300047,1.8737462153312772,0.6452013425502683,0.40548148025412856
4,83,b,1,9.825418139376506,10.202360533646427,-2.4043018353197687,1.7068194018687417,0.2619278053892463,0.4717738277999773
4,83,c,1,10.234429931818875,10.202360533646427,-2.9763208325911936,2.2727400818497725,0.10982583566286803,0.5097082657447398
4,104,b,1,10.604761918164675,10.202360533646427,-1.4760829992940798,1.7565705609846969,1.674387034554592,0.34957028656203887
4,104,c,1,10.459688670862485,10.202360533646427,-1.648198346545278,1.8159646960006333,1.0761129241125955,0.37053093173891294
4,105,b,1,10.50122807340421,10.202360533646427,-7.277743127580193,4.191468606485799,0.00012340980421567026,0.9099059798631348
4,105,c,1,10.30737516231557,10.202360533646427,-1.7374438360922662,1.7468094113589898,0.991715704604278,0.38500909104197995
4,106,b,1,10.526994947441047,10.202360533646427,0.45756117569124855,0.8597165625237451,80.76049407778744,0.1684980219293986
4,106,c,1,10.468950482523077,10.202360533646427,-1.9658547187733122,1.8830912808276339,0.7096002955848553,0.40128971100196686
4,107,b,1,10.264917641501306,10.202360533646427,-2.6433210161699874,1.9850082195294396,0.24642801794367697,0.4761703747187049
4,107,c,1,10.088555524594096,10.202360533646427,-2.183353556231447,1.7137886258621342,0.404237947099753,0.4375395178598157
4,72,b,1,10.236243513351788,10.202360533646427,-3.3237314074171866,2.4273298849383718,0.05483136216255736,0.5435577950259195
4,72,c,1,9.846424538082642,10.202360533646427,-2.0647383374571295,1.6452161400053698,0.4033870483445784,0.43532595061382456
4,73,b,1,9.1800175589923,10.202360533646427,-2.483002224367203,1.2215594370937817,0.14084066525000563,0.5114867123444713
4,73,c,1,10.14142123267595,10.202360533646427,-2.9788107470036946,2.136845484992731,0.15220797675791467,0.5155665314339042
4,74,b,1,9.979834016905501,10.202360533646427,-0.4016601972494417,1.012660555811878,39.02819599286188,0.26662135555625766
4,74,c,1,9.940914877274066,10.202360533646427,-1.990089919497574,1.6003788414186757,0.6590075092208172,0.4249562046659128
4,75,b,1,10.53060936729475,10.202360533646427,1.4724563888057254,0.38997021148968325,8103.050248733671,0.0769661367664957
4,75,c,1,10.134251194609991,10.202360533646427,-1.9167039595818727,1.7109581044291957,0.6696580965104539,0.40915315493423726
4,96,b,1,10.18080858600202,10.202360533646427,-2.9479752697454686,2.0830835832811854,0.09810608311030074,0.5090672018450687
4,96,c,1,10.699540888934537,10.202360533646427,-1.0687264784508719,1.6206500740863778,3.110369042492567,0.30771524536050177
4,97,b,1,10.935724212805098,10.202360533646427,-4.783768091021286,3.6977495101627635,0.009334855453594998,0.6447922525195099
4,97,c,1,10.222590676753375,10.202360533646427,-2.8153245448249455,2.2215928554781588,0.1387146024399671,0.494273831301443
4,98,b,1,10.14555438421161,10.202360533646427,-1.4311685392277367,1.549722409726021,1.6457966175314824,0.36057787496494287
4,98,c,1,9.660974947618646,10.202360533646427,-2.4006708849578686,1.6193635742432337,0.17508101532208437,0.47774467360751716
4,99,b,1,9.622787064519706,10.202360533646427,0.5441041632990435,0.6471525601338642,178.52878798626094,0.17731091634923027
4,99,c,1,9.283367486186883,10.202360533646427,-1.4880551541170233,1.132437986016383,1.0419218755607902,0.39867185541159167
4,108,b,1,9.688277383837525,10.202360533646427,1.6290637772270982,0.2341937150482573,8103.083906597053,0.06714974864294296
4,108,c,1,9.918796657159994,10.202360533646427,-2.362035812892735,1.7064186206681669,0.3200965175674793,0.463477386457053
4,109,b,1,10.421431194945484,10.202360533646427,-3.328043863418814,2.454459528978611,0.05820007896982409,0.5345132212207578
4,109,c,1,10.575583096907954,10.202360533646427,-1.5745255113112795,1.8095049682423094,1.2893097284425425,0.35962173161191774
4,110,b,1,10.110021128271871,10.202360533646427,-1.5624349506290292,1.5499641871815424,1.4245468984608942,0.37525716542339155
4,110,c,1,10.369993466606633,10.202360533646427,-1.3786232437604231,1.6275479113633349,1.8290942287763634,0.3477086302144059
4,111,b,1,11.546515006545043,10.202360533646427,-0.8662868202229919,1.7876203370793757,7.967768873303353,0.26921611282635755
4,111,c,1,10.70321523561662,10.202360533646427,-1.809161662258855,1.9343597345850205,1.031496771358328,0.37805473639949855
4,92,b,1,12.23664048863882,10.202360533646427,1.5842778735175658,0.4623674177310081,1403.3029525160384,0.05439120615166321
4,92,c,1,10.851278552818746,10.202360533646427,-1.2031864140541657,1.7165327260436292,2.9969256690912562,0.31659875243913527
4,93,b,1,10.145581706010695,10.202360533646427,0.7853395698304051,0.6100687439323217,359.6655964040498,0.14492851522362651
4,93,c,1,10.490678271778613,10.202360533646427,-1.7571119265307722,1.7468522718316706,1.0990721963840842,0.3806246201696058
4,94,b,1,10.182634001514502,10.202360533646427,-3.87923315647332,2.503942016956163,0.014955352127147273,0.6003696701400462
4,94,c,1,9.846742949250029,10.202360533646427,-1.9490293319405918,1.5280789645540627,0.5551141417751547,0.4239138938970934
4,95,b,1,9.746192188439077,10.202360533646427,-3.9092116990384875,2.115471955601223,0.03505912565826103,0.6329026158432915
4,95,c,1,9.842140144709987,10.202360533646427,-2.7993572816745713,1.87115418204003,0.1264980787306634,0.511334099167439
4,100,b,1,9.776710273548437,10.202360533646427,1.6356340581894888,0.2678382046671298,4245.393521096813,0.06495312671979102
4,100,c,1,10.053535672956155,10.202360533646427,-1.0787769247209242,1.3592492536248069,2.9992395225181427,0.32842353263761775
4,101,b,1,10.4664345259524,10.202360533646427,-2.698550934926446,2.222295890941794,0.46755109105466575,0.4740152359588922
4,101,c,1,10.495535437503266,10.202360533646427,-2.6131703183551913,2.2199029929824556,0.27024548821929856,0.4629224598199449
4,102,b,1,9.459301488527505,10.202360533646427,1.2258819590497305,0.38081383094165855,674.9971489192376,0.10820697194744006
4,102,c,1,9.703598135924542,10.202360533646427,-1.803430218023196,1.4561588508493002,0.5452287931769694,0.4138293701814133
4,103,b,1,9.173040929457683,10.202360533646427,0.6777876532348319,0.4768661765516639,142.79162454068083,0.16984714574135035
4,103,c,1,10.029948274613622,10.202360533646427,-1.713964212394898,1.567862350005419,0.9604131872718941,0.3930298433897096
4,112,b,1,11.218246683619244,10.202360533646427,-4.648568572235074,3.8835630306319855,0.010340536175037643,0.6162277784999456
4,112,c,1,10.040293100234738,10.202360533646427,-1.5398068756007328,1.590668732073008,1.163598313943313,0.37467595766975953
4,113,b,1,11.77432778566377,10.202360533646427,-7.400075890796922,5.955445571051811,0.0005501048097467938,0.8231552834086324
4,113,c,1,9.585333755454016,10.202360533646427,-1.634431819560973,1.2266587871243333,0.8669270133123022,0.4018785433247756
4,114,b,1,9.121508189212049,10.202360533646427,1.5483124965720991,0.2175211832497559,5046.616264474216,0.07975007930012862
4,114,c,1,10.097812595269659,10.202360533646427,-1.5500809893836214,1.6329404810945172,1.0460100705939157,0.37320900710415045
4,115,b,1,10.974970502231546,10.202360533646427,-3.549193411714038,2.923512145314223,0.08636307761686716,0.5295811181870095
4,115,c,1,10.272373167830011,10.202360533646427,-1.9658585651101346,1.7335796812005686,0.7296215048168789,0.40905995105001375
4,120,b,1,9.830675803848337,10.202360533646427,-5.785402140587594,2.784411347781408,0.0004837054963397676,0.8169719976110781
4,120,c,1,10.512637870346794,10.202360533646427,-2.123359750192262,2.052247532218943,0.45082028091943316,0.41414485721660865
4,121,b,1,9.870317134293051,10.202360533646427,-1.641182934759171,1.422233402690157,1.148031073339817,0.3921354781373955
4,121,c,1,10.315564762111771,10.202360533646427,-2.5598443257318566,2.1212466517998685,0.23106005655653022,0.46505025246985665
4,122,b,1,10.636316225291006,10.202360533646427,-3.198489395719612,2.4893938794243224,0.10368824902507684,0.5123673551095667
4,122,c,1,10.682267146351762,10.202360533646427,-2.063137047770451,2.0270673673442916,0.6868465840207506,0.402873534928136
4,123,b,1,9.944018394614139,10.202360533646427,-1.9901702171326834,1.6968646758149164,0.834250235615548,0.42559488568489545
4,123,c,1,9.849314989066265,10.202360533646427,-1.364856360814499,1.3983439628277712,1.411083650905125,0.36351060913228705
4,116,b,1,9.643758171827086,10.202360533646427,-2.6539023390380385,1.6846421818852835,0.18159480102211242,0.5070193192038969
4,116,c,1,10.294920884169617,10.202360533646427,-1.3112118509921773,1.6097411655124148,2.104421782274553,0.3437159123506705
4,117,b,1,11.640776428692112,10.202360533646427,-6.8089735448084845,5.540145293302704,0.0005839309867736154,0.7811374832147586
4,117,c,1,10.063264876509942,10.202360533646427,-1.3231313585770428,1.4122061535428325,1.783881867871467,0.3522649991016832
4,118,b,1,10.19955789278305,10.202360533646427,-1.2032180825700693,1.3518985974765472,4.22568165569199,0.3379189011193981
4,118,c,1,10.437239277627588,10.202360533646427,-2.6539253353697365,2.108016624330096,0.23865159805432962,0.4692944134772036
4,119,b,1,10.321384950632398,10.202360533646427,-3.549529123416082,2.57612320192261,0.028122142322509563,0.5602618638915674
4,119,c,1,10.086781338098579,10.202360533646427,-1.593711922115152,1.5531360370449705,1.099283426166086,0.3784939996718793
4,128,b,1,10.621373803767847,10.202360533646427,-2.2673603574045655,2.0929972373345347,0.6776415992439447,0.4254586374832442
4,128,c,1,10.49058924051799,10.202360533646427,-1.7521784247032304,1.789149055973644,1.225545173931187,0.3804646252057138
4,129,b,1,10.22446208689402,10.202360533646427,-3.5648730360987138,2.282538573370915,0.04290795896738662,0.5684501235058885
4,129,c,1,10.157619640889106,10.202360533646427,-2.2237218409860584,1.7912859226789473,0.4716405604498261,0.4393219149198899
4,130,b,1,10.821515247988687,10.202360533646427,-3.805727413698061,2.8723547486820658,0.033295621437539835,0.5598953887762703
4,130,c,1,10.530864360556832,10.202360533646427,-2.298328506279035,2.0340351433526482,0.4085967735461705,0.4308529522997064
4,131,b,1,10.4246829649865,10.202360533646427,-1.3638898860621012,1.663032178871207,2.734806723560103,0.34570183895131723
4,131,c,1,10.534342068632668,10.202360533646427,-2.2671724308745054,2.172180344827614,0.3705164366848722,0.42724955769607176
4,124,b,1,10.554545443560308,10.202360533646427,-6.970624575655339,4.179323866828419,0.00012340980430063637,0.8753530648128539
4,124,c,1,10.230812520883251,10.202360533646427,-2.5977054179209507,2.085315147511785,0.17843528912387258,0.47199423940148166
4,125,b,1,10.13594185636118,10.202360533646427,-3.18232545864776,2.272230948747819,0.07160259143295876,0.5349365085583462
4,125,c,1,10.168940728584337,10.202360533646427,-2.3081467899975197,1.986409672176721,0.3587112329055175,0.44679726789843216
4,126,b,1,10.517207691835484,10.202360533646427,-0.6665413034268495,1.3219375823510378,20.33623543797107,0.27792409115548594
4,126,c,1,10.448526237737562,10.202360533646427,-1.994176490190985,1.8332771848191838,0.6514635757030662,0.4046911440407074
4,127,b,1,10.118865509175793,10.202360533646427,-2.3878486234445653,1.8373520726520156,0.2853772755184875,0.456650563679914
4,127,c,1,9.863035523084177,10.202360533646427,-1.9597150822694243,1.5694681259189642,0.44957331436434944,0.42351713734545443
4,136,b,1,9.91087487751699,10.202360533646427,-0.9789802453514498,1.2882293024661071,3.3843613294730854,0.3227592704056122
4,136,c,1,10.08476076126855,10.202360533646427,-1.4102371639074414,1.4897120335926604,1.5957977011453295,0.3603989656371721
4,137,b,1,10.245258752437957,10.202360533646427,-1.7780872474814762,1.7515003763117414,1.215724997327459,0.39223805920759003
4,137,c,1,9.733251467247989,10.202360533646427,-1.9553505849246582,1.4964383918010586,0.5059451394250185,0.42918128850870235
4,138,b,1,9.867595824314046,10.202360533646427,0.44455922810159604,0.7064197844114064,101.62467576245983,0.18194204502694294
4,138,c,1,10.531867957708682,10.202360533646427,-1.8071096079104119,1.8588135781875004,0.7165632792315965,0.3827562885344875
4,139,b,1,10.784780468952617,10.202360533646427,-3.1495235626887705,2.6357076524589593,0.09009895740559806,0.5001708800313579
4,139,c,1,10.250766150823264,10.202360533646427,-2.2094550918247267,1.8778256430343736,0.45742820098195136,0.4337513006010719
4,152,b,1,10.160465929227554,10.202360533646427,1.3188704347116036,0.42585840104666955,1393.1333084228559,0.09282233836940444
4,152,c,1,10.811941195675715,10.202360533646427,-1.4844857386770869,1.9229467557680109,1.5120681748847362,0.34336118451589426
4,153,b,1,10.639370603558055,10.202360533646427,-0.0833993398701484,1.1296075361579652,27.61193742724087,0.21759245752037065
4,153,c,1,10.268533329662613,10.202360533646427,-1.8014456177205367,1.726055722051508,0.8354043857662364,0.39254493318003425
4,154,b,1,11.396193723408167,10.202360533646427,-2.39463600458964,2.744980869081161,0.3122010155598598,0.40637088633455387
4,154,c,1,10.219267836559162,10.202360533646427,-1.0028209984629588,1.3931816196580082,2.820031855943083,0.31478822497896736
4,155,b,1,10.046382223404336,10.202360533646427,-1.5843737740277937,1.4606940743728496,1.4956898078026168,0.38013838467733513
4,155,c,1,10.098559525933524,10.202360533646427,-1.8975279477904938,1.6151764337353023,0.7506246430258624,0.40896840365553616
4,156,b,1,10.840602602011662,10.202360533646427,-3.9582375755788277,3.1419723233189445,0.022536201040937964,0.572779528865926
4,156,c,1,10.70906401327509,10.202360533646427,-1.2088065333885698,1.7354860087628765,2.282567441028607,0.3204135219387348
4,157,b,1,10.026207332270696,10.202360533646427,-3.053545826223827,2.19698697452049,0.05502107490674033,0.5260833240533853
4,157,c,1,9.696758867339048,10.202360533646427,-2.3273187407226104,1.5781800314098042,0.24466723146400973,0.46922850905703645
4,158,b,1,10.563731416891256,10.202360533646427,-5.465213359993269,3.477731231409871,0.0020091184958925612,0.731705735894607
4,158,c,1,11.279192043964755,10.202360533646427,-1.6673616318157571,2.259537989046753,1.2894547548888944,0.34599984319603005
4,159,b,1,10.032941105522605,10.202360533646427,-0.39922407978693797,1.1274878733564917,15.639271355684688,0.2624431601577216
4,159,c,1,9.677164844422153,10.202360533646427,-1.5086785361456823,1.3362228664230336,1.2580847392441132,0.38558422879817433
4,144,b,1,9.715812252035613,10.202360533646427,-0.14667593148401487,0.9137930534957044,20.189514858696544,0.24407556169103445
4,144,c,1,9.988398180383362,10.202360533646427,-1.70839113009867,1.5710341959051364,0.9273530314791202,0.39393275015769513
4,145,b,1,10.197039197379189,10.202360533646427,1.7596071919772656,0.23382442113588808,8103.0838547174335,0.05068343794922854
4,145,c,1,11.025896980420566,10.202360533646427,-1.453538649812462,1.9194081519211057,1.758884707801368,0.3341871754166962
4,146,b,1,9.663544462739896,10.202360533646427,-0.2355587719595541,0.8589218121638631,15.297619803347255,0.2541818061457866
4,146,c,1,10.298106739347864,10.202360533646427,-2.0501868555968246,1.8301019358406485,0.5702147397330574,0.41597052860018174
4,147,b,1,10.250326324434406,10.202360533646427,0.6377705051719569,0.7335568754776449,94.10268313752253,0.15470558349440766
4,147,c,1,10.249573762515993,10.202360533646427,-1.3741396926768341,1.5414713366727129,1.98626174271583,0.3516217907149546
4,148,b,1,9.98933101969048,10.202360533646427,1.46861891251103,0.3366823381942783,8084.987458092623,0.08152609449318451
4,148,c,1,9.884498042080917,10.202360533646427,-2.00428619708334,1.6538662805821234,0.39186903523574984,0.4268966426282178
4,149,b,1,10.582168006536673,10.202360533646427,-4.313787210720008,3.1333356513343755,0.006168768161021068,0.6187137606954186
4,149,c,1,10.260251894724796,10.202360533646427,-1.6402446349274213,1.6916903211515477,1.0904719195678831,0.37694832885884094
4,150,b,1,10.68762890232324,10.202360533646427,-2.8567949555814867,2.4201951140594113,0.2698144972970207,0.47854950651814604
4,150,c,1,10.005601798963273,10.202360533646427,-2.093028127131961,1.6449719848577964,0.5823817491913479,0.4327715644685814
4,151,b,1,11.102610170461327,10.202360533646427,-3.6535748671347017,3.1032686178087197,0.057485965901665714,0.5325223710005603
4,151,c,1,10.18724203573571,10.202360533646427,-1.8778047184690059,1.6869686965743895,0.6640550201246374,0.40289173024196673
4,132,b,1,10.323598058245867,10.202360533646427,-5.782616135433532,3.363098667581853,0.0009937187783844116,0.7793406070244228
4,132,c,1,10.102613341601698,10.202360533646427,-2.794243234269098,2.0464043482170755,0.14114748802659538,0.4979766888779844
4,133,b,1,10.005551113698807,10.202360533646427,-6.453372732742296,3.1439520982126723,0.00012340980415780542,0.8693675607899586
4,133,c,1,10.070192444886143,10.202360533646427,-2.840731025282695,1.955195073966231,0.15723621485860434,0.5048221645478351
4,134,b,1,10.631774220483967,10.202360533646427,1.3690036898820601,0.43094891145665937,5483.578140776249,0.08578682467394014
4,134,c,1,10.787359012673237,10.202360533646427,-1.0840567452539367,1.5460847576288392,4.637004743436776,0.30804572129614133
4,135,b,1,9.529575668138405,10.202360533646427,-1.2865495650814296,1.2104099612890047,2.187449768868919,0.3686905978700975
4,135,c,1,10.187895671042783,10.202360533646427,-1.3125576102917855,1.5716712194728928,2.007834299682248,0.3472934255663242
4,140,b,1,9.085537516671122,10.202360533646427,1.2845045715035557,0.28457209364289315,1046.4602549967615,0.1070737954984666
4,140,c,1,10.313498391715461,10.202360533646427,-2.6148744705521536,2.1802045771889853,0.212042420226344,0.4705550467242024
4,141,b,1,10.190834530353928,10.202360533646427,0.009727041617759459,0.9242916344517337,72.00641606189951,0.22026041362791624
4,141,c,1,10.29863374496314,10.202360533646427,-2.176103864881638,1.8523832745499549,0.5276465052884022,0.4287351488332049
4,142,b,1,9.60745611629052,10.202360533646427,0.0218553641298902,0.7655176629706173,80.32256509730983,0.23258144994023128
4,142,c,1,9.825024761161188,10.202360533646427,-2.169197180399018,1.589323184094173,0.3833358889313176,0.447531097002773
4,143,b,1,10.342172978438413,10.202360533646427,-6.7948033181076735,3.7967903313592726,0.00012340980565575353,0.8756910615884116
4,143,c,1,9.911794480481227,10.202360533646427,-2.514632379447776,1.7298341733893845,0.24680982907720359,0.47935231216104784
4,160,b,1,9.792526423479558,10.202360533646427,1.0309743329657994,0.5003132551700424,233.25110062919163,0.12225938845318018
4,160,c,1,10.543634203542394,10.202360533646427,-1.6808715991742709,1.8824657570259304,0.9508837377555678,0.37046875271282564
4,161,b,1,10.325882605163153,10.202360533646427,-3.2355907767492464,2.37391974519465,0.046561005276594764,0.529186034156829
4,161,c,1,10.208760122811322,10.202360533646427,-2.332822869423286,1.924689628741933,0.3703360324939916,0.4477339274576939
4,162,b,1,10.66659696882351,10.202360533646427,1.3468989113247556,0.4502867366911445,1407.04166467564,0.08570144483405813
4,162,c,1,10.853867662587264,10.202360533646427,-1.5384284388383855,1.8228862565857171,1.9869682614342772,0.3481976699863943
4,163,b,1,9.112811275277968,10.202360533646427,1.100821133015092,0.3871028916783221,356.04186341508665,0.12479133937681403
4,163,c,1,9.34299664296299,10.202360533646427,-1.9832844083735437,1.2931891242012603,0.37423230028664944,0.4489709841532176
4,164,b,1,9.945400667309867,10.202360533646427,1.7497384161605571,0.2253369366948224,8103.08390389506,0.0529839520308593
4,164,c,1,10.50748673843842,10.202360533646427,-1.658536248474702,1.8349433920405882,1.0881205449047455,0.3699419263236237
4,165,b,1,9.554585396686925,10.202360533646427,1.418435023253917,0.3244443010974571,2187.6118424949996,0.08879101553890302
4,165,c,1,10.33068957431408,10.202360533646427,-1.3086962283833277,1.6417166141008837,2.188659719101094,0.34240586615184854
4,166,b,1,10.398180713949795,10.202360533646427,-3.246879233494952,2.391535395263759,0.06931295870386509,0.527938583925664
4,166,c,1,9.960029363160007,10.202360533646427,-2.548032998876838,1.8262774278558038,0.18356350055872583,0.4795801616307793
4,167,b,1,10.638613886633111,10.202360533646427,-5.14859608854775,3.4130670209937493,0.00333413669612134,0.6965591352668293
4,167,c,1,9.786596908618689,10.202360533646427,-1.5863043597871611,1.3246328217894137,1.1452248124941218,0.38945070898333645
4,172,b,1,9.603914056077263,10.202360533646427,0.8288650559945401,0.4746110405889299,774.6976343335466,0.14997719351928077
4,172,c,1,10.105099766797133,10.202360533646427,-2.565894608022016,1.9477432180235386,0.18548997209827323,0.4746298030852761
4,173,b,1,10.912074244623092,10.202360533646427,-2.1821439014593667,2.198940483841784,0.6104700611458054,0.40562681582550403
4,173,c,1,10.532326187027175,10.202360533646427,-1.3827616093953554,1.6928832281967,1.7748861920665593,0.3426638597032387
4,174,b,1,10.580196469564124,10.202360533646427,0.5280633116416702,0.8526516407825404,70.40154608106542,0.15998241616966014
4,174,c,1,10.314117664850796,10.202360533646427,-1.3309593489655245,1.5807275219558354,1.9555556727752217,0.3448662092071513
4,175,b,1,10.006129706033422,10.202360533646427,-6.037860507348793,3.2765336183649882,0.00026536275312850026,0.8276005962970522
4,175,c,1,9.67925727174984,10.202360533646427,-2.638552842687766,1.7236535472127246,0.14788338371374138,0.5027083193036138
4,168,b,1,10.05075047027318,10.202360533646427,0.11019956589675027,0.8643788254716263,79.53630850383806,0.2130841290234301
4,168,c,1,9.980543234675558,10.202360533646427,-1.2637350208514444,1.3306238874163356,2.242273228627274,0.34966602112113904
4,169,b,1,10.106922770447959,10.202360533646427,-1.1149913908582119,1.3660210156881438,3.270993312334705,0.3308736346879468
4,169,c,1,9.835797122650115,10.202360533646427,-2.30606188654657,1.6166558724925069,0.2855367995531164,0.46087642437890614
4,170,b,1,9.787376987262164,10.202360533646427,1.5943753419385114,0.2853616659254458,4273.7349799904605,0.06924005834706265
4,170,c,1,9.917687440946402,10.202360533646427,-2.361892468204542,1.7755771661979,0.27212069007321593,0.4629384829650801
4,171,b,1,10.41087057135104,10.202360533646427,-3.4149361591748892,2.6076752040766698,0.05000031382929898,0.5434647964228668
4,171,c,1,10.211207478951302,10.202360533646427,-1.5773675820598045,1.6516438604675323,1.2312443653930087,0.37258516236846495
4,176,b,1,9.366616996274193,10.202360533646427,1.604878590628815,0.23065455790589928,8059.84331911288,0.07208996202442168
4,176,c,1,9.834497281808797,10.202360533646427,-2.0658087666808664,1.7219868626671553,0.37589176051193696,0.4356764214405305
4,177,b,1,10.080097910434306,10.202360533646427,-1.8193935951079174,1.5620026574320378,2.39859181725571,0.40471417247534935
4,177,c,1,9.65250377133194,10.202360533646427,-2.2527916957313483,1.4469976332867702,0.41090732952666514,0.4650544572368722
4,178,b,1,11.675501220670338,10.202360533646427,-2.3526335253107744,2.769732168268737,1.2797055187834805,0.39579838489026986
4,178,c,1,10.097068530161511,10.202360533646427,-1.964132390520657,1.6174636718945088,0.6340510799309518,0.4155006535906508
4,179,b,1,11.379153767750932,10.202360533646427,-5.28083808982764,4.160002908022863,0.003511747399891243,0.66337344485022
4,179,c,1,10.868723379776085,10.202360533646427,-1.7826837831771,2.0063035685576374,1.0309098623355428,0.3696985775570294
4,180,b,1,9.775141676628767,10.202360533646427,-1.3427370580664957,1.2462918584836464,2.6164118263180463,0.366225834227391
4,180,c,1,10.050779278271982,10.202360533646427,-2.0074936269809367,1.665189692373472,0.5477702647904522,0.42151392910166685
4,181,b,1,10.29092131815234,10.202360533646427,-1.9135261616940509,1.7238997969002274,0.7954235330478971,0.40317800776600715
4,181,c,1,10.920917111612988,10.202360533646427,-1.7954580885764324,2.0425614512621326,1.0131340816543952,0.36912640789870593
4,182,b,1,9.790856045651848,10.202360533646427,1.3507193308506253,0.37336012994267087,2402.4727522575736,0.0939601704960241
4,182,c,1,9.909741158641419,10.202360533646427,-1.7120044033651818,1.5587308865040752,0.9294280764004328,0.39746043106329065
4,183,b,1,9.964396132550117,10.202360533646427,-4.038677855304147,2.456026966812315,0.016993705283219085,0.630895279959619
4,183,c,1,9.192931645874328,10.202360533646427,-2.500061419133651,1.202563247581071,0.15635400561852406,0.5132799540584451
4,204,b,1,10.221009987728339,10.202360533646427,-0.19039955195255323,1.0388485431510714,32.44804514643082,0.2381548361919671
4,204,c,1,10.327200714412662,10.202360533646427,-1.688316434477675,1.6980852175730285,1.1467470874085133,0.3796738163087037
4,205,b,1,10.264245521229595,10.202360533646427,-1.94116618220945,1.83240885574995,0.9790076532958397,0.40772305020701693
4,205,c,1,9.698603437242083,10.202360533646427,-2.163696936970319,1.542094107038087,0.3493562613399479,0.4523869497742445
4,206,b,1,10.27385617997713,10.202360533646427,-0.1523560760828264,1.0060662466473027,24.744083373788232,0.23214244892991845
4,206,c,1,10.53770557086892,10.202360533646427,-1.9698816380523096,1.8926299793959047,0.7880790985056324,0.3994044375171086
4,207,b,1,9.731527789616504,10.202360533646427,-0.708641571389103,1.1436142935879836,5.307509027317265,0.30053358903895266
4,207,c,1,9.780038540803774,10.202360533646427,-1.8985188941096123,1.5461128860653308,0.5559148131466989,0.42123651459529393
4,200,b,1,10.166862295406537,10.202360533646427,-1.1143953813480416,1.4626379847230944,3.683678798280273,0.32927685858858446
4,200,c,1,9.517284492946489,10.202360533646427,-1.3860729039607578,1.1630511302551603,1.2485407617710715,0.37804865971988405
4,201,b,1,10.147404370610266,10.202360533646427,-2.4937979263183747,1.9536965590496111,0.18371170092338238,0.4649767921821991
4,201,c,1,10.449905888984096,10.202360533646427,-1.3016452977243884,1.6514707854095945,1.9061333634338644,0.33726481496876415
4,202,b,1,10.079648104020128,10.202360533646427,-0.32342331869096225,1.022530819414884,29.390264758576834,0.2551595011523154
4,202,c,1,10.242998691317055,10.202360533646427,-1.6944305136911189,1.6732765571201853,0.8573304774217256,0.38237169689378137
4,203,b,1,12.174678177980589,10.202360533646427,-5.098404808301451,4.9233904193172675,0.005189952084914631,0.6050788375319212
4,203,c,1,10.348007739548887,10.202360533646427,-1.6325980645024822,1.7281653048995445,1.0014292610987667,0.3726382514159261
4,184,b,1,9.828893666471652,10.202360533646427,1.1748606690975865,0.4272328408155945,804.2489304173786,0.11002876348665663
4,184,c,1,10.161243068006781,10.202360533646427,-1.9871426727460026,1.7375613796154687,0.5662095240697177,0.4149012946270962
4,185,b,1,10.989266799586545,10.202360533646427,-0.8374132458932442,1.594148155181174,3.0028580712343578,0.27652592956259475
4,185,c,1,10.334656042658136,10.202360533646427,-1.207333743711599,1.5138411411310506,2.758310305454234,0.33256805577934057
4,186,b,1,9.39767734615032,10.202360533646427,1.6716713663932317,0.2035037823273898,8103.083447345625,0.0645860240562948
4,186,c,1,10.18259247726771,10.202360533646427,-1.9612914318431036,1.828198368932088,0.6358998573273925,0.41172213519003237
4,187,b,1,11.096583871836504,10.202360533646427,-7.531373221480467,5.031102094126021,0.00012340980450741373,0.8844528287280933
4,187,c,1,10.40212037371333,10.202360533646427,-2.0250299264460434,1.8054324762871077,0.7090510742391339,0.40992619945669007
4,188,b,1,10.30656820130241,10.202360533646427,0.37801632258886664,0.8585656682986726,77.18373604954958,0.18020174319719207
4,188,c,1,10.272642286115643,10.202360533646427,-1.4151354534934528,1.6239027373957278,1.3246803709560786,0.3535819810611064
4,189,b,1,10.171992724952954,10.202360533646427,-4.774890657786068,2.758411738044293,0.004933849232472178,0.6909945122951113
4,189,c,1,10.135919438829642,10.202360533646427,-2.2419095008094496,1.766061807291105,0.472093762985826,0.4421732975310762
4,190,b,1,8.813449948839349,10.202360533646427,1.6921889239785879,0.1497689546784246,6413.947217255973,0.06613901770003107
4,190,c,1,10.07481324204922,10.202360533646427,-1.3456813135913712,1.4624016126341215,1.5657300371226643,0.35375013071453193
4,191,b,1,10.514495532321114,10.202360533646427,-5.390319502371525,3.6239581762806896,0.0013617869932208949,0.7268847289663424
4,191,c,1,9.793601444776893,10.202360533646427,-1.8630126125896527,1.5553060305482438,0.5490966298738807,0.4166742123451782
4,216,b,1,10.097272222822948,10.202360533646427,-1.430224225998888,1.5060145243585124,1.8426853070523042,0.3626123803764843
4,216,c,1,10.318799827284042,10.202360533646427,-2.1320259936958346,1.8855474006048931,0.484974352234661,0.42307331115332825
4,217,b,1,9.788570495164832,10.202360533646427,-1.0770761003634006,1.2444541714313475,3.0127351573147276,0.33714423508550856
4,217,c,1,10.16536684338173,10.202360533646427,-2.0477918085513367,1.787988097506923,0.444006257771596,0.4202433923781214
4,218,b,1,11.126642819065971,10.202360533646427,-0.8074574512360497,1.652084789501763,6.460483952014734,0.273123511040873
4,218,c,1,10.431573863701537,10.202360533646427,-1.2939270641418994,1.5396851615854494,2.154296700826801,0.33751598170473124
4,219,b,1,11.032250853956988,10.202360533646427,-4.634290502380232,3.6866311806623386,0.004576687140074204,0.623508161414352
4,219,c,1,10.145984548440332,10.202360533646427,-1.8169224414353733,1.7115120123160337,0.7107460107033952,0.39832513751103915
4,196,b,1,10.729148402477414,10.202360533646427,0.2236008414034562,1.0330481291462283,33.76338202510254,0.18564294827912306
4,196,c,1,10.247401958871054,10.202360533646427,-1.6760057301166222,1.6361828668926963,1.2494262824276157,0.3816344393369861
4,197,b,1,9.733963958142361,10.202360533646427,1.4587828625518293,0.3135327822563584,3847.1308115255692,0.08379967172783648
4,197,c,1,9.848789648997194,10.202360533646427,-2.0875079751753476,1.6036208745449447,0.3910772618405072,0.43759284790548425
4,198,b,1,10.367183830427162,10.202360533646427,-4.777391460995496,3.05100868086143,0.008179694961057252,0.6792836714040358
4,198,c,1,10.182609633022865,10.202360533646427,-2.642044035815784,2.0402145178933218,0.21869593423406555,0.4795356117588009
4,199,b,1,10.60404392073839,10.202360533646427,1.7458972133819661,0.27881453703619574,7689.382915395075,0.05000000007492099
4,199,c,1,10.07964529875672,10.202360533646427,-2.0584134675591015,1.687758202870506,0.49583933281076564,0.42536669639631214
4,192,b,1,9.536954158472971,10.202360533646427,1.2541510740938215,0.3757347252920127,1444.718707662152,0.10601569900501205
4,192,c,1,9.923875675181577,10.202360533646427,-1.200453353005301,1.405726578933472,1.9744352017212592,0.34424421420163304
4,193,b,1,11.807147779381962,10.202360533646427,-5.386436134712285,4.861447105106865,0.0029454062006482483,0.648322168813628
4,193,c,1,9.974302276721044,10.202360533646427,-1.3504590676624821,1.470260054164632,1.574510028036405,0.3578576061396938
4,194,b,1,10.065468404131915,10.202360533646427,1.7683385436019912,0.22393252813777054,5880.667703861461,0.05000000004407233
4,194,c,1,10.208535584162695,10.202360533646427,-2.0501164193510144,1.7244218975187513,0.5442263143706497,0.41945334589516675
4,195,b,1,9.907380744387108,10.202360533646427,1.7151161343966557,0.22884697905822837,8103.083868976444,0.056770831198098885
4,195,c,1,10.550127606052687,10.202360533646427,-1.9488574508983902,1.9671695279122676,0.7548057623911922,0.39667890851125737
4,208,b,1,9.942824908947491,10.202360533646427,-0.07011337216369798,0.9118676536560963,21.426270427395465,0.2304272733366729
4,208,c,1,10.224174579712377,10.202360533646427,-2.0988934793476304,1.7758316304999466,0.4809865340226767,0.42349216302023973
4,209,b,1,9.726666962509864,10.202360533646427,1.1859982970865337,0.3753742086503319,1258.9888240954592,0.11095222496222601
4,209,c,1,10.160639628251957,10.202360533646427,-2.588490700442763,1.88860105340635,0.2221237615198185,0.475017461930706
4,210,b,1,11.40822866462877,10.202360533646427,-6.00126819403356,4.827935748780737,0.0011196952076556839,0.7252547355741433
4,210,c,1,10.289740293199284,10.202360533646427,-1.755335489493105,1.7380916125028243,0.807288520381397,0.38679083106717116
4,211,b,1,9.443599971561667,10.202360533646427,1.6316780640895234,0.22602078947950383,4363.2283124227515,0.06772228700387171
4,211,c,1,10.267582365332244,10.202360533646427,-1.0309769955750863,1.4190993233571556,3.645270985095063,0.31729721905928315
4,212,b,1,10.173352021523241,10.202360533646427,-3.2185877811143824,2.4546689131510426,0.03092004376031254,0.5336481623503643
4,212,c,1,10.340179429402127,10.202360533646427,-0.9788677725460504,1.557639898051589,2.642091074294432,0.30829324048287254
4,213,b,1,9.932577239618718,10.202360533646427,-5.778757221402744,2.8111874692693104,0.00043150752499177106,0.8075464835024185
4,213,c,1,10.161357569777458,10.202360533646427,-2.2191154024080433,1.8173485796367985,0.4073780382777227,0.4381985509425799
4,214,b,1,9.683126846941004,10.202360533646427,1.7522466608985106,0.2096329084693308,8102.732546567929,0.05415324935537189
4,214,c,1,10.424904402382591,10.202360533646427,-1.9238513568802174,1.9348257961878337,0.6518393256289713,0.3983869108826347
4,215,b,1,10.21988876824153,10.202360533646427,-2.785889619919414,2.102566581070332,0.2428048937016367,0.49293652492885726
4,215,c,1,10.5230482971149,10.202360533646427,-2.102214956282169,2.0218429713897255,0.6546677693336056,0.4127711232360152
4,220,b,1,11.335806863685102,10.202360533646427,-3.3852943227720385,3.1029490273815483,0.10198439511386484,0.49797107182436606
4,220,c,1,10.433069591007516,10.202360533646427,-1.9432654909857823,1.8623505789276389,0.7520207674683562,0.4005460903892167
4,221,b,1,10.25974262002734,10.202360533646427,-6.758203935088099,3.495728679853018,0.00012340980533431385,0.879011024105754
4,221,c,1,10.15758481718422,10.202360533646427,-2.1273434651822978,1.7539104456282177,0.4887077487064459,0.4293213229877401
4,222,b,1,9.977640994955257,10.202360533646427,-0.06235129195243455,0.958434525615269,22.210509623476558,0.22892831590739582
4,222,c,1,9.987695680952385,10.202360533646427,-1.9897019857686202,1.6453850986545326,0.49695358360070757,0.4218891296792822
4,223,b,1,9.382126764895956,10.202360533646427,1.7331630740140591,0.188707469551184,8102.647807179316,0.05797694304589107
4,223,c,1,10.546408320534317,10.202360533646427,-1.7658648632837184,1.958899287761302,0.8306279575841906,0.37855668110145285
4,224,b,1,10.169244306450006,10.202360533646427,-1.1655466346524457,1.433811336531552,3.9019854206990057,0.33475284453439275
4,224,c,1,10.283577206439109,10.202360533646427,-2.1916096160592167,1.9051226147425675,0.47139881563433755,0.43061408138375024
4,225,b,1,10.53112167167643,10.202360533646427,0.7591575430227813,0.7278667724143328,348.6824951742016,0.142156143230767
4,225,c,1,10.814701015413961,10.202360533646427,-1.5222969225487946,1.8895746558483877,1.4654086670907085,0.34692094933007805
4,226,b,1,10.424334653162228,10.202360533646427,-4.20527429778773,2.798372717111451,0.01612243129625636,0.6197282249346531
4,226,c,1,10.54285659825994,10.202360533646427,-1.403282878821785,1.7152896563393223,1.7016196338952554,0.34426403485568524
4,227,b,1,10.078325943917218,10.202360533646427,-2.1530878981847588,1.7365995740944413,0.6718496616623123,0.4364083714440886
4,227,c,1,9.994768607276425,10.202360533646427,-2.4905683652063875,1.866514119585343,0.2381698147760949,0.47268296468169707
4,228,b,1,10.455363056977106,10.202360533646427,-1.743739097265838,1.7964866504651869,2.1766371333188985,0.38241570388505447
4,228,c,1,9.797787130282474,10.202360533646427,-2.026856327035895,1.4951853414766505,0.5582117036757156,0.43458722790321075
4,229,b,1,9.583780596252168,10.202360533646427,-2.7322833850576593,1.6473091444380534,0.06737859926897503,0.514757205564433
4,229,c,1,9.936563333165864,10.202360533646427,-1.869729726065494,1.6397122372534532,0.593596699690037,0.4117364389396806
4,230,b,1,10.705205188717928,10.202360533646427,-4.018450649576151,3.0045775513968653,0.026235216208645842,0.5862616166459749
4,230,c,1,10.344825170499526,10.202360533646427,-2.471906777817332,2.04917304410571,0.29596432214161705,0.4554559645686648
4,231,b,1,11.165729664589094,10.202360533646427,-7.575735166448201,5.1852309104284515,0.00021279310016696185,0.8834241777351263
4,231,c,1,10.386765667134698,10.202360533646427,-1.6974929622017496,1.7243161448530802,1.025718531046829,0.378059003428982
4,236,b,1,9.618242267044414,10.202360533646427,0.2458985162419985,0.7350572589262128,57.95876276408906,0.20675582882101734
4,236,c,1,10.210025932260251,10.202360533646427,-1.8807488796161107,1.7739175308064574,0.63121881600194,0.40211232506035244
4,237,b,1,11.416263409619335,10.202360533646427,-2.021468129609933,2.412495003408322,0.4718744602586661,0.3719191022451928
4,237,c,1,10.702431943911325,10.202360533646427,-1.1518010713400362,1.6292740341958003,2.7420280031542648,0.31554062429427
4,238,b,1,10.293043841670931,10.202360533646427,-4.389478620389113,2.6988234314053705,0.013672786017512715,0.6459766287658939
4,238,c,1,10.484001017829474,10.202360533646427,-2.128283903700402,1.9389093168328506,0.5694190747296651,0.4165344792137686
4,239,b,1,9.63173598464283,10.202360533646427,-2.6862708025794433,1.5430155140582253,0.1669721319683806,0.5109457383214475
4,239,c,1,10.753341922341365,10.202360533646427,-2.090442532321369,2.2019058973270056,0.8354965887320943,0.4034299231847935
4,232,b,1,10.035199485776333,10.202360533646427,1.7344329288583085,0.23838130769740565,8103.083858101254,0.05407421077917298
4,232,c,1,10.392133158996874,10.202360533646427,-1.5976254111170003,1.7471423604034342,1.3762228486837529,0.3685781026024475
4,233,b,1,10.601936200693839,10.202360533646427,-2.3254125248424375,2.1476699411587066,0.2550516177638074,0.4291275600458756
4,233,c,1,10.469742571463632,10.202360533646427,-2.181984914219772,1.9406079487447414,0.5683678863411561,0.42254467518493816
4,234,b,1,9.967895733744328,10.202360533646427,-2.5878789573647936,1.6887285895601396,0.18349092008027887,0.4834875233113401
4,234,c,1,10.329207542938875,10.202360533646427,-2.0487304412798863,1.7513230229332817,0.7188012955740378,0.41529916677608675
4,235,b,1,10.92445498931639,10.202360533646427,-4.841197627131169,3.6431676440448926,0.005695619439331908,0.6500440245266451
4,235,c,1,9.890901483270353,10.202360533646427,-1.806170886902669,1.4766120411246964,0.6208524746595868,0.40686745720976497
4,244,b,1,10.261072942626337,10.202360533646427,-1.39314864858061,1.5293570298854195,3.925492276724157,0.35522135497768353
4,244,c,1,10.285827012539906,10.202360533646427,-2.2541195519017108,1.8844521895379218,0.3971131975313065,0.43644655909132724
4,245,b,1,10.124565180679973,10.202360533646427,0.19113173975921713,0.8584328138270287,163.96271696826824,0.2047634114430412
4,245,c,1,9.9374869493138,10.202360533646427,-2.024910159029243,1.55639066554926,0.6086787578872744,0.42857299965957824
4,246,b,1,11.285295104164565,10.202360533646427,1.2942007347945008,0.5402334222144971,718.9856766501114,0.08446874476174569
4,246,c,1,10.711612338947093,10.202360533646427,-1.7928901726950537,1.8903651139623752,1.1570298026636832,0.37648518103794326
4,247,b,1,10.120713192089065,10.202360533646427,-4.000068128002769,2.562720490858573,0.011395165824694568,0.6158793099088914
4,247,c,1,9.96458469653059,10.202360533646427,-2.444324709114306,1.9108991744657358,0.22019452988128715,0.4688581319229976
4,252,b,1,10.846963233391055,10.202360533646427,-1.3916012526471513,1.782353448911974,3.307177654761403,0.3354649971026591
4,252,c,1,10.581228995569672,10.202360533646427,-0.996158527204464,1.4838506461123597,4.563660186443816,0.3051347493146041
4,253,b,1,11.241454546743304,10.202360533646427,-2.6967172716865555,2.590610580752911,0.2876398964083951,0.44018842037588385
4,253,c,1,11.083595141830857,10.202360533646427,-1.0830415732890555,1.7077197431751232,3.865591411228809,0.2991677920698745
4,254,b,1,9.44884446375869,10.202360533646427,1.4972512484474123,0.24823739823294888,6288.665049133486,0.08281371187389795
4,254,c,1,10.134821916689424,10.202360533646427,-2.084092584987368,1.7677427594915645,0.5181708312581551,0.4259221327260575
4,255,b,1,10.245708101923269,10.202360533646427,-2.9784861258652198,2.2090402389294677,0.07305142211515625,0.5079995196729373
4,255,c,1,10.31925314768933,10.202360533646427,-1.6278567524631955,1.7435825665794669,1.1473554364292062,0.3736870289275334
4,248,b,1,10.851641113977568,10.202360533646427,-5.023837930151387,3.536974081865793,0.006257484242235472,0.6720382879960319
4,248,c,1,10.89482851854813,10.202360533646427,-2.0206382035159036,2.0700187238765713,0.8075733255385699,0.39132759847180604
4,249,b,1,11.011726997439446,10.202360533646427,-7.356829238791242,4.998457937417189,0.0001234098042286152,0.8750791124955186
4,249,c,1,9.83006164898989,10.202360533646427,-2.195925316378691,1.5770424754021104,0.3474747558779654,0.4498487079013879
4,250,b,1,10.873453404542847,10.202360533646427,-7.667893591621249,4.647056763832337,0.00012340980418161314,0.9153872424009181
4,250,c,1,10.443608599217509,10.202360533646427,-1.907478293166029,1.729565974570804,0.8161776133131708,0.39674806265647133
4,251,b,1,10.601297982304374,10.202360533646427,1.5360028604363603,0.38287754157430953,2361.054748010669,0.06865533319645542
4,251,c,1,10.095386744205621,10.202360533646427,-2.6112479843983407,1.8619151053497744,0.19280121300313235,0.4800273270135111
4,256,b,1,10.507956669355348,10.202360533646427,-1.7507517352705197,1.7873552754621753,1.105485644888073,0.37937154854614424
4,256,c,1,10.094364173602033,10.202360533646427,-1.5839025904887736,1.496429686510504,1.2498365409106467,0.37764928514792023
4,257,b,1,9.744926830719969,10.202360533646427,-1.4617406222462326,1.4010375524386367,0.7482530983182392,0.3751454540426955
4,257,c,1,10.461611504072975,10.202360533646427,-2.0771096689172883,2.046301523886159,0.5535749357468391,0.4121222655573516
4,258,b,1,11.888100559905727,10.202360533646427,-7.676476848505369,6.33553688360721,0.0001234098041465031,0.8379933798955879
4,258,c,1,10.590345202642343,10.202360533646427,-1.292347843104681,1.7334877536532254,2.0227676082771207,0.33206655313759137
4,259,b,1,9.76576258613356,10.202360533646427,-1.889177169352577,1.3556051442766819,1.441258112942625,0.4240046094188416
4,259,c,1,10.285212705585982,10.202360533646427,-2.3890288866977407,1.8935070934199942,0.358570570052077,0.45011712510676144
4,240,b,1,9.675259296569921,10.202360533646427,-4.407075653966682,2.1921521713219754,0.004386934408304452,0.6857787215884052
4,240,c,1,9.588995042228223,10.202360533646427,-2.532272750092501,1.5334335434192816,0.19566019195861625,0.4966168928807809
4,241,b,1,10.345869506298033,10.202360533646427,-0.397624273193463,1.16828192564279,25.580195563855572,0.25579065377955634
4,241,c,1,10.161934279051517,10.202360533646427,-1.9440196287165021,1.6883927379265964,0.611031704433304,0.4105928692541153
4,242,b,1,10.534604440797754,10.202360533646427,1.6500356158610359,0.29708131617338496,4795.076043870242,0.05905071628666331
4,242,c,1,10.719420351658188,10.202360533646427,-1.310204755290719,1.6160640189948472,2.4905955499816717,0.33057102460024645
4,243,b,1,10.42124824780346,10.202360533646427,-4.647129888202152,2.9632964276637956,0.006605423697702999,0.6622915520214314
4,243,c,1,10.123387237874491,10.202360533646427,-2.1988029606233432,1.7650448600770363,0.41084065996563984,0.43772518147020645
4,268,b,1,10.63968743093179,10.202360533646427,-2.1860499144727314,2.19934173005802,0.5097943565180449,0.41588355214173334
4,268,c,1,9.683209850771457,10.202360533646427,-1.5852540772044628,1.3878208515733803,0.8299625886194868,0.3920935625700725
4,269,b,1,10.36811258280135,10.202360533646427,0.8183350997136716,0.689244624250642,227.51458088607237,0.13728223183511218
4,269,c,1,10.248405402797793,10.202360533646427,-1.7988537788984682,1.7409120202820176,0.7070839966293256,0.39242232617551775
4,270,b,1,10.263095356673256,10.202360533646427,-3.3914255411033123,2.4444887122809016,0.07971411592871142,0.5500971320449993
4,270,c,1,9.718092817978023,10.202360533646427,-2.2170715686973326,1.6325416862844513,0.3476044537281352,0.4573736996021534
4,271,b,1,12.090047134400525,10.202360533646427,-6.952047302187205,6.163543404941324,0.0007612207385430769,0.764313007732398
4,271,c,1,10.241893196656749,10.202360533646427,-1.3356545712833827,1.5975077950177143,1.6930056418916704,0.34723580854495173
4,260,b,1,9.844296919188226,10.202360533646427,0.9803148539434495,0.4852267565638958,483.1546011136012,0.12932714543186666
4,260,c,1,10.373157195058038,10.202360533646427,-2.013413439354725,1.8621574696300007,0.54708790546757,0.4090221981886901
4,261,b,1,10.666816836014512,10.202360533646427,-1.7680829308025883,1.870013518745893,2.01342614652828,0.37705074837244146
4,261,c,1,10.020609491639185,10.202360533646427,-1.7212127581200347,1.5478943208576679,0.9643005817084245,0.3941880332057759
4,262,b,1,9.983354431463653,10.202360533646427,-2.659311415809419,1.8365512761804155,0.2134674744234587,0.4908680094072358
4,262,c,1,10.382248775985682,10.202360533646427,-2.431100653984808,2.0845029518746054,0.36192935107279145,0.45023531178718074
4,263,b,1,10.152521556821096,10.202360533646427,-3.221467930676405,2.3054085021078796,0.074979342917898,0.5382913336707839
4,263,c,1,9.814332824806739,10.202360533646427,-2.368931722562629,1.7394846726341553,0.24247582378229277,0.46814375372652645
4,264,b,1,9.95957007393155,10.202360533646427,0.034411715334362575,0.8207383171991282,56.583014866870094,0.22213997640551902
4,264,c,1,10.285283047842876,10.202360533646427,-2.3039504151861463,1.844640768019892,0.38753327206367766,0.44155670411672826
4,265,b,1,11.104778280766807,10.202360533646427,-0.8475161441884335,1.6063971307388436,5.0132246333741195,0.2766886718417202
4,265,c,1,10.89680570453471,10.202360533646427,-1.334268909989603,1.7294017537386877,2.261236205835643,0.3272422469173663
4,266,b,1,9.37719831042795,10.202360533646427,-0.446081328304775,0.8272328308726272,12.930785035692109,0.2854305913743891
4,266,c,1,10.276196113380374,10.202360533646427,-1.8269244555760216,1.8645569417303607,0.7250238804600123,0.3944012395963881
4,267,b,1,10.012450738080705,10.202360533646427,-4.238164907975978,2.544786110288733,0.0073361047975981945,0.6464419150731702
4,267,c,1,9.633202116334159,10.202360533646427,-2.9506807634399337,1.7325830379331093,0.10058193223973529,0.5383923259900858
4,272,b,1,10.298688112367381,10.202360533646427,-5.271306801663725,3.207063570818983,0.0020694665181141257,0.7309798635143696
4,272,c,1,10.11299537419877,10.202360533646427,-2.15650888879615,1.7805520725811759,0.47733341334463014,0.43421589604456645
4,273,b,1,10.465800132266597,10.202360533646427,-1.611484060081089,1.742102063885383,2.2875778784867777,0.36887726771318397
4,273,c,1,10.23144956575101,10.202360533646427,-2.0808041686657974,1.7931494654236997,0.6247355007461177,0.422168558326284
4,274,b,1,10.051636075618957,10.202360533646427,-4.272746046408387,2.527561363079978,0.009317885272735717,0.6483322879819081
4,274,c,1,9.833552112856431,10.202360533646427,-2.056897392492867,1.5267543471350353,0.5238246977682077,0.43604885673931515
4,275,b,1,9.241931808940228,10.202360533646427,1.3792193629170884,0.28344532718738724,1741.5509771456204,0.09573730165414106
4,275,c,1,10.20362990482869,10.202360533646427,-1.346717132038385,1.5829103268426683,1.7892621723784026,0.34992668685820205
4,276,b,1,10.219031187730229,10.202360533646427,-2.1718088697806683,1.8907997463586286,0.5509555207879369,0.4317608711778858
4,276,c,1,9.858385348655482,10.202360533646427,-1.6398625901170765,1.4712907475569257,0.9208308835173828,0.3915993024836957
4,277,b,1,11.021655100808289,10.202360533646427,-4.762544499986509,3.5746978916669483,0.009300347275600264,0.6377651736972136
4,277,c,1,9.717554590110845,10.202360533646427,-1.1122559870446516,1.1337987991296739,2.28803649060903,0.34234674478314353
4,278,b,1,9.807277962405452,10.202360533646427,-2.705349339158056,1.7946065234751467,0.12103384497594383,0.5026965841082055
4,278,c,1,10.017051320180506,10.202360533646427,-1.9282737510064378,1.6672803226286725,0.5396376677794049,0.41436016590855285
4,279,b,1,11.68412042348336,10.202360533646427,-8.107895103826044,6.468960705229714,0.00012340981083090036,0.8900536526763078
4,279,c,1,10.157016787339797,10.202360533646427,-2.164457343199537,1.8838497667752792,0.4033167970468599,0.43258696391768464
5,4,b,1,9.184268797861632,9.16490909067084,1.3652573005877549,0.4713729767964906,4276.432279495119,0.09941516929412768
5,4,c,1,8.455901910042705,9.16490909067084,0.006531087728077048,0.8174892167490402,47.44339711451753,0.26453008442336956
5,5,b,1,9.339194202566198,9.16490909067084,1.1985694321717457,0.5754968434679242,1247.894130820862,0.11414082311128179
5,5,c,1,8.870237429300992,9.16490909067084,-1.1889432710660692,1.4606569929435649,2.383080584993137,0.3846120542881927
5,6,b,1,8.97229329930856,9.16490909067084,0.23591426652082742,0.9905983928362088,55.04280985254664,0.22263278673602196
5,6,c,1,9.96720108819365,9.16490909067084,-1.2393831842809853,2.2090188607398775,3.5827494289431008,0.34914327334155776
5,7,b,1,14.335713931342548,9.16490909067084,-9.219560674885376,11.999999992317253,0.0011269008058045142,0.8036537045955684
5,7,c,1,9.12446242371447,9.16490909067084,-0.13159596395167117,1.0694844244480155,29.58800207477135,0.2596180965944593
5,0,b,1,9.195427421313573,9.16490909067084,1.6518500323667031,0.30100437694642657,8037.457079618957,0.06820285421552943
5,0,c,1,9.673083064301984,9.16490909067084,-0.6783327728343946,1.552677737288445,12.025596982404766,0.30203629795130177
5,1,b,1,7.1691380933448565,9.16490909067084,1.2672270221083983,0.08515747862699097,715.4084636011831,0.1369148237388379
5,1,c,1,8.959158942051321,9.16490909067084,-1.434341964753719,1.655827655592836,1.3978752735035345,0.4079933629573565
5,2,b,1,7.16469422380202,9.16490909067084,1.6191291873170224,0.034845605376556316,4311.727813515854,0.09104334828697115
5,2,c,1,9.73376808723397,9.16490909067084,-2.169993238295368,2.4790013437300695,0.7052583168780855,0.4538310327247217
5,3,b,1,7.584166569411477,9.16490909067084,1.1500852512045379,0.18860510259943158,529.1371167544667,0.1446252288504074
5,3,c,1,9.291179547986681,9.16490909067084,-3.206845789822623,2.6024607648643237,0.0463989761924401,0.5847785335977655
5,8,b,1,10.858724025183228,9.16490909067084,-5.511915979991845,5.396559415637585,0.003569275211200173,0.7171292104535029
5,8,c,1,8.836854873171184,9.16490909067084,-1.3725160505769827,1.4461634061121826,1.1668125097228614,0.40512621449390435
5,9,b,1,10.00083858565241,9.16490909067084,1.6780552721226694,0.3708697778619747,8103.083680617667,0.060037095457916655
5,9,c,1,9.430173496833989,9.16490909067084,-0.581855440834669,1.380808080951439,9.185763786983626,0.2979510580950998
5,10,b,1,7.704470896894216,9.16490909067084,1.6013414125446612,0.13591172124792933,5079.882634241479,0.08735755157973006
5,10,c,1,10.493676001824953,9.16490909067084,-4.581030499746929,4.583749491735005,0.019618954508256656,0.6531530442437853
5,11,b,1,8.656237418917485,9.16490909067084,1.664177034032389,0.2500091316280211,7579.1347305172385,0.07091114847315597
5,11,c,1,9.630032673881901,9.16490909067084,-3.056599609996689,2.8179304379500776,0.08595096815085203,0.5497552766643646
5,12,b,1,9.902625558325918,9.16490909067084,1.7023633207777031,0.38201537512264083,8103.071725709069,0.058117925249289874
5,12,c,1,9.37221499985051,9.16490909067084,0.5573136803707154,0.93746073759016,146.49142632655844,0.17998076929367296
5,13,b,1,9.514748134740906,9.16490909067084,-0.3866916163269292,1.4137711123037204,25.199158930001186,0.2768799115517024
5,13,c,1,9.739022913085297,9.16490909067084,-4.5989382711661975,3.743373620081986,0.007405610927750067,0.7037811226427305
5,14,b,1,8.14360732753053,9.16490909067084,0.12533292036368734,0.6685181778566487,19.21147741251951,0.2544933428128681
5,14,c,1,9.61785771765834,9.16490909067084,-0.8899427045591983,1.7704362907075957,4.3301691575657175,0.32362385282640993
5,15,b,1,8.669782948306677,9.16490909067084,1.7524799676305634,0.23127426098148895,8099.031451884565,0.06045451050910422
5,15,c,1,8.257850327777781,9.16490909067084,-1.901898783108698,1.275904325829503,0.2291282819514732,0.4938546625174683
5,16,b,1,9.272920318298503,9.16490909067084,1.4965633747886065,0.4177640868139555,4819.9042132599525,0.08411060648105288
5,16,c,1,9.027833703505044,9.16490909067084,0.07484919723106184,1.0271507585749124,57.62880615700006,0.2403910090387694
5,17,b,1,9.38480914014938,9.16490909067084,1.4067274014475237,0.46680933530767277,3685.377531090744,0.09255431814510627
5,17,c,1,10.292856560352226,9.16490909067084,-0.21400929631753146,1.6266859892268832,65.45738562215107,0.24057042786132016
5,18,b,1,13.161293426037425,9.16490909067084,-5.186642999505995,7.198590389089646,0.07262353926356356,0.5683955500228203
5,18,c,1,12.568273980804518,9.16490909067084,1.4589060064266857,0.7852561720804738,8103.0838575550315,0.06558696241680179
5,19,b,1,9.313332346994002,9.16490909067084,0.947647104367694,0.6960620359912453,578.7775678551694,0.1408181860951501
5,19,c,1,8.20740501595551,9.16490909067084,-0.8323928423031449,0.9143510344044881,3.0560942947757153,0.36968771937982386
5,20,b,1,9.084698625056996,9.16490909067084,-6.305424677988608,3.543387300552923,0.00012340980476860565,0.9401957581594766
5,20,c,1,8.65289997705108,9.16490909067084,-2.0827371176873326,1.5237206515813164,0.32751399093630007,0.4966108628607679
5,21,b,1,14.690108618701691,9.16490909067084,-4.77329037552917,7.808394972873318,0.3842092398587346,0.48129998950136943
5,21,c,1,11.775482919213246,9.16490909067084,1.5136714466651096,0.6889379952369579,8103.083918520657,0.06525927228329592
5,22,b,1,7.792388145626515,9.16490909067084,0.9358391698330892,0.23635177021332526,399.49890467064125,0.16876231876880662
5,22,c,1,9.339245470634497,9.16490909067084,-3.8807882662081474,2.8133395061214297,0.01836685771108882,0.655478979030329
5,23,b,1,9.750190744931249,9.16490909067084,1.7633172464242284,0.33931933137037007,8103.078508761353,0.05261576266129326
5,23,c,1,9.653807639874977,9.16490909067084,-0.5302104466403482,1.6468171639601246,9.51815598032351,0.2854327136027977
4,284,b,1,10.684405010212766,10.202360533646427,-0.8506001666773233,1.4728951409321627,7.02372116000661,0.28900791080416394
4,284,c,1,10.273810443616588,10.202360533646427,-1.7424308054280702,1.6936186033182596,0.9553718261543819,0.3866563757350031
4,285,b,1,11.452667477215027,10.202360533646427,-6.72529723067251,5.130434830529561,0.0003610979226494516,0.7860428595312471
4,285,c,1,10.623720863410755,10.202360533646427,-1.5238003303916794,1.852739268963425,1.0717782087287295,0.35214778728926244
4,286,b,1,10.024018830976342,10.202360533646427,-0.8515263143499298,1.244478186564122,7.051467225223206,0.30815909800049235
4,286,c,1,10.421587930082213,10.202360533646427,-1.7109272884392541,1.7779006222980231,0.9561892703854837,0.3779309760151829
4,287,b,1,10.081396087911802,10.202360533646427,-1.437878179131167,1.4447537496274752,2.0017077826229714,0.3642815217028651
4,287,c,1,10.249498562713665,10.202360533646427,-2.2323362954437824,1.899648130925033,0.3863372400794766,0.4356300789113835
4,280,b,1,10.499683594339434,10.202360533646427,-0.7013458237836876,1.3718497304516408,17.50067060765488,0.2815221845935518
4,280,c,1,10.061340393025734,10.202360533646427,-1.6706464526346134,1.4940257392201481,0.9762044168304589,0.3872333906592717
4,281,b,1,10.35766486867346,10.202360533646427,-4.3641559259635825,2.9552002168569436,0.006179978327377008,0.6373204153496834
4,281,c,1,10.150909003278928,10.202360533646427,-2.073152938827452,1.816050835247985,0.6157961519725055,0.424670100737123
4,282,b,1,10.256152181723083,10.202360533646427,-5.624523832854477,3.177415136202431,0.0008912763244069522,0.7681372496599876
4,282,c,1,10.029315655499683,10.202360533646427,-2.161323911948501,1.7267133672247148,0.363943070752336,0.43737371557758226
4,283,b,1,10.276915573830939,10.202360533646427,-5.372093123654116,3.3215547843673576,0.0015873834383397206,0.7421916562227787
4,283,c,1,10.0117791310865,10.202360533646427,-2.4338854854607646,1.8984449584172598,0.26395687463031714,0.46618185611212887
5,24,b,1,9.63837155552211,9.16490909067084,-0.6278748901569138,1.634639551782389,9.322280380513826,0.2966924975367557
5,24,c,1,9.75148788986318,9.16490909067084,-1.3415186078245935,2.0788277224604323,2.3208816595648467,0.3665664173096865
5,25,b,1,8.549954672541226,9.16490909067084,-6.082619899506367,2.378578162267221,0.00012340988735012797,0.9709962044141225
5,25,c,1,9.242544780427696,9.16490909067084,-4.152221050012085,2.7109078035583742,0.015500657799091766,0.6928407025127153
5,26,b,1,8.048287566104893,9.16490909067084,-5.798443872462627,1.5146761177893753,0.00012340980437444286,0.9928157248348671
5,26,c,1,9.056834411190618,9.16490909067084,-6.722215223732058,3.537675441833873,0.0001234098043406497,0.9916142515266311
5,27,b,1,8.29847679828506,9.16490909067084,1.6170084807125198,0.2361942296436823,4003.8831126111245,0.07872666567261993
5,27,c,1,8.980202388146067,9.16490909067084,-1.9483408525959387,1.8585573034582394,0.38085601595783947,0.46294902926540443
4,292,b,1,10.259539118661287,10.202360533646427,-3.131984648974579,2.2312855521868427,0.16202668720785363,0.525427647434865
4,292,c,1,10.026459108337669,10.202360533646427,-2.3403031068748907,1.8183416235720142,0.27831479697930955,0.45568725972049834
4,293,b,1,10.918628136466237,10.202360533646427,-7.165096155244861,4.732566861746307,0.0001234098041183897,0.8645297550751673
4,293,c,1,9.962588310619822,10.202360533646427,-1.405474938055748,1.3462195010339801,1.8203826037782864,0.36480590815495817
4,294,b,1,9.22575968676044,10.202360533646427,-1.030778021320696,1.0348666970800744,2.1064074337663525,0.3505179180504467
4,294,c,1,9.83906770113943,10.202360533646427,-1.5230912217580226,1.491148034157941,1.0777323589898686,0.38017688636317476
4,295,b,1,10.051346307894644,10.202360533646427,-4.845621598158276,2.7126663451826496,0.00227322139124398,0.7045211939315882
4,295,c,1,10.214136810540312,10.202360533646427,-2.5517577006656698,2.0744267739115934,0.2354429275739036,0.46888490674186745
5,28,b,1,8.989797417025228,9.16490909067084,1.5831586442821939,0.3096820266868826,6621.257247679473,0.07732886543653202
5,28,c,1,9.485071583642284,9.16490909067084,-2.1120570698103913,2.137268649986052,0.6158854017827537,0.45884458184849575
5,29,b,1,11.713491762861995,9.16490909067084,-8.569053005229627,8.514415753246851,0.0001234098056967976,0.9275381718063302
5,29,c,1,10.322556852817783,9.16490909067084,-2.780093143517408,3.0879161545494536,0.288742669147844,0.48785374864215014
5,30,b,1,8.540237438686448,9.16490909067084,1.5411479626854852,0.2717489087659699,4519.4802296211255,0.08586253162195308
5,30,c,1,9.118921250776284,9.16490909067084,-0.10747718699122481,1.0852422950509464,40.22518880059626,0.2580002078945692
5,31,b,1,8.349485933419857,9.16490909067084,-4.159194810410508,1.818004886744808,0.003796713703501799,0.7616146027475499
5,31,c,1,8.209881370279861,9.16490909067084,-4.519870493601376,1.7098477547063309,0.0014614454298349294,0.8169509835491763
4,296,b,1,11.057455165752023,10.202360533646427,-0.7914808989264847,1.6344811769747805,9.900623077247998,0.2745393948919707
4,296,c,1,10.376281754931652,10.202360533646427,-1.247415401193914,1.5905452267714715,2.4014612385133938,0.33488861719739654
4,297,b,1,9.745139474068095,10.202360533646427,-2.353151581400847,1.5212597251552347,0.7045425975863543,0.47303989454315276
4,297,c,1,10.097582558132386,10.202360533646427,-2.382393670299233,1.8370959178317974,0.3373031904532838,0.45759103636082044
4,298,b,1,10.524555689863105,10.202360533646427,-3.3858148043449723,2.5184761443530936,0.08943926498836767,0.5361303426915784
4,298,c,1,10.664388991527941,10.202360533646427,-2.494746721725054,2.2624982139371874,0.352708605912472,0.44456656984252646
4,299,b,1,10.145732956495207,10.202360533646427,-3.437757412077797,2.3057242058732217,0.05447738864620343,0.5602897740831386
4,299,c,1,9.777813635706849,10.202360533646427,-2.087413530313238,1.5722740032139275,0.42490394235835394,0.4410925263503371
5,32,b,1,8.594522026129665,9.16490909067084,-3.16105026767303,1.7045878946162496,0.02519045428911301,0.6231262306752371
5,32,c,1,9.488998485968693,9.16490909067084,-2.318437008553324,2.1994497256979892,0.36059189903884015,0.47998821564905997
5,33,b,1,8.42306455087943,9.16490909067084,1.8514021926103514,0.19728580047757216,7386.626684367783,0.05000000125340276
5,33,c,1,8.229212352349238,9.16490909067084,-0.05857835204682113,0.8749920621740499,9.502469125935765,0.2718674908574934
5,34,b,1,9.265355690322853,9.16490909067084,1.1855874843819076,0.5632523585953233,1494.5251876117547,0.11685386472887688
5,34,c,1,10.164543804793668,9.16490909067084,-1.3760412033004559,2.288018575847449,4.45879625204299,0.3571390756339671
5,35,b,1,9.162221600608017,9.16490909067084,1.7255107812946804,0.2780096637336041,8102.824019581875,0.06022488960299091
5,35,c,1,9.398990355951307,9.16490909067084,-0.20828471595711934,1.250096343691093,21.624631046031343,0.25961530988601317
4,288,b,1,10.085419699394803,10.202360533646427,-5.5032879494718845,3.042244993635709,0.0009760503153946265,0.7687375127239664
4,288,c,1,9.889808028614786,10.202360533646427,-2.3357793252349426,1.700606929448492,0.2792452158536257,0.46150486651563166
4,289,b,1,11.752986071720505,10.202360533646427,-5.111991494162876,4.48366181943555,0.007514021259459501,0.6284712448741311
4,289,c,1,10.423117208867243,10.202360533646427,-1.5249323461663011,1.6806514653284719,1.810346437550627,0.36092630992261987
4,290,b,1,9.626320846201113,10.202360533646427,1.6814703982366903,0.2315379476898819,8103.018317209495,0.06200952745223634
4,290,c,1,9.9748704270322,10.202360533646427,-1.7599621716485951,1.5874728144741816,0.9655003660425981,0.40016574200840227
4,291,b,1,9.019139161455922,10.202360533646427,1.7546139859691983,0.14885746388969484,8103.083724273967,0.05787076502048375
4,291,c,1,9.844824017086182,10.202360533646427,-2.535430401868404,1.8184044047577292,0.16904746408426333,0.4834970129239974
5,36,b,1,9.519463222018665,9.16490909067084,-6.6750794849377595,4.3522942273356335,0.0001234098047009875,0.9382494584800227
5,36,c,1,9.103255150703733,9.16490909067084,-2.071322835994853,1.8721649924419388,0.4264426249189964,0.47188851470694576
5,37,b,1,8.826828998517296,9.16490909067084,1.1536581037079356,0.4650132575591759,1242.4073327355138,0.12603445172747038
5,37,c,1,10.025024529693342,9.16490909067084,-0.5451341191120105,1.6779457752408549,22.90217389461091,0.27916418635660556
5,38,b,1,7.677484793846709,9.16490909067084,1.7860637369583099,0.10494113103456337,8101.472468582726,0.06377877466319608
5,38,c,1,9.113694155238617,9.16490909067084,-2.6831661815133323,2.2641073884958005,0.10354244429206194,0.5376195048231698
5,39,b,1,8.297621705573771,9.16490909067084,1.741756545619004,0.19283295755234586,8102.705868895888,0.06449243152354837
5,39,c,1,9.569922206657514,9.16490909067084,-0.5843510766247303,1.578188715800273,12.824485479215037,0.2950766137432542
5,44,b,1,9.519819805566888,9.16490909067084,1.1530696725996283,0.6040464657062148,1539.1900299733734,0.11731243358134559
5,44,c,1,8.425514372470678,9.16490909067084,-1.9202685096941479,1.2809186833887076,0.3773172315075243,0.4897258885796405
5,45,b,1,8.71330517375028,9.16490909067084,1.3735740793065871,0.3821907057910403,2445.63544471396,0.10290554377011976
5,45,c,1,8.727976617206673,9.16490909067084,-2.7847490096233978,1.9540800184551848,0.07822801242027402,0.5726297169681329
5,46,b,1,10.808992156573586,9.16490909067084,1.5357120853949988,0.5577520580108246,6026.273803295798,0.06870449304428525
5,46,c,1,8.860387552033163,9.16490909067084,-0.6062431707728944,1.1875548037968373,6.923061262619214,0.3188177860772009
5,47,b,1,8.357412775905821,9.16490909067084,1.2950892174807347,0.3060575753172138,1826.8108344803998,0.11640882737772672
5,47,c,1,9.346015907677858,9.16490909067084,-0.5894589796250879,1.370852810561422,16.549845615533062,0.30353041360837213
5,48,b,1,8.796144444131977,9.16490909067084,1.661551161135054,0.26769436986324346,5982.986939602395,0.06973926902939395
5,48,c,1,8.90154379697653,9.16490909067084,-0.6199549910013875,1.1971470905590653,7.354274552681481,0.31928931388184206
5,49,b,1,11.884393147802312,9.16490909067084,-8.877541017876158,9.022786115871629,0.00012340980442569603,0.9403120063307688
5,49,c,1,10.177656849199538,9.16490909067084,-2.2265838725547162,2.6795646687235397,0.8901214213247909,0.4404576148237417
5,50,b,1,8.71594675192113,9.16490909067084,1.4293187070988704,0.36988172622228377,2100.550643872564,0.09595560844550693
5,50,c,1,9.119942227741024,9.16490909067084,-0.1985903319907399,1.1900694610880642,21.42443122249035,0.2663838866391167
5,51,b,1,9.088940151691288,9.16490909067084,-2.078126485335556,1.9127967677436946,0.2948736421633189,0.47170893109188544
5,51,c,1,9.861582802433428,9.16490909067084,-2.3322381968448194,2.6007023524181774,0.3451449601697761,0.46319839922426653
5,40,b,1,10.06427367945779,9.16490909067084,-6.909736894539482,5.472893031481414,0.00012340980510246278,0.9117315337118509
5,40,c,1,8.849598057183139,9.16490909067084,-2.191788361384482,1.8466442930877975,0.18621734737127218,0.4960117774073563
5,41,b,1,8.761866729480872,9.16490909067084,1.2633691393509774,0.42152297488908913,1464.5480706193334,0.11433167985778968
5,41,c,1,9.126235996579242,9.16490909067084,-0.0028820463206553557,1.0564060395892,41.86797195543475,0.24577774445277842
5,42,b,1,8.355950433577398,9.16490909067084,1.471199927901881,0.2594520659458899,3164.6573179925626,0.09574219217497922
5,42,c,1,10.673495909734672,9.16490909067084,-0.21447510137675396,1.7124435825355775,64.56556942488221,0.23201052537874775
5,43,b,1,7.958814384594971,9.16490909067084,1.2379367737398201,0.20210668955702293,1630.9385883278592,0.1294218454392623
5,43,c,1,8.833611186371458,9.16490909067084,-2.9396234305373685,1.8434373523476564,0.07444273249056332,0.584548675645464
5,60,b,1,10.728211737264939,9.16490909067084,1.5857918671174236,0.5248807368134056,5502.264660267585,0.06432714524295025
5,60,c,1,8.6488308091653,9.16490909067084,-1.8041123216579564,1.5344188579067983,0.3550881957758368,0.4618888627103867
5,61,b,1,7.9438461284661255,9.16490909067084,1.0456485285331323,0.3065431424500278,445.35909445559923,0.15135044731016692
5,61,c,1,9.769492050629623,9.16490909067084,-0.4797374141951751,1.5646804212911347,18.680558416074035,0.27885739801810383
5,62,b,1,10.874090132110492,9.16490909067084,-0.18348535229523022,1.8019112094080425,92.65742247359664,0.22540079776844962
5,62,c,1,12.089487040181961,9.16490909067084,-0.12929077042134618,2.1050470242031154,167.2817820335667,0.1988788457648649
5,63,b,1,9.12338303086763,9.16490909067084,1.6651687103826003,0.3024710784416432,8103.082650548438,0.06725756520841066
5,63,c,1,8.87538370842953,9.16490909067084,-0.2078987592298874,1.0318974580519218,22.03232617931444,0.27495894626884787
5,52,b,1,9.056991977511975,9.16490909067084,0.8236501661453821,0.6352080518412662,398.9318524640043,0.1581873588191339
5,52,c,1,8.786197422264825,9.16490909067084,-0.8119297912304309,1.13761005680683,5.23337742265725,0.3455282895001312
5,53,b,1,8.550648075118442,9.16490909067084,1.3932557115652666,0.3288999559295117,2074.576012069072,0.10215511047134303
5,53,c,1,8.25258234334311,9.16490909067084,-1.9452880508755475,1.169110737788972,0.2395491645855445,0.5003985828400279
5,54,b,1,7.2763655610033675,9.16490909067084,0.14465469787814694,0.14084071093717854,27.176324889614257,0.28422457093419445
5,54,c,1,9.114374468594981,9.16490909067084,-1.2998282638108916,1.605254850338671,2.810733651896488,0.38801735780292584
5,55,b,1,15.16167544282468,9.16490909067084,-3.897392261148802,7.017715959536833,2.0668804361773816,0.4085469650333416
5,55,c,1,9.064085109695734,9.16490909067084,1.607142381429513,0.3386685915299257,8103.083919471234,0.0742473738843185
5,68,b,1,8.77098818853156,9.16490909067084,1.58751559097304,0.2909768086725114,4664.763482034724,0.07821759867410041
5,68,c,1,9.380392911436921,9.16490909067084,-2.3584051023361803,2.2495290354614417,0.27670702988628854,0.4891210066638414
5,69,b,1,10.997723450363226,9.16490909067084,0.9701407138603431,0.9820433273087916,1790.158333347428,0.11885863161961321
5,69,c,1,8.824420937596559,9.16490909067084,-0.05020792483762622,0.9260872113875205,49.626877476372584,0.26042378482263917
5,70,b,1,8.000097571868588,9.16490909067084,1.7314180301773274,0.17116320690441839,5498.442926804604,0.06753624120386809
5,70,c,1,10.06087397432118,9.16490909067084,-2.69121196298857,3.082711859720666,0.20109685019648335,0.490269101056022
5,71,b,1,8.818607816048866,9.16490909067084,1.4290348304510863,0.36798026360592273,3234.1071573930376,0.09568423929354206
5,71,c,1,9.252613622189093,9.16490909067084,-2.286464801589793,2.1544990369034527,0.35757913072762953,0.48853117338082364
5,64,b,1,7.498785288306111,9.16490909067084,1.6892853424749852,0.07448520038,7912.08231382454,0.07849624212196145
5,64,c,1,9.78774399831672,9.16490909067084,-0.6633406848179486,1.6626464571215163,18.996737861351043,0.29813131792749586
5,65,b,1,9.328786356794858,9.16490909067084,0.7496325940442219,0.7862149557835085,330.3972728590142,0.16141162540694132
5,65,c,1,8.905991820850467,9.16490909067084,-0.3638100666934295,1.1226562008474616,15.827364424645197,0.29144539380248957
5,66,b,1,10.447706046554947,9.16490909067084,-5.235930455671807,5.073678611670247,0.003157401054289382,0.7178738732049352
5,66,c,1,9.52463494851981,9.16490909067084,-4.136156253602978,3.467723330517897,0.007865011848118357,0.6683421414664151
5,67,b,1,9.470105543286413,9.16490909067084,1.7430531829599814,0.3040607148086845,8102.934153734083,0.05636729028370473
5,67,c,1,10.000366312438212,9.16490909067084,-0.22983311322462674,1.5103563681756218,27.589535823335698,0.2471024843972149
5,56,b,1,12.356908786425121,9.16490909067084,-9.008994211128096,9.899863101665376,0.0001234098041383238,0.91504418766007
5,56,c,1,11.407806974100703,9.16490909067084,-3.213177097388491,4.281692239459888,0.2521142060308392,0.48066156558051076
5,57,b,1,8.344807652743532,9.16490909067084,1.0440986765755058,0.4252735638527346,443.68439080815386,0.14426171684411715
5,57,c,1,9.163204675083518,9.16490909067084,-0.6299569603349053,1.3817068825816625,8.057854012056508,0.3117381864470272
5,58,b,1,9.840868443486515,9.16490909067084,1.7090635502911735,0.36166481477470136,8103.083785675224,0.05778491907015059
5,58,c,1,8.604008168976026,9.16490909067084,0.3096515475738262,0.7634653686778798,55.06157386435912,0.22297901052513008
5,59,b,1,9.691044108047805,9.16490909067084,-0.34357989907662223,1.4062384747002508,34.32927388482073,0.26799117238652315
5,59,c,1,9.009154434775501,9.16490909067084,-1.7085263089688674,1.6324140279318642,1.0913647035367373,0.4374283399238371
5,76,b,1,7.64354315703604,9.16490909067084,1.27826448879157,0.15636168385919824,1877.208304529043,0.1296177551780305
5,76,c,1,9.280954259508691,9.16490909067084,-2.8720951097373,2.4323217514638067,0.20255181470371647,0.5520700658286263
5,77,b,1,9.953969657955781,9.16490909067084,1.6192325885949161,0.43067158522545834,8103.055338489162,0.06636760317090519
5,77,c,1,8.920535134352772,9.16490909067084,1.2760730115271022,0.4700976704728016,1468.8513380597294,0.11082651785508446
5,78,b,1,9.45186197430046,9.16490909067084,0.17814758311262996,1.0644710976594554,67.03731720946847,0.2185069235319595
5,78,c,1,9.236470937532129,9.16490909067084,-2.693109335116053,2.213353998931781,0.11837798211314052,0.5322388005929297
5,79,b,1,8.017139977027103,9.16490909067084,1.7595605576188733,0.15957337139946512,8103.083757473453,0.06447047935060472
5,79,c,1,8.214302949711257,9.16490909067084,-1.5059473844939364,1.190627112984342,0.47923437556344195,0.4478499139678263
5,80,b,1,7.559639325420124,9.16490909067084,-0.5263378586729388,0.37468516213540237,4.570709620876651,0.3594082441655462
5,80,c,1,8.805426195559187,9.16490909067084,-1.4686300779983044,1.4566206985402084,1.3989500891678321,0.41932626828234587
5,81,b,1,9.454633728457862,9.16490909067084,1.5966922820371134,0.36138803177280443,8102.9527001213,0.07231035213501157
5,81,c,1,8.578171597574027,9.16490909067084,-0.7019805010009154,1.001179668120198,6.4945724705725265,0.34107193419909115
5,82,b,1,16.159701725178472,9.16490909067084,0.8633886111230503,1.725119554304992,4793.799804148922,0.0882019684337468
5,82,c,1,11.999637051825896,9.16490909067084,1.3719319007320698,0.8131490200745418,8103.083921511349,0.07607746720022739
5,83,b,1,7.912918105557733,9.16490909067084,1.5475828632340178,0.18244594250316226,3419.5145062196066,0.09129760349618513
5,83,c,1,8.903232897382464,9.16490909067084,-0.39251564554455975,1.140484672258986,15.494384174513067,0.29490223114586883
5,72,b,1,13.856202974111786,9.16490909067084,-9.746021488641508,11.999999992421749,0.0005170737078869689,0.8694707725389395
5,72,c,1,9.05295965574024,9.16490909067084,-2.4830753117465045,1.8920355079879951,0.27508317914498187,0.5215049092481703
5,73,b,1,9.280848333687189,9.16490909067084,1.7062108280783708,0.3090221304376613,8103.0836539780585,0.061586756309535196
5,73,c,1,10.814785833889776,9.16490909067084,-0.6064385875152174,2.089542671226874,22.28798293111705,0.2646579570334684
5,74,b,1,8.841071056761347,9.16490909067084,-1.0207240384392509,1.2991243206285876,2.312419434219429,0.3650367407651555
5,74,c,1,9.851569125528748,9.16490909067084,-1.4223908475662266,2.064407244904497,2.1144996986787747,0.37128953096230005
5,75,b,1,8.866165840279741,9.16490909067084,1.665893599236528,0.26645656777588755,8103.065858613909,0.0691250726573651
5,75,c,1,9.505798063910811,9.16490909067084,-2.361462961302303,2.313074835481288,0.29953854526412704,0.48331015409205574
5,84,b,1,8.21448827422861,9.16490909067084,1.8214849402468314,0.17639806379422251,8102.868676638015,0.05517974104073236
5,84,c,1,10.322325078979597,9.16490909067084,-2.0512279975228753,2.924945852331188,0.7595896487834735,0.41599490160370045
5,85,b,1,8.451736838703598,9.16490909067084,1.1979423139155068,0.37705332038593853,1241.4647868184406,0.12619133931380913
5,85,c,1,9.024127994101999,9.16490909067084,-1.17100147200653,1.5000887143455346,3.567627011010688,0.37755155086647757
5,86,b,1,8.405948559506946,9.16490909067084,1.6485251518677204,0.2414550817026117,8103.037490963068,0.07502458954550038
5,86,c,1,9.422529819132397,9.16490909067084,0.3643496440847603,1.049182445252965,166.51903815257157,0.20090451804932263
5,87,b,1,7.7153492209732075,9.16490909067084,1.7326690636098947,0.10999445445955147,5155.97196824512,0.06973072613364506
5,87,c,1,9.361701857171676,9.16490909067084,-1.0020575660983366,1.6022608768964692,3.198834251857864,0.3441126742017942
5,88,b,1,9.645519815026775,9.16490909067084,-4.6772342014086945,3.3553671790781068,0.008394653319494998,0.7193667009536479
5,88,c,1,9.24253648337641,9.16490909067084,-4.88162231904619,2.918802010975914,0.0031804124332757856,0.7714018357422541
5,89,b,1,13.637730009476003,9.16490909067084,-10.121252182356477,11.999999988325966,0.0002889753366162683,0.9109198176544406
5,89,c,1,8.653234273201694,9.16490909067084,-0.6882600712327831,0.9119223797067986,12.339729824680617,0.3389353468179042
5,90,b,1,8.685398088416806,9.16490909067084,1.7226218451405475,0.23242936610627357,8102.714999523083,0.06387219905393983
5,90,c,1,9.932474592162901,9.16490909067084,-0.9046740196642271,1.8736723323400581,7.478412255608678,0.3168694503027784
5,91,b,1,7.937329472503875,9.16490909067084,-5.434591915694437,1.4785629043865713,0.00012340980524023457,0.9547517740156968
5,91,c,1,9.007361173701517,9.16490909067084,-1.4344375880908853,1.5671516608044151,2.0117890362121527,0.4073293486292872
5,112,b,1,11.331548737305534,9.16490909067084,-5.3557282468160174,5.978681291287022,0.01149198370363739,0.6742649515282172
5,112,c,1,7.967037755702237,9.16490909067084,-0.7001922034675137,0.7773733292171454,3.3951844112378415,0.3632006700371949
5,113,b,1,7.024460425133186,9.16490909067084,1.7069957922311016,-8.988691770211031e-05,6904.9780998954875,0.08096082575968358
5,113,c,1,9.019270787444793,9.16490909067084,-2.982338510657353,2.2426116471339315,0.07925681569145727,0.5778730191921841
5,114,b,1,8.032296157126558,9.16490909067084,1.642275134906063,0.18125772025083076,6057.302082263676,0.07885741483262235
5,114,c,1,10.28568559511707,9.16490909067084,-3.929411979571823,3.9709097094799146,0.046184163468398716,0.6022869189820388
5,115,b,1,9.873011876197078,9.16490909067084,1.5277142812429894,0.4439047897162345,8097.600121461051,0.0763819944335867
5,115,c,1,9.345582473119189,9.16490909067084,0.24848328129025135,0.9690454627436003,115.07486273185586,0.21461170420669376
5,96,b,1,14.033396237788093,9.16490909067084,-9.585929765184895,11.9999999958714,0.0003537759648723051,0.8470533203793971
5,96,c,1,9.479673187773617,9.16490909067084,-0.9073871063173544,1.5759342457931802,5.221609032111273,0.33106759223156557
5,97,b,1,10.279284781360458,9.16490909067084,-2.4686128239608536,3.009791982379782,0.36721468100027116,0.4586466219477493
5,97,c,1,11.15303758735522,9.16490909067084,-0.8625006075111595,2.3998947428676165,14.00098600173799,0.27968817264549517
5,98,b,1,7.420587122184176,9.16490909067084,1.6299432600746995,0.08527495072768965,4311.186346992613,0.08640056957777993
5,98,c,1,8.54143822124278,9.16490909067084,-2.491883883458689,1.6684925309987677,0.10799890631825121,0.5493761847924156
5,99,b,1,9.941853522871416,9.16490909067084,1.6429867676976433,0.43468407485997196,5970.6758759792865,0.06361798955403758
5,99,c,1,9.730067357332885,9.16490909067084,-0.5352120004609873,1.7044279761499412,13.584946158873768,0.28503664517720506
5,92,b,1,7.838577215298715,9.16490909067084,1.2906734642731976,0.2192497665158799,1037.3143807136687,0.12325882479853108
5,92,c,1,9.363784687918907,9.16490909067084,-2.7691183047881847,2.445596390414053,0.13262971411563848,0.534177810254983
5,93,b,1,8.764596274008516,9.16490909067084,1.7693011931196798,0.22409061568825941,8103.083739374233,0.0578317817481712
5,93,c,1,9.094929284020616,9.16490909067084,-2.027844116265092,1.9069865148336733,0.30803069490607554,0.465573558721998
5,94,b,1,8.335874879309063,9.16490909067084,1.8223703663622333,0.18247881356006324,8100.733832642301,0.054266600544141584
5,94,c,1,8.381677028313245,9.16490909067084,-2.141724267554831,1.5191903223268475,0.11609552410955278,0.5135875520272767
5,95,b,1,10.362684504797219,9.16490909067084,1.6357002894778416,0.45363277878846076,8103.083699305355,0.062124445757286546
5,95,c,1,9.056432001899706,9.16490909067084,-0.05828072323573828,1.0882795664607758,27.9081448378792,0.25269459623222207
5,116,b,1,9.588087088627427,9.16490909067084,1.5082363731798942,0.4395503123821157,8076.969441164159,0.0807223086026602
5,116,c,1,11.245525742757154,9.16490909067084,1.2047386914641294,0.8574192598678594,4385.670077785244,0.0958098995641513
5,117,b,1,8.78580922846287,9.16490909067084,-3.8887604368417943,2.434189914916745,0.008084198801151684,0.6942001836100136
5,117,c,1,7.979748005728697,9.16490909067084,-1.4558738155286504,0.9288509096736426,0.6229596972322918,0.4560035455872316
5,118,b,1,8.000477236264622,9.16490909067084,1.6471299720753096,0.15946764223413368,5352.086823354004,0.07833213348864396
5,118,c,1,9.766124879127142,9.16490909067084,-1.2782830755757817,1.9541652896723587,3.617461467882036,0.3605864243579084
5,119,b,1,9.345745363889467,9.16490909067084,1.7568194178152148,0.3016244020487069,8103.069280210869,0.055606219486951915
5,119,c,1,9.85083627632538,9.16490909067084,0.3309273599849773,1.1999365512983342,91.46846526842337,0.19416327075222045
5,104,b,1,10.335797573663713,9.16490909067084,-4.89234848214716,4.52290283478297,0.007460063180702476,0.6927116225337361
5,104,c,1,8.992853281403779,9.16490909067084,-1.2381270566152303,1.5175357449620588,2.268709487321769,0.38505294922889
5,105,b,1,9.394663032264068,9.16490909067084,1.7122618967619565,0.3081847967977832,8087.575068784188,0.0601779832245993
5,105,c,1,9.793439124875016,9.16490909067084,-1.8146601935928088,2.2642740453577357,0.9060258036010539,0.41332830533923737
5,106,b,1,10.856846124362397,9.16490909067084,1.6570471192289948,0.4963218294763647,8102.352627192113,0.05728455120494009
5,106,c,1,11.356332787343332,9.16490909067084,0.8370583462114085,1.195485339005525,654.6184325687683,0.12582815659225152
5,107,b,1,10.142252411287963,9.16490909067084,-3.63224933304876,3.492701503139312,0.03590995035764763,0.5795815116132134
5,107,c,1,10.112236046200167,9.16490909067084,-0.5881711971177055,1.7436966498249067,12.716725377401126,0.2796270957156711
5,108,b,1,7.755689186306446,9.16490909067084,1.2409687477606308,0.19343097834000977,1149.2507712049319,0.13155109192264658
5,108,c,1,9.228894981533463,9.16490909067084,-1.4712832661330397,1.731003420235739,2.137620794561028,0.4020230799557919
5,109,b,1,11.403491791545068,9.16490909067084,1.4755094891619458,0.6587853232920364,8103.073223832336,0.0708017549402823
5,109,c,1,9.089170095029083,9.16490909067084,-0.9742010621647508,1.443835005530591,4.994041173259425,0.3529851641007427
5,110,b,1,8.561673112297125,9.16490909067084,1.7327230090734922,0.20919481442296323,7542.9037103719675,0.06347713176271275
5,110,c,1,9.947513220673274,9.16490909067084,0.33781695839007553,1.1491545329575639,92.68857490009862,0.1915820942206947
5,111,b,1,15.143319048068095,9.16490909067084,-3.58864096641343,6.606122350010937,3.838017266624576,0.3886538488397348
5,111,c,1,12.18362017382164,9.16490909067084,1.2958362352416877,0.8926868708811111,8103.083924608903,0.0812811207943221
5,100,b,1,7.79520867538714,9.16490909067084,1.0884569716336123,0.19217000532218803,929.7106968914509,0.1506900194238501
5,100,c,1,8.859372566840213,9.16490909067084,-1.681276651163084,1.4734495428306589,1.3548280375473911,0.44236379231688533
5,101,b,1,14.783392097690223,9.16490909067084,-8.866829920417924,11.999999936996641,0.0025441073176561426,0.7554614083241089
5,101,c,1,9.280257930361625,9.16490909067084,-0.4480236163708976,1.274474454516435,17.72250773867503,0.2897672664167327
5,102,b,1,9.632277212771934,9.16490909067084,1.4003723302595423,0.5299545545449189,1618.002852317487,0.0894226881915043
5,102,c,1,8.813302912719521,9.16490909067084,-0.1893611956930216,1.0691419654570087,12.72985355204625,0.2720875436410434
5,103,b,1,15.352437415649705,9.16490909067084,-8.473218963051028,11.999999998945043,0.004405402921048096,0.7018122077049251
5,103,c,1,9.710391739816536,9.16490909067084,-2.7769113932357534,2.646801882791946,0.1517817363615238,0.5164337779837065
5,136,b,1,11.144239349112022,9.16490909067084,0.038600522221753114,1.7442891428993756,154.8322377660874,0.2001155289345921
5,136,c,1,10.880339360089229,9.16490909067084,1.5055380870399198,0.5994417551373845,8103.083916809847,0.07139101648948713
5,137,b,1,9.702952032778628,9.16490909067084,-1.040973467747912,1.763146406413828,4.186607531577704,0.33738540168188874
5,137,c,1,10.066899712383481,9.16490909067084,-1.5270918706747534,2.231296935901566,1.9716884301764939,0.37419763358388664
5,138,b,1,9.776829174895568,9.16490909067084,1.4747594983757306,0.4891522955048888,5564.606963924353,0.08224396190605023
5,138,c,1,9.234921320617651,9.16490909067084,-2.22303565577102,2.150852693691677,0.47069826590192637,0.48313037771722317
5,139,b,1,8.806391696495165,9.16490909067084,-4.761406242678817,2.8552072157810526,0.0026281100352626703,0.7944668513888089
5,139,c,1,8.806391696495165,9.16490909067084,-4.761406242678817,2.8552072157810526,0.0026281100352626703,0.7944668513888089
5,132,b,1,10.259664105277677,9.16490909067084,-1.732901569477935,2.471874688881181,1.8809925892985844,0.38824454657225344
5,132,c,1,8.702994089053364,9.16490909067084,-0.9416434947968706,1.1730342430241976,3.417294921666655,0.36295082717520477
5,133,b,1,10.07106251236871,9.16490909067084,1.1160871264425998,0.7089091001913878,841.9522569341132,0.11357913870617196
5,133,c,1,9.762429205149349,9.16490909067084,-0.9316851532927772,1.7143154814584047,4.74378000152591,0.32379195834590857
5,134,b,1,9.836459708817673,9.16490909067084,-2.6368814794875615,2.887950118248461,0.14686259778471497,0.4944649308550283
5,134,c,1,9.95316329193806,9.16490909067084,-0.6885642782590184,1.8394018635856186,7.494550129531635,0.293053484728119
5,135,b,1,8.231405339687646,9.16490909067084,1.6132962839329963,0.21780345474813012,4640.787075838285,0.0801114945516217
5,135,c,1,8.284338402277521,9.16490909067084,-1.7144824747765752,1.203432039585713,0.4149752095855605,0.4712329071772216
5,124,b,1,10.352965952381103,9.16490909067084,1.6150329733948336,0.4522659041881159,8103.0785341831,0.0642246886309952
5,124,c,1,9.703316554081436,9.16490909067084,-0.6907127985575114,1.6121679212243523,12.785013253763083,0.3026281877698449
5,125,b,1,9.831450919326318,9.16490909067084,1.591348656086621,0.4479600399042133,4848.089814321687,0.06943606314086512
5,125,c,1,7.83913655414301,9.16490909067084,-0.06277493248548693,0.6007853598638839,11.286375751090915,0.2872930390421038
5,126,b,1,8.364033334335335,9.16490909067084,1.826118853353379,0.17973482164441354,8103.043392137031,0.053623708587737386
5,126,c,1,9.556728107196582,9.16490909067084,-0.75805381293067,1.673937266691588,5.429200559528213,0.3117346147921249
5,127,b,1,13.350878887541699,9.16490909067084,-10.108074599521046,11.999999720869209,0.00015583303147387428,0.9294771454638532
5,127,c,1,9.840405680462348,9.16490909067084,-3.875552139761006,3.38089628919883,0.0312692479104713,0.6230030853683586
5,120,b,1,9.11249873275102,9.16490909067084,1.727962129080625,0.26463697475913056,8102.807151445546,0.06027768917109465
5,120,c,1,9.597244772140384,9.16490909067084,-2.324768740684102,2.334459300901575,0.26956782757497444,0.474201681341673
5,121,b,1,8.221903699647179,9.16490909067084,1.7355762756728086,0.17547031476422298,8103.074712519493,0.06585736986171574
5,121,c,1,9.444101549754622,9.16490909067084,-3.112656062509778,2.691705621109117,0.059634461990538776,0.5655844753783348
5,122,b,1,10.190511413536889,9.16490909067084,-4.7484025386242,4.22550692969131,0.005091027764516458,0.6870876071614878
5,122,c,1,9.770483778444445,9.16490909067084,-1.5823733920025458,2.1368386162466306,1.2664748887201525,0.39004998534128055
5,123,b,1,12.484469693055985,9.16490909067084,-4.64204746199311,6.037187004993628,0.08405043698544562,0.5551825792919051
5,123,c,1,11.798118019381635,9.16490909067084,0.9051702009562013,1.1410377376199476,1249.0428103661168,0.11604100983328348
5,128,b,1,8.152887263078473,9.16490909067084,1.6952462622485065,0.18451208844722067,5925.795764514421,0.0709759002344068
5,128,c,1,8.885250040318544,9.16490909067084,-1.0501350463135493,1.4028648715300367,2.499794629153015,0.36724525789999307
5,129,b,1,9.199829459120892,9.16490909067084,-3.432146474899111,2.5933383907906973,0.021330149746589706,0.6136076200136289
5,129,c,1,9.291530312524054,9.16490909067084,-1.4611145118058473,1.7969208090051558,1.1356331199464655,0.3955762795267358
5,130,b,1,9.584507837115977,9.16490909067084,1.6084791670888738,0.3701077314049845,8064.820911102825,0.07006769879212121
5,130,c,1,9.3627193912566,9.16490909067084,-3.024799995421727,2.4759143910248294,0.09199924556477787,0.5620701017723537
5,131,b,1,10.750378211860811,9.16490909067084,1.5630125098965704,0.528150622616081,8072.119168089244,0.06679232006951627
5,131,c,1,10.701153390277042,9.16490909067084,0.4688596951581865,1.2759884679824958,309.5276720270822,0.16791776607631728
5,140,b,1,8.387735881230395,9.16490909067084,0.9290561893095721,0.3891860078996119,579.2046389191704,0.15867135576548452
5,140,c,1,10.010978904285643,9.16490909067084,-3.7993152194422564,3.3544383644206066,0.04507677986959746,0.6052528046700191
5,141,b,1,9.050554881680053,9.16490909067084,-0.05469991311392798,1.0643162805472266,19.900639119103143,0.2509572031199069
5,141,c,1,9.384572643647425,9.16490909067084,-1.2858850914069881,1.7826589104098898,1.6366956814975495,0.373052621605131
5,142,b,1,8.085663525041198,9.16490909067084,1.402559225034084,0.2472284771735574,1888.4715337873563,0.10662250539955155
5,142,c,1,9.915451709462502,9.16490909067084,-1.6926739714805628,2.3069346221628573,1.651980641286492,0.3970814829740017
5,143,b,1,8.889491941902284,9.16490909067084,1.7098783273183638,0.2783746937599436,8102.506762786903,0.06387517512139305
5,143,c,1,7.617156075404941,9.16490909067084,0.5506854440917335,0.3440619545404749,71.1062824305743,0.21905377933524295
5,144,b,1,8.160078044933428,9.16490909067084,1.6474312822402322,0.2155405307491759,3866.318968585574,0.0761396533100793
5,144,c,1,9.339134609203079,9.16490909067084,-1.1145496083111208,1.7474758837945936,2.6641484215611966,0.3571747298036446
5,145,b,1,10.983768337404568,9.16490909067084,-1.963752892993301,3.1267695852180237,0.7148610762518426,0.3822993369644901
5,145,c,1,10.27640250913303,9.16490909067084,0.5790982561572715,1.1508536458774863,120.61780225689635,0.16130671222224555
5,146,b,1,8.637063635250126,9.16490909067084,1.7709828750125274,0.22638035157779626,8103.08385879084,0.05848585904203425
5,146,c,1,9.870007050620357,9.16490909067084,-0.07196494685353269,1.441453495280435,37.373643694741695,0.2343333687765828
5,147,b,1,9.216934507090345,9.16490909067084,0.4930085989907536,0.8186151176259165,154.32186461842397,0.19053748560535047
5,147,c,1,9.141249643470095,9.16490909067084,-2.355874224709906,1.9577893807972362,0.2346476699026272,0.5009336683426454
5,148,b,1,9.482174847941002,9.16490909067084,1.6216189480299912,0.3563400575876189,7808.229472860341,0.06936744798277304
5,148,c,1,9.23632273979712,9.16490909067084,-0.6675266221866898,1.3715677739990726,9.099114201061203,0.3141084728697061
5,149,b,1,15.6076119855403,9.16490909067084,-7.868187205252893,11.71903285288195,0.009105386740016973,0.6515504643932272
5,149,c,1,9.807436002486147,9.16490909067084,-0.6318460081052664,1.7254196534019428,9.147798036980507,0.29194326638773693
5,150,b,1,7.399721935347473,9.16490909067084,1.3784276408496816,0.09084038290489743,1809.2095201624213,0.11978115277605383
5,150,c,1,10.091945822030198,9.16490909067084,-2.040608498547284,2.614042783303727,1.362908937818554,0.42589278518692786
5,151,b,1,10.539617717922,9.16490909067084,-3.068555875816957,3.6019700879573797,0.23104241451371332,0.5058957903954548
5,151,c,1,10.205984753672672,9.16490909067084,-2.310468355339774,2.8892715972565846,0.688325269407296,0.4472468567436185
5,152,b,1,7.710767805626078,9.16490909067084,1.8244157807209072,0.11482314902951386,8103.083459998355,0.05839382097686147
5,152,c,1,9.757105534659953,9.16490909067084,-0.3347292220570554,1.5601395041538044,16.651995917168417,0.26301531287815866
5,153,b,1,14.412333554599472,9.16490909067084,-9.234756251405924,11.999999978780188,0.0012370158410509005,0.8004405975466946
5,153,c,1,9.38503766473847,9.16490909067084,-1.2446451212333935,1.6570601945477939,2.839043684101866,0.37058605838832054
5,154,b,1,15.205789179010695,9.16490909067084,-8.552008895121816,11.999999993102696,0.003193767115871787,0.713755052026518
5,154,c,1,8.834603840021417,9.16490909067084,-0.1857018891581949,0.9860625787119877,16.35382273948881,0.2722342233051667
5,155,b,1,7.380858266489273,9.16490909067084,-4.9533973662103605,0.8261565395654064,0.00012340980526792073,0.9482852051242449
5,155,c,1,10.663508709926054,9.16490909067084,-2.305924574880994,3.2554286057148016,1.0942088882026046,0.42855489723261353
5,160,b,1,12.941431413585674,9.16490909067084,-6.986314975866908,8.690400904722148,0.008062785440918218,0.7174421032354102
5,160,c,1,8.292068146749546,9.16490909067084,1.6112490212316517,0.2137160986188405,6991.762489046627,0.08044548309912264
5,161,b,1,8.900727076044586,9.16490909067084,1.4204840364398637,0.3615393329601051,3495.4953722499517,0.09591688310020689
5,161,c,1,8.633303014414567,9.16490909067084,-0.5311149026230425,0.9717701012911788,10.217959653235468,0.3195968557538177
5,162,b,1,13.577429618852014,9.16490909067084,-9.92828109586527,11.999999972229645,0.0001615042233885243,0.9007088319899125
5,162,c,1,8.702282337172937,9.16490909067084,-2.2990545028812113,1.6457262272017847,0.13908347173566585,0.5162602046963887
5,163,b,1,14.331267836131293,9.16490909067084,-9.035574514249355,11.999999994808423,0.0010848493349812252,0.7910461484471515
5,163,c,1,9.159419894185609,9.16490909067084,0.7672158852702748,0.7546912716416937,223.82874141955165,0.16125870833469613
5,164,b,1,11.321498062400991,9.16490909067084,-8.332734166766457,8.00974014580979,0.0001234098042782095,0.9386165298599427
5,164,c,1,8.990367927781206,9.16490909067084,-1.5141354753677518,1.5923918471176286,1.406597538196411,0.4161747105971424
5,165,b,1,8.394511841758385,9.16490909067084,1.5827035427815277,0.24769906146759313,5700.667372854018,0.08264360254372102
5,165,c,1,8.117733685675516,9.16490909067084,-0.6819154313428293,0.801387803025077,5.117743925085924,0.35649714482999895
5,166,b,1,14.137757604568675,9.16490909067084,-9.187655809121107,11.999999914805256,0.00047856280636815587,0.8126002852551315
5,166,c,1,9.396576035621605,9.16490909067084,-0.5787024969892909,1.4921756394313923,6.949243266861662,0.2974623498100542
5,167,b,1,8.469888286144718,9.16490909067084,1.4385319214021581,0.3243224645774925,1733.2093358923396,0.09717132281679218
5,167,c,1,9.665572895401553,9.16490909067084,-0.2539986641872448,1.4341367841439199,22.331726612363102,0.2576230227217848
5,168,b,1,8.63959368028035,9.16490909067084,1.770049162417954,0.22517480633605058,8070.7009843981195,0.058573532102901844
5,168,c,1,9.967312413272932,9.16490909067084,-2.1063308569899406,2.6492975263913054,0.5051482363264601,0.43537773934286744
5,169,b,1,10.466036682922446,9.16490909067084,0.8684589896581247,0.9508493952304744,1771.4986488403958,0.1348341588428825
5,169,c,1,8.97231334604568,9.16490909067084,-2.9054489250088182,2.1006397834845485,0.143911695664701,0.5739412966989482
5,170,b,1,15.198625478050861,9.16490909067084,-8.64986292213038,11.99999999780296,0.002315318344266684,0.7205238959236301
5,170,c,1,9.53443374742268,9.16490909067084,-0.15139673751191718,1.2313478794808512,26.082554869426264,0.25022891159286914
5,171,b,1,13.339752946836123,9.16490909067084,-6.657324062814679,8.742387933029168,0.0156945446438235,0.6713582853341244
5,171,c,1,8.899684522193406,9.16490909067084,-4.1002272403407165,2.556743673043176,0.008529459353233926,0.7112749318901631
5,176,b,1,9.658972235622315,9.16490909067084,1.5275265228649393,0.4360743666490533,8103.073004813211,0.07809516176832766
5,176,c,1,9.570919942579277,9.16490909067084,0.42299839858606264,1.0105382095399271,241.0195721924026,0.19222190665306857
5,177,b,1,9.35754244964779,9.16490909067084,1.6051959529585402,0.3508764409918498,8102.802777104233,0.07213156961351058
5,177,c,1,11.328853922465523,9.16490909067084,0.3368870313012542,1.5150641256570045,336.8114148486335,0.17078262079915713
5,178,b,1,8.394437407468782,9.16490909067084,0.8492491672404965,0.4814102463754506,303.7283067959874,0.1666553415177102
5,178,c,1,9.166179132570038,9.16490909067084,-2.198415779950289,2.031374091689714,0.3536572715203616,0.48279554817521514
5,179,b,1,8.102281349598538,9.16490909067084,1.6027527101095944,0.18810308407205162,4708.5245411958895,0.08275449172960819
5,179,c,1,10.778148056023761,9.16490909067084,-2.916296445024697,3.588524561333875,0.3013648712501979,0.4805019515648492
5,188,b,1,7.09380058279641,9.16490909067084,-0.9112423758827334,-0.10856548686266856,1.6150417847460081,0.4349872140159763
5,188,c,1,9.840524794254993,9.16490909067084,-4.111474186186103,3.363839156282994,0.027210601203230284,0.6477104776949568
5,189,b,1,10.591998160659639,9.16490909067084,-7.5225076798735575,6.4926471525160245,0.00012340980415113457,0.9257332930437041
5,189,c,1,10.065726270573842,9.16490909067084,-2.6356998114401304,2.936606616389954,0.2913416821023564,0.4852586915206026
5,190,b,1,7.63093023993698,9.16490909067084,0.8344654271362362,0.20285737337124643,533.8575102874354,0.18709621378098373
5,190,c,1,9.776799808038374,9.16490909067084,-4.060114232248056,3.4839907731342423,0.0475948166416586,0.6475188612483791
5,191,b,1,10.653332314191744,9.16490909067084,0.8294538623435583,0.9984212929056411,845.3902028860604,0.13528023023421332
5,191,c,1,9.263756090567156,9.16490909067084,-1.2349459655156887,1.5868280551713898,3.4606239972084065,0.3750292700631965
5,180,b,1,9.243778034524885,9.16490909067084,1.1306814392172404,0.5797791762191506,932.0057278376614,0.12232924953821367
5,180,c,1,11.481674809451745,9.16490909067084,-3.667700287195701,4.661965720947755,0.15099176090496844,0.5176644220629862
5,181,b,1,8.126537829140418,9.16490909067084,1.6977934987471732,0.1932051263789602,4168.851393004345,0.0702034449466305
5,181,c,1,9.136931421397385,9.16490909067084,-1.126371405489795,1.627775449456681,1.9358377300052427,0.3649538552940384
5,182,b,1,9.943527827684463,9.16490909067084,1.6609725115802638,0.40155310300489677,8103.079226144034,0.062142168114047755
5,182,c,1,10.538921373456239,9.16490909067084,-0.05716093177470708,1.6225800264484425,63.60222147904109,0.21935431895231186
5,183,b,1,12.906432328595244,9.16490909067084,-7.786179708886204,9.488527615324621,0.001624843549771863,0.7813614039522286
5,183,c,1,8.851599682885489,9.16490909067084,0.9634487495720838,0.5897367710419285,434.93494134886845,0.1455347420827096
5,192,b,1,11.664718132317285,9.16490909067084,-4.298738615962545,5.37608121625923,0.06894055804965354,0.5641246447066209
5,192,c,1,9.886791521090293,9.16490909067084,-0.6165713471618778,1.742681945229563,13.765097213602617,0.28929535695507497
5,193,b,1,7.644751477414881,9.16490909067084,0.9852074730245923,0.1683219342089568,787.4173747270006,0.16726488686388322
5,193,c,1,7.365442600916248,9.16490909067084,-4.179283242169701,0.3567719069569196,0.0009155813457337017,0.852247686674775
5,194,b,1,9.780951092686884,9.16490909067084,1.6104528390694597,0.3934634073778034,8084.998941649016,0.06845698328332966
5,194,c,1,8.971016017082706,9.16490909067084,-1.1435464861146283,1.3951452663112467,2.6809256633596976,0.3753503132070368
5,195,b,1,7.025428419920268,9.16490909067084,-2.582961920566296,0.04729244644029715,0.016757405698578767,0.6618209304396591
5,195,c,1,9.409917192745349,9.16490909067084,-5.409396806966214,3.7640066174570803,0.0011727043878715523,0.8139325095596182
5,156,b,1,7.881349105635321,9.16490909067084,1.5643784759669304,0.14852680701831816,4159.688523175242,0.08985443858191465
5,156,c,1,10.07907427156802,9.16490909067084,-4.028216242672526,3.645667329272195,0.027849652921648062,0.6238235472748257
5,157,b,1,9.612678112258706,9.16490909067084,1.6477374470915818,0.3581190576784108,7455.52168258575,0.06558676998853717
5,157,c,1,9.474632253436262,9.16490909067084,-1.6743539533835217,1.970518270769725,1.1549465195459343,0.412287707709579
5,158,b,1,7.997017920593698,9.16490909067084,1.3506911412589169,0.2309554204717763,1554.499928873937,0.11406996935126307
5,158,c,1,9.907487074040489,9.16490909067084,-0.1647553331724791,1.4200286164212153,40.64012495637912,0.2435968227560749
5,159,b,1,8.738634581589768,9.16490909067084,0.6460164079626214,0.6615541437759753,170.10224360600452,0.18278515665359485
5,159,c,1,9.198401045936114,9.16490909067084,-2.4106648266076895,2.1416482769333633,0.19870827330529023,0.5035301905987856
5,172,b,1,9.088487246347713,9.16490909067084,0.9310651619780279,0.5988908163423121,553.9800235932205,0.14610100063348105
5,172,c,1,9.522445500875454,9.16490909067084,-2.304376886397839,2.2432987069915438,0.4122635404951181,0.4771849895848453
5,173,b,1,8.70028963582882,9.16490909067084,1.40324426805059,0.36983758308580067,1751.821211627581,0.09884164870455148
5,173,c,1,8.164961735601494,9.16490909067084,-1.1028903720998409,0.9453254022279476,1.3319409616812403,0.40281765800775987
5,174,b,1,9.465473024066473,9.16490909067084,-0.3733003215731371,1.3784421577732227,15.427689819041309,0.2751966868036287
5,174,c,1,9.71489349263721,9.16490909067084,-1.4504119331222403,2.0595449936438017,1.6410145491541552,0.37868003606587514
5,175,b,1,9.889079003181864,9.16490909067084,-3.177764593034963,3.121213236590253,0.04408978744205929,0.5460498007264967
5,175,c,1,10.383694009627302,9.16490909067084,-0.18841961582153915,1.6501458176673638,22.75047382888969,0.23311986833780612
5,196,b,1,10.209533152148042,9.16490909067084,-2.810123262331839,3.038331438429082,0.24339286092229054,0.49593491725356914
5,196,c,1,9.039493949691018,9.16490909067084,-1.552273486612091,1.5902667056314974,1.0989059652734527,0.4173921521595349
5,197,b,1,8.395285976164104,9.16490909067084,1.7497467250263061,0.18041750660963385,8097.339717417847,0.062764856939005
5,197,c,1,9.244622372364502,9.16490909067084,-0.9100496197913962,1.4614819651398352,4.284703459868318,0.3389918313637731
5,198,b,1,9.946110041793885,9.16490909067084,-2.4853252940286277,2.6624940465376405,0.3673113354743897,0.47578575743534457
5,198,c,1,8.481581882254059,9.16490909067084,-0.1988081014449992,0.793097871602169,16.415887323857966,0.2852564350171191
5,199,b,1,8.056196447801714,9.16490909067084,1.8083955560072353,0.15261798050667408,8077.052171079443,0.05792816839860696
5,199,c,1,9.150451479640289,9.16490909067084,-0.7088433441275943,1.458834968297948,5.44991806957217,0.31976650582741534
5,200,b,1,12.69786985840929,9.16490909067084,-5.052628371652075,6.729205436127101,0.050922250396894846,0.5783437141914302
5,200,c,1,9.477096447438244,9.16490909067084,-0.12185402414825738,1.2776403962418048,34.127207244117955,0.24934167222413908
5,201,b,1,7.658204739016281,9.16490909067084,-2.88243766567763,0.9748693303306564,0.016904238711189474,0.6542913261209098
5,201,c,1,8.162063613602049,9.16490909067084,-2.225814021018995,1.3433940913250333,0.12407644657949615,0.5395997024032724
5,202,b,1,8.532908759850585,9.16490909067084,1.2187361483825638,0.34852544608712505,2082.861719285022,0.12349954253856311
5,202,c,1,9.158398397576859,9.16490909067084,-4.0556980765382145,2.652043219056517,0.01442551220683919,0.6878756201349603
5,203,b,1,9.600547531890363,9.16490909067084,1.4376327182703097,0.49045183881195387,3520.837024424164,0.08709864454494205
5,203,c,1,8.247521771497691,9.16490909067084,-1.067761500333336,1.0120408094199673,1.7708060903917535,0.3959612387545721
5,184,b,1,9.325273502295255,9.16490909067084,1.3586231544137988,0.4610919514094578,2982.5755613535107,0.09813015568672671
5,184,c,1,10.045975680399314,9.16490909067084,-1.5128904123344145,2.218450847586488,3.3973478004879505,0.3749808936109582
5,185,b,1,10.392490620805901,9.16490909067084,-7.635158357698009,6.170983666745753,0.00012340980409428933,0.9545467036540567
5,185,c,1,10.855585752510649,9.16490909067084,-4.95212265325806,4.991925655654482,0.018222462755700865,0.6663378592889221
5,186,b,1,10.311104196042974,9.16490909067084,1.7591741238677803,0.3582962917398623,7138.60491521906,0.05000000009742658
5,186,c,1,9.9291929557025,9.16490909067084,0.30962495346633667,1.1496935050668458,57.8464997981494,0.1934048893796043
5,187,b,1,9.078891842470954,9.16490909067084,1.6864697291334325,0.29722254466251363,5154.9174957519635,0.06450502047509334
5,187,c,1,10.224800336081234,9.16490909067084,-0.3109818576034783,1.6524856649082456,21.440331116000294,0.24933961005893734
5,208,b,1,8.671115390874334,9.16490909067084,1.2425102421837648,0.37903386370747705,2172.656751421675,0.11878009695401466
5,208,c,1,9.552125109225493,9.16490909067084,-2.566375505634113,2.409573827839478,0.42203032402371476,0.5047093512739776
5,209,b,1,7.849442982557689,9.16490909067084,1.5941093164196052,0.17088886183841295,3294.9529871080927,0.08582952440902723
5,209,c,1,10.8566824829919,9.16490909067084,-0.8583796236750098,2.2849207771956195,13.23755034713337,0.2868056752114681
5,210,b,1,8.706180828012172,9.16490909067084,1.6889364100396946,0.25656639728319586,8102.962194378889,0.06768481430647354
5,210,c,1,8.98721688162202,9.16490909067084,-2.576658661621199,2.1224605175003477,0.12896910756669003,0.5333658452804161
5,211,b,1,10.174039900772893,9.16490909067084,-4.191672902931648,3.9790556226133367,0.019734573777347005,0.634029342899604
5,211,c,1,9.082397666093367,9.16490909067084,-4.0532297130681165,2.7744888066695426,0.0074776428495054404,0.6908362579959653
5,216,b,1,9.511525262357278,9.16490909067084,1.2200956499564555,0.5956287881363365,1781.0600561560927,0.11038832693820996
5,216,c,1,8.618502671196335,9.16490909067084,-2.0622475194654357,1.6034974178172352,0.30954150007877623,0.4957050404269893
5,217,b,1,13.33265744028352,9.16490909067084,-5.75446468758934,7.752579550785814,0.038401396372495,0.6038178792939747
5,217,c,1,9.77599487024111,9.16490909067084,0.6840313007694503,0.9138563103394226,356.22006365639174,0.16121144557478934
5,218,b,1,14.734001723836203,9.16490909067084,-8.836532895960712,11.999999995454033,0.0019003799570010704,0.7559227417207739
5,218,c,1,9.543591966696019,9.16490909067084,-1.4147849145909774,1.8919285939290682,2.1937906813373793,0.3825498914942116
5,219,b,1,8.891780949750775,9.16490909067084,-6.310532375919846,3.481862252177378,0.0001234098042067842,0.9612069970148098
5,219,c,1,9.188010899296666,9.16490909067084,-5.9523023859177275,3.787282096860462,0.0004083067060604194,0.8927667920931728
5,220,b,1,9.469023735578856,9.16490909067084,1.2885312902711776,0.5588718257273755,1650.9259128074627,0.10327097315111083
5,220,c,1,10.719933176400007,9.16490909067084,-0.36108313747087617,1.8981301462247973,35.69600874830372,0.24406868490842842
5,221,b,1,10.775881654141516,9.16490909067084,-1.1205180650829671,2.3590367035408324,8.28866235011671,0.313403802654222
5,221,c,1,9.426293384321934,9.16490909067084,-1.2427905830825567,1.7454449539163066,2.7657953404265965,0.3686569448658012
5,222,b,1,10.985887211496115,9.16490909067084,0.8035624379294184,1.0768829542517113,1328.3553851951394,0.13418929277689906
5,222,c,1,8.778561594694809,9.16490909067084,-1.9519269858451502,1.5081149427656722,0.6446558634120769,0.4764850679526512
5,223,b,1,8.405114805213795,9.16490909067084,-1.9067088756342396,1.2797480783340331,0.349775787727615,0.4886944699105476
5,223,c,1,9.657943110376461,9.16490909067084,-3.064777586228041,2.810560517640573,0.10849160617770089,0.549801955143464
5,204,b,1,8.1747742060159,9.16490909067084,-5.244046122073396,2.1067156800948763,0.0001234098044201638,0.8996397820539566
5,204,c,1,8.61756193005435,9.16490909067084,-0.5486677810200502,1.1346802517659729,4.112221191279752,0.3174751129782935
5,205,b,1,9.511243243053082,9.16490909067084,-6.726436164745023,4.341425976668075,0.00012340980421370035,0.9447021515982174
5,205,c,1,10.448510004270702,9.16490909067084,-1.005420090630121,2.129722903337723,12.385910574226331,0.3125685067654841
5,206,b,1,8.299046772694542,9.16490909067084,1.0872349800234735,0.3392181284494158,855.7592831872079,0.1414936714678215
5,206,c,1,9.151918182988101,9.16490909067084,-3.451102810788187,2.410346093623067,0.032420836701609515,0.6208896028850793
5,207,b,1,8.382431498118729,9.16490909067084,1.1837549948920412,0.33723112107051434,1132.2539012280529,0.12878006717057713
5,207,c,1,9.784658180581951,9.16490909067084,-1.7155048012694916,2.142204160824079,1.5901184583079255,0.40474485492629686
5,224,b,1,10.7993522554746,9.16490909067084,-3.3922618739019286,4.052856467316401,0.19036726835065243,0.5244397019402647
5,224,c,1,8.42447721323791,9.16490909067084,-2.2444246494038107,1.49895987509597,0.16567224165013564,0.5272172961192507
5,225,b,1,10.072842152182627,9.16490909067084,0.7580737739315858,0.9998739762146923,284.43701863049193,0.1482435925326459
5,225,c,1,9.938580575439774,9.16490909067084,-3.7211570139148815,3.577527321596065,0.026191741007867975,0.599998854815286
5,226,b,1,9.485782146648196,9.16490909067084,1.630574624901497,0.3583946665162946,8102.910166287007,0.06842025036431221
5,226,c,1,8.443730367817285,9.16490909067084,-1.5915663251140992,1.2309330922556654,0.6962411869237625,0.4494817519733869
5,227,b,1,9.261566501541564,9.16490909067084,1.4274747285154912,0.43006545570950516,3184.0110569934163,0.09125621690123864
5,227,c,1,8.348387148099095,9.16490909067084,-1.968079631508795,1.2463067613818528,0.2513635507526953,0.498034138415009
5,244,b,1,10.712213883958084,9.16490909067084,-7.705745508083106,7.154687467031476,0.0001234098055979459,0.9327582658570878
5,244,c,1,8.713668160268197,9.16490909067084,-0.10613205821955142,1.04255618621769,20.941541538810068,0.2672923371133658
5,245,b,1,13.838362314341445,9.16490909067084,-6.892523442521821,9.330471590834598,0.012841355832473882,0.6642026827811274
5,245,c,1,8.714763814083263,9.16490909067084,-1.213887303946696,1.3304496732285536,1.9619548432661476,0.39364882249663713
5,246,b,1,10.638008090519035,9.16490909067084,-7.2232809139772725,6.2579735289770095,0.0001234098205169567,0.8929545466840162
5,246,c,1,10.271187088419676,9.16490909067084,-2.598789238595701,3.028296318389638,0.21561079609496184,0.4708787054765346
5,247,b,1,12.145514716795809,9.16490909067084,1.0638320373748993,1.100241454277835,2747.9889324963488,0.10014838473279186
5,247,c,1,8.046434336448725,9.16490909067084,0.16307938136463848,0.5679536308252476,44.345143524421644,0.2569938324849304
5,212,b,1,9.157095677166783,9.16490909067084,1.7753449134480654,0.2513761904712727,8103.079450013329,0.05467545719300285
5,212,c,1,9.819500153285976,9.16490909067084,-1.25573191884862,1.9559773723640823,2.256299127970039,0.35454752418839763
5,213,b,1,9.213707514607943,9.16490909067084,1.1759145698290432,0.5380069697626166,1453.612196937711,0.11854304822280554
5,213,c,1,10.241097318816875,9.16490909067084,-0.08126225374656064,1.4962356935182868,76.59275848214884,0.22860423293160506
5,214,b,1,10.165743998825025,9.16490909067084,1.0093386085441378,0.8016428396292946,1112.848660731842,0.12393736277604034
5,214,c,1,9.13781810600995,9.16490909067084,-0.42298639057844584,1.2059512548436373,16.923117207562992,0.29121259102058233
5,215,b,1,11.116727852550717,9.16490909067084,-3.0764682506143455,3.985963237555474,0.23850745578681715,0.48042758638603544
5,215,c,1,9.202640474922976,9.16490909067084,-1.73249233035613,1.9053289047343198,0.6852110307563014,0.42906441411959073
5,236,b,1,8.81406144101077,9.16490909067084,1.7472758489198714,0.23497772632646596,8102.897175869803,0.060071353436754994
5,236,c,1,8.7375831817019,9.16490909067084,-2.2240490007501084,1.677509258139986,0.14584642330883685,0.5049347241253911
5,237,b,1,8.362501644374879,9.16490909067084,1.14536238323541,0.38190108937398315,1022.1554040015802,0.13361764119979186
5,237,c,1,11.457663236057844,9.16490909067084,-2.4837530559187084,3.762224323025551,1.4875333429935986,0.41532178690541893
5,238,b,1,13.684194091437924,9.16490909067084,-9.668680626642569,11.999999723829234,0.00024956701388566054,0.8747057738027332
5,238,c,1,8.347215675470473,9.16490909067084,-1.3622905576701347,1.1320402787698862,0.8698245541331217,0.42573012929324494
5,239,b,1,7.953495922091769,9.16490909067084,-0.2507352547438735,0.6799137426402455,11.747438306715024,0.3094658079042199
5,239,c,1,9.199870711355068,9.16490909067084,-0.34750910931456547,1.330748754556271,20.87073613405117,0.28124704383599275
5,232,b,1,9.472201163543863,9.16490909067084,1.173515119740892,0.5907302214757184,1611.4157931519126,0.11575228428442948
5,232,c,1,9.572652380791936,9.16490909067084,-1.3882438945209996,1.9159807441849357,3.020048157990268,0.37948214499299265
5,233,b,1,7.63942480446953,9.16490909067084,1.768454697428223,0.11362620169469545,5361.322041156616,0.06567092946043912
5,233,c,1,9.451163004354568,9.16490909067084,-1.1100234690885595,1.795195207673392,2.745578791749297,0.3525522795104451
5,234,b,1,11.072446513839589,9.16490909067084,-8.023521252834037,7.557529521843858,0.00012340980478862108,0.9315152741786128
5,234,c,1,9.91614454474879,9.16490909067084,-2.2251054458927166,2.6183878644535517,0.49599081387810035,0.4503283392341476
5,235,b,1,8.048873691144374,9.16490909067084,1.6697657123833212,0.1876144622680873,6202.264122913487,0.07522677059779119
5,235,c,1,10.687468792329158,9.16490909067084,-0.5100328386515776,2.013856537547732,32.13530099639326,0.2591533412681698
5,228,b,1,9.28184192404844,9.16490909067084,1.375530158200542,0.4402174898003933,4343.324610307167,0.09725674422244751
5,228,c,1,10.252734366216417,9.16490909067084,-1.0094988383818175,2.0279885754247173,14.470333165238095,0.31925770519763413
5,229,b,1,9.454806274574969,9.16490909067084,1.6767430386195474,0.33226811940249523,8102.9347818178685,0.06364645761946751
5,229,c,1,10.13416394415029,9.16490909067084,-0.5406022013705534,1.740021391931457,19.665688260210402,0.27530345796126626
5,230,b,1,14.74923757572721,9.16490909067084,-8.893885608139612,11.99999999747023,0.0013533531038853845,0.7590195049506354
5,230,c,1,9.454238439361548,9.16490909067084,-3.041843607247417,2.542880344165856,0.06325267164303211,0.557158540271335
5,231,b,1,11.60807635913998,9.16490909067084,-8.378157730504977,8.571026453898817,0.00012340980493638732,0.9193907833757609
5,231,c,1,8.974113596297817,9.16490909067084,-2.9533253956777537,2.263105107086082,0.048870866701716,0.5750223638727845
5,240,b,1,14.934775054358944,9.16490909067084,-8.44049207491426,11.999999821555406,0.0030564037213171124,0.7192270498186415
5,240,c,1,8.36137619630979,9.16490909067084,0.2425245582714476,0.7526680329514397,31.150089898175217,0.23531445327241382
5,241,b,1,8.084885499496114,9.16490909067084,1.2567803127156871,0.2720353440173553,1104.701015337477,0.12405376192905823
5,241,c,1,8.81432928084387,9.16490909067084,-1.1516174672992268,1.3226317027317307,2.409127744057223,0.38252324736801824
5,242,b,1,10.841178930533076,9.16490909067084,-0.23489460983272406,1.7682446315611768,133.00653368498544,0.23149670003252174
5,242,c,1,7.911067722633197,9.16490909067084,-1.0113728630853307,0.5974631345180716,2.983886882940568,0.40811835636532845
5,243,b,1,10.591876623432029,9.16490909067084,1.5906689111552614,0.5059140939969895,8103.081954142326,0.06512773202662739
5,243,c,1,12.238673158603396,9.16490909067084,-1.5880622536722901,3.41941139249444,8.519886735081997,0.31557996529998766
5,256,b,1,8.352037165276068,9.16490909067084,1.6759903846997197,0.20746003979074124,7294.851391971506,0.07198701097199327
5,256,c,1,11.189045942903904,9.16490909067084,0.65493118124066,1.262860193949451,580.9119289248106,0.1443632885751863
5,257,b,1,7.715228716330987,9.16490909067084,1.800360334882237,0.12149214189231404,8102.51656336987,0.061563823372705606
5,257,c,1,8.832334596640651,9.16490909067084,-0.788979582485475,1.352787306054609,4.3147042846694115,0.33999589125497126
5,258,b,1,13.188623049581343,9.16490909067084,-10.247456819568049,11.999999867900865,0.000237906523870294,0.9515102905333148
5,258,c,1,9.783607786162973,9.16490909067084,-1.710224136950365,2.1943040044286546,3.8145164454452587,0.406321515385892
5,259,b,1,9.709345159876223,9.16490909067084,-0.20679177908891733,1.4001442741362249,34.53087717296383,0.25267431997123935
5,259,c,1,8.552083228578255,9.16490909067084,-0.8852074257493543,1.123622812252279,3.3918529575976253,0.3621369756459393
5,252,b,1,8.643570471737819,9.16490909067084,1.5612670166772515,0.2728658111859271,5825.355664329024,0.08283828087824581
5,252,c,1,8.451616279905071,9.16490909067084,-3.1148652328445112,1.6141970982773954,0.030037528878782027,0.6287213624640582
5,253,b,1,9.101315509871577,9.16490909067084,-6.597797112429881,3.616025220205084,0.00012340980418880729,0.9724584229141269
5,253,c,1,9.10077997631148,9.16490909067084,-1.0784298130905003,1.4297449851902195,6.3866664498169925,0.3655157242178322
5,254,b,1,8.578979801365605,9.16490909067084,1.5044102468410117,0.2873495878486535,4555.608579333547,0.08988799491043804
5,254,c,1,9.458256359386946,9.16490909067084,-0.7002579719227768,1.5016621968669095,14.21674455536107,0.3118428000094476
5,255,b,1,10.843713981370756,9.16490909067084,1.715679219115631,0.4386305498586248,8103.082739882144,0.05181555539620722
5,255,c,1,10.036048230029088,9.16490909067084,0.003598560879235509,1.4178947949746656,41.46456103324355,0.22278035334080676
5,248,b,1,8.40815868824704,9.16490909067084,1.7243044287933893,0.18608969746829218,5770.666716775748,0.06521767748512713
5,248,c,1,9.856954550973223,9.16490909067084,-1.4073313752459349,1.981808225106973,1.9506907286208843,0.3691708985780049
5,249,b,1,9.195205497480858,9.16490909067084,1.6493656212495167,0.31897035334345747,5981.877163530806,0.06807394582929549
5,249,c,1,9.557218981484048,9.16490909067084,-2.6222899694049677,2.5311485508155966,0.15795808408380813,0.507556220740726
5,250,b,1,8.384448603380187,9.16490909067084,1.70664547162986,0.18442277089142128,8102.996337030591,0.068117990206799
5,250,c,1,9.428576116255192,9.16490909067084,-1.1363022199130084,1.6419620011766929,3.5301335394870907,0.3573882315698759
5,251,b,1,6.9639697482050895,9.16490909067084,0.5755754514513753,-0.05174976174664421,107.9933283429439,0.23803662432425357
5,251,c,1,9.557862933766085,9.16490909067084,-1.7093615130993793,2.08140028387207,2.335185386134761,0.41473232957777006
5,264,b,1,8.555920082079275,9.16490909067084,-4.830921049855074,2.341812105753001,0.0009917849100392526,0.8217551515589121
5,264,c,1,8.826229586221087,9.16490909067084,-3.5654226109987186,2.2516067552911676,0.01821654420721481,0.6552178850281469
5,265,b,1,6.735116576042952,9.16490909067084,-4.604154658531784,-0.5163657572633691,0.00012340980418760003,0.9715589681184814
5,265,c,1,9.830901394484208,9.16490909067084,-4.6549959232166955,3.869003405915432,0.011996938264939009,0.7041451238418427
5,266,b,1,7.983270371034054,9.16490909067084,-0.5810897260814865,0.6469287928591846,3.7045433102114713,0.34647215523325237
5,266,c,1,9.387984751989737,9.16490909067084,-1.7978022309859418,1.9689935365774194,0.6957226301691688,0.42819828202297827
5,267,b,1,9.946415767795518,9.16490909067084,1.464292586152589,0.5019146193229773,3953.582773235906,0.08147869507440171
5,267,c,1,9.771027890745954,9.16490909067084,-1.431106606081281,2.042010553020411,2.7580628403659473,0.376149497986082
5,260,b,1,16.21229637457519,9.16490909067084,-7.7646093238312375,11.999999999424498,0.026988288840273357,0.6208958314163705
5,260,c,1,8.892336083593932,9.16490909067084,-0.23701053135851785,1.0966627377827074,20.79487186513151,0.27771022041257293
5,261,b,1,8.412024267603657,9.16490909067084,1.5862334839537149,0.24600147626820434,3285.1746012479325,0.08105197501931974
5,261,c,1,8.87739207854716,9.16490909067084,-1.627421678765179,1.5646779603425842,0.6533924672063497,0.43160894494408236
5,262,b,1,8.401209338689496,9.16490909067084,1.3534326388434463,0.27532747320600115,3355.7131162557944,0.10975495111272225
5,262,c,1,7.864264077490122,9.16490909067084,-2.9370786311563646,0.7816268619810838,0.029336192011659067,0.6503207311719702
5,263,b,1,11.199727807313634,9.16490909067084,-5.13792199699447,5.732813745857296,0.009829336311790763,0.6622048128468383
5,263,c,1,9.113701705645047,9.16490909067084,-2.7810084735775864,2.4123104623015106,0.07539390483548697,0.5477634580665725
5,272,b,1,9.164804422338522,9.16490909067084,1.6893530080174148,0.3047038075939582,8103.083455538585,0.06425119782764604
5,272,c,1,10.5786363814758,9.16490909067084,-2.538528142231895,3.2714535199085484,0.4808162542858428,0.4532678777859534
5,273,b,1,8.604326855578961,9.16490909067084,1.6345565850508121,0.2502646482243983,5051.950360325679,0.07424122157392062
5,273,c,1,9.751027550075735,9.16490909067084,-1.2616918572160478,1.9383231342602878,3.130351228633613,0.35887764532893224
5,274,b,1,6.458204791238314,9.16490909067084,-2.7714848258706675,-0.8292444459614,0.00697223586024051,0.7388352764620644
5,274,c,1,11.216094139687733,9.16490909067084,-2.9035954011560494,3.893147796087283,0.98724357090011,0.4621768511823868
5,275,b,1,8.78847682991838,9.16490909067084,1.790083896910538,0.24720074978890494,7529.563974688622,0.05513205747252884
5,275,c,1,9.075445464946554,9.16490909067084,1.2616376922062398,0.5421124188252638,903.2216666373744,0.10945302829066941
5,268,b,1,7.873776940843585,9.16490909067084,1.8052728542310614,0.12165878723025819,7477.261921505663,0.059540749512733776
5,268,c,1,9.452602249338417,9.16490909067084,-1.102197369272967,1.7213734104047553,2.74797204419894,0.35160747015319693
5,269,b,1,9.773929791707252,9.16490909067084,-0.71003329504858,1.6369478178969081,10.804957435859343,0.30202952044009185
5,269,c,1,11.328447160496596,9.16490909067084,-0.5430350121504224,2.1600979536177585,36.84880062811932,0.2477687716073546
5,270,b,1,7.822884722470667,9.16490909067084,1.6543035422409007,0.14647961935918144,5870.106166700202,0.07933408789983812
5,270,c,1,8.994776622178406,9.16490909067084,-1.0718213386882995,1.4838135785779234,3.8032780212273822,0.3672433697997987
5,271,b,1,9.520163791755305,9.16490909067084,1.7016791653349044,0.3402206537870246,8103.035297809076,0.060526379347309776
5,271,c,1,11.88997753121869,9.16490909067084,-1.9639057344365645,3.6032300146070857,3.154629755899036,0.35613839933927205
5,280,b,1,9.015308756386068,9.16490909067084,1.6731853573738538,0.28900753184066375,8103.083658283438,0.06715336626745531
5,280,c,1,9.188036899419178,9.16490909067084,-1.7384141985413917,1.8594022561637913,0.7941366298233993,0.43111201350358413
5,281,b,1,10.206274593390823,9.16490909067084,-3.8427693603195348,3.785579304935952,0.06178830583588439,0.5986916013038378
5,281,c,1,11.455223628523127,9.16490909067084,0.8651425970967882,1.1513929745323794,1463.6631152496645,0.12328710273300371
5,282,b,1,9.476779158377044,9.16490909067084,0.8344921561045702,0.7754708803029509,802.8691923796982,0.15143820546051653
5,282,c,1,10.113514902164065,9.16490909067084,1.3387785717783796,0.6087052440881249,4870.493774991035,0.09310877403717471
5,283,b,1,8.688842365978365,9.16490909067084,1.068862386676415,0.4569541098913037,610.3512336659419,0.13649207576436087
5,283,c,1,9.288825815873636,9.16490909067084,-1.1277666712620253,1.5684028611615548,3.2310202369862706,0.361442302559853
5,276,b,1,8.66364561645804,9.16490909067084,1.612210336676268,0.2597990245429437,4445.097670634443,0.07616875811097686
5,276,c,1,9.752853374126893,9.16490909067084,-1.2066157024971247,1.8641898068518845,3.148140519687235,0.3528067913533126
5,277,b,1,9.093098105205733,9.16490909067084,1.2079337055594852,0.548284861047799,958.8609614133678,0.11556639769386194
5,277,c,1,7.674593560642223,9.16490909067084,-0.7206518556357345,0.6122064915676255,2.1703294222630305,0.3765051027494487
5,278,b,1,11.559521208176543,9.16490909067084,1.5046719876209211,0.6623717555734276,8062.4506500697635,0.06726845522041378
5,278,c,1,9.708628868699565,9.16490909067084,1.6189813681955378,0.40199252447952216,8103.083893224668,0.0680712062680773
5,279,b,1,13.93785869605396,9.16490909067084,-9.606279744720322,11.999999953275672,0.00027238247151225404,0.854307136012248
5,279,c,1,9.784551869499943,9.16490909067084,-0.31689346079593744,1.4417179311743575,23.289183114687386,0.2614650899622509
5,296,b,1,15.11692599860336,9.16490909067084,-8.523329854084448,11.999999924912643,0.0035648221964998516,0.716056011023264
5,296,c,1,9.052007855858989,9.16490909067084,-2.0957251999496336,1.9107209660636042,0.29902050589880913,0.4758279927865901
5,297,b,1,9.921329782266163,9.16490909067084,1.6078817815692332,0.42061458624081477,8102.314959419776,0.06775578004240293
5,297,c,1,8.461648464121064,9.16490909067084,-1.2427358628453828,1.1634366072612365,1.4739669313345738,0.4076066664924041
5,298,b,1,13.37040002598219,9.16490909067084,-10.08593750895071,11.99999771908086,0.00012340980431242273,0.9264496762021992
5,298,c,1,8.817259590958896,9.16490909067084,-0.2912275989808273,1.0397760758831376,14.394652670512443,0.28512323292689684
5,299,b,1,7.983727707302623,9.16490909067084,1.639855308977987,0.17893477209309538,4478.38970047818,0.07910047226404006
5,299,c,1,9.683256875327666,9.16490909067084,-1.311900364407534,2.0098285602499457,2.887742023165795,0.3666402003897416
5,284,b,1,7.908231275586136,9.16490909067084,1.7321998978372202,0.1422802208020555,8098.9096127088,0.06890654022246971
5,284,c,1,10.48618963825436,9.16490909067084,-1.7219035681734627,2.699778792397315,2.5924160284186053,0.3794998279989296
5,285,b,1,10.42394035123094,9.16490909067084,0.6294180439038919,1.1124189992349844,304.93316667064613,0.15633441843015733
5,285,c,1,9.907273102785801,9.16490909067084,-1.9188490046552045,2.399329922053542,0.9564978276105974,0.4199564425958157
5,286,b,1,14.246877944546359,9.16490909067084,-8.981962900889606,11.999999991834938,0.0008021234132666379,0.7919454354343873
5,286,c,1,10.5872220411967,9.16490909067084,-0.37891052040279305,1.8972907986353014,19.422791476712558,0.24733138282460948
5,287,b,1,9.915464876321703,9.16490909067084,0.3700347027609985,1.1559130566574929,89.56362990011692,0.18865104409473119
5,287,c,1,10.414816246090686,9.16490909067084,-1.546063431838475,2.514647069698171,2.058936246547029,0.36375826008023354
5,292,b,1,7.407517938892494,9.16490909067084,1.6847075721560927,0.05058218734375175,6866.532524012905,0.07985311191329779
5,292,c,1,9.578273150166334,9.16490909067084,-2.542285967611285,2.430377241824951,0.32090318771614035,0.49994254756531725
5,293,b,1,8.892260349393053,9.16490909067084,1.733062520737607,0.2550414851777192,7908.192654875533,0.06114743266286819
5,293,c,1,8.747194854600808,9.16490909067084,-0.9828388281996603,1.275270005841088,2.591187256836801,0.364829906529782
5,294,b,1,9.384338763612494,9.16490909067084,-3.335886571907457,2.765899719690631,0.032834855558628084,0.5923604659027193
5,294,c,1,10.006594403544351,9.16490909067084,-3.5786179198982366,3.4646239165133457,0.04278746219317838,0.5822680634069288
5,295,b,1,9.464083945798013,9.16490909067084,1.6019659390055603,0.3698025176242423,8103.071561437548,0.07166852002579953
5,295,c,1,10.316957402444306,9.16490909067084,-0.6440746101816219,1.8798445614129762,23.367611012201046,0.28134623199406067
5,288,b,1,8.43916182041146,9.16490909067084,1.0890065025362148,0.3658640107015807,898.1093212257149,0.1390422762543795
5,288,c,1,9.907279446779901,9.16490909067084,-2.859835171304874,2.784638015589068,0.2160579922853226,0.5160333297163628
5,289,b,1,9.09739980460499,9.16490909067084,1.2450218704306577,0.4732026090896799,1630.976712325684,0.11241824698657862
5,289,c,1,10.228862233645815,9.16490909067084,-0.8515683635460691,1.924796872341357,13.62694799435668,0.3037784777570704
5,290,b,1,14.949145694730914,9.16490909067084,-8.53657234883021,11.999999996303028,0.004808387502966277,0.7249919979695689
5,290,c,1,9.798456533786704,9.16490909067084,-1.294033185195679,2.050160660958756,3.4224861857938365,0.36093122300667096
5,291,b,1,9.497529254821373,9.16490909067084,-0.07254521678574101,1.2617835239106272,31.215260609607647,0.24297719856723804
5,291,c,1,8.79362026626809,9.16490909067084,-0.8808382162852502,1.2856050095619787,2.864962632893391,0.3507356543554938
6,4,b,1,9.54126251703601,9.632100992557737,-2.250510825745454,1.5884721056598754,0.6419738422513825,0.4716166945761813
6,4,c,1,9.286506281485815,9.632100992557737,-2.0255291394355273,1.3228381708573556,0.6979398908311145,0.4591747742477699
6,5,b,1,10.242670260787007,9.632100992557737,-7.265037324801298,4.116272617113602,0.00012340980417151326,0.9316029890761205
6,5,c,1,9.767132375145119,9.632100992557737,-1.7609694162010072,1.5203855152119818,1.391822423996472,0.4099996201549403
6,6,b,1,9.073620118030579,9.632100992557737,1.4288113900894532,0.24846149565607223,5881.649125305063,0.09386759825978715
6,6,c,1,9.441192981490927,9.632100992557737,-2.233878235835004,1.5374171285184364,0.49570048862026184,0.47396748564934027
6,7,b,1,9.995674509206697,9.632100992557737,-1.5344577018871215,1.5710365451271437,2.8577466003507443,0.37870071806614436
6,7,c,1,9.94720467567051,9.632100992557737,-1.3733327546158853,1.4973009325082682,2.8441066920354685,0.3634254349805122
6,8,b,1,9.827742851599492,9.632100992557737,-3.2636358487790673,2.1608851221076995,0.09252937778352627,0.561193752016266
6,8,c,1,9.519569551471362,9.632100992557737,-1.8383755192165314,1.4129694707209726,1.1953939108662246,0.42880148068685303
6,9,b,1,9.955523149107306,9.632100992557737,0.07273384714245607,0.9424292979972171,55.74775804978174,0.21811879990470312
6,9,c,1,10.111641119086986,9.632100992557737,-1.1238035015304426,1.5143328571874586,4.857673222635813,0.3329460182630118
6,10,b,1,10.090233385199499,9.632100992557737,-6.823206833006987,3.9752099732380666,0.00012340980410371468,0.900484174132529
6,10,c,1,9.563268000923232,9.632100992557737,-1.762362093903166,1.4542876481066362,1.1643049172623074,0.41831873214092824
6,11,b,1,9.314449983113096,9.632100992557737,-5.106336036992975,2.3441052489488197,0.0008154805762678754,0.78619477295508
6,11,c,1,9.290859994799616,9.632100992557737,-2.233515355025549,1.4466545790357865,0.36197789226594956,0.48046578005450813
6,0,b,1,9.440635259397785,9.632100992557737,0.6573993795604471,0.5536647840000821,425.2975167524987,0.17024973941118834
6,0,c,1,9.944501804306912,9.632100992557737,-2.008818878047414,1.7334920335813349,0.9087220774290182,0.4278124750845132
6,1,b,1,9.886026532417219,9.632100992557737,-3.377682532491864,2.1247141465371335,0.12778044247178655,0.5706620704879654
6,1,c,1,9.845699226767364,9.632100992557737,-1.6620622355947132,1.5165892037777688,2.0196557287080052,0.3971830144106094
6,2,b,1,9.35670698637404,9.632100992557737,-3.009622904572933,1.692916078668146,0.0886442262735569,0.560571274808961
6,2,c,1,9.525312189300916,9.632100992557737,-2.342345353850167,1.6526186959102895,0.412529821489038,0.48127580671142095
6,3,b,1,9.211282329016298,9.632100992557737,1.4406536885845975,0.2659321296143574,8102.684126232124,0.09150919018026088
6,3,c,1,9.349489304236974,9.632100992557737,-2.5344911153302903,1.5246455231731169,0.27641266603344716,0.5108254970838149
6,12,b,1,10.642922483604478,9.632100992557737,-7.201961700218519,4.7339823013170985,0.00014681122733822884,0.8906975857619064
6,12,c,1,9.874671913294783,9.632100992557737,-1.6927457480182038,1.5746728331489193,1.6606455010497467,0.39874435798799207
6,13,b,1,10.350361500389425,9.632100992557737,-4.803153283775773,3.1996991398533954,0.008887502582433376,0.6831136894802088
6,13,c,1,9.884669388319224,9.632100992557737,-1.7073787545186931,1.6077857471705632,1.4365964737464187,0.3994730371931783
6,14,b,1,9.95746063272051,9.632100992557737,-2.957262178580966,2.2119881913820825,0.17275814810583248,0.5231443537106946
6,14,c,1,9.294995591311748,9.632100992557737,-1.7846868806990392,1.2871116459730056,0.9106362967295781,0.4320609246081295
6,15,b,1,10.54482026232327,9.632100992557737,-1.5328136253598834,1.872321438184899,2.3286390160965307,0.3582860477577036
6,15,c,1,9.626711093808504,9.632100992557737,-1.90871398300601,1.4561356134532224,0.8435202508211327,0.4306648035013199
6,24,b,1,9.815956320948944,9.632100992557737,0.361022246409789,0.7838609249473647,197.39209795726816,0.19358063564419678
6,24,c,1,9.666259600029258,9.632100992557737,-1.656329208837009,1.4802803897205854,1.370745031052944,0.40272750980556293
6,25,b,1,10.063148136015352,9.632100992557737,-3.861154577350726,2.3831699025652027,0.11892159192944458,0.6100486665853179
6,25,c,1,9.809941534547967,9.632100992557737,-2.8952112051724233,1.9070628502056308,0.20464954415777525,0.5248015695439718
6,26,b,1,10.400569592814826,9.632100992557737,-3.8049155160168153,2.8195472929931515,0.08519612853610169,0.5842558604616392
6,26,c,1,9.582968938566424,9.632100992557737,-2.0015024163628343,1.4581356495159574,1.037689654094179,0.44352995476299434
6,27,b,1,9.62016840246963,9.632100992557737,-2.8772523929023164,1.7818708369407656,0.12255707659978166,0.5316629759349683
6,27,c,1,9.906803995631432,9.632100992557737,-2.448547083743815,1.8806285328568966,0.37236910600722717,0.4737902428144914
6,28,b,1,10.616052469341,9.632100992557737,-4.632136814030385,3.343965012128076,0.014645443991309341,0.6501594345790299
6,28,c,1,9.936505148883946,9.632100992557737,-2.0053684043237725,1.6941530468241215,1.0156118466275978,0.4281010603896809
6,29,b,1,9.065315516787376,9.632100992557737,-1.47424046767701,1.020452126229325,2.966547044145172,0.410681895259187
6,29,c,1,9.28104627350366,9.632100992557737,-2.3434341432959602,1.4638324269229974,0.35592818714824476,0.49356727929233096
6,30,b,1,9.721051193070345,9.632100992557737,-1.4950170323178429,1.3832241714399292,3.49338095027044,0.3856562981706996
6,30,c,1,9.932186974855323,9.632100992557737,-1.6735129777457671,1.5947003364123247,1.882886808832614,0.39474720173296035
6,31,b,1,9.217380191514192,9.632100992557737,-4.929209894481104,1.9835071977924597,0.0025842369696602117,0.7783282508017682
6,31,c,1,9.685010881607807,9.632100992557737,-2.325519074501617,1.724268038378206,0.4885776671818951,0.4720126334527078
6,16,b,1,9.529806558064605,9.632100992557737,1.4699919629240519,0.2942331429850782,8103.08315546592,0.08531265488718646
6,16,c,1,9.58189190101021,9.632100992557737,-1.6779676715552667,1.3567068557257758,1.419358443007266,0.4087957306955088
6,17,b,1,9.242104723502322,9.632100992557737,0.3798030774782162,0.566442582197314,205.34095438010883,0.20357244938413643
6,17,c,1,9.614332242852619,9.632100992557737,-2.2443689022323983,1.584026434155465,0.5486486718940027,0.46690394064340984
6,18,b,1,9.991698044648933,9.632100992557737,-4.583486192342336,2.6324568972655547,0.0145206522601608,0.6857397482396983
6,18,c,1,9.71114350751551,9.632100992557737,-2.209077991147522,1.5926057715838322,0.6995172228813086,0.4591081454798666
6,19,b,1,10.31054982067456,9.632100992557737,-7.082468260357844,4.2423111110843905,0.0001234098043841052,0.9072670301430286
6,19,c,1,9.551607609175058,9.632100992557737,-2.0250342955001397,1.4679518995157286,0.7745932526901713,0.4467155779485885
6,32,b,1,9.7407727463727,9.632100992557737,-4.362880117183761,2.4010838610937677,0.013226298927681757,0.6796759954919884
6,32,c,1,9.627790597286527,9.632100992557737,-2.6321392256789924,1.71897723525547,0.3064470342714507,0.5070816539012581
6,33,b,1,9.712419409203873,9.632100992557737,-4.622833898692608,2.46531567770396,0.008212077553862853,0.7085242548644177
6,33,c,1,9.834382292588186,9.632100992557737,-2.617302046878486,1.9151884912353903,0.33327312058397124,0.49506385424407534
6,34,b,1,9.332651301955641,9.632100992557737,-1.1991574848126856,1.0809176284091326,5.924120522520068,0.3698365537634717
6,34,c,1,9.290237402024957,9.632100992557737,-2.983071420802849,1.5558450858371242,0.11471537328800893,0.5624266148449842
6,35,b,1,9.964553839105085,9.632100992557737,-3.4126117069025255,2.284109949977795,0.0995480130309514,0.5693050311084014
6,35,c,1,9.692487878392624,9.632100992557737,-1.8174464764790985,1.5163200501043999,1.1443441627688873,0.4187265723501835
6,20,b,1,10.198014412449353,9.632100992557737,-4.870422000337817,3.0158810265965377,0.0053345982729705406,0.6991999979402926
6,20,c,1,9.946565855916052,9.632100992557737,-2.3218674792421705,1.8193510152873422,0.6971852289887881,0.4601435586703378
6,21,b,1,8.661874485594783,9.632100992557737,0.6491411518232617,0.3197956370060545,448.622604193816,0.18666010013708
6,21,c,1,9.437460087293744,9.632100992557737,-3.0574345670085146,1.7485494577926368,0.13374599295995623,0.5624324526288675
6,22,b,1,9.287180029820874,9.632100992557737,1.434235610516994,0.29167016049801564,5168.85607102645,0.0909528210406346
6,22,c,1,9.589108333253293,9.632100992557737,-2.234383245426449,1.6316941106087173,0.5021852682247131,0.4667538885657012
6,23,b,1,9.588622243226032,9.632100992557737,-1.0905805899388152,1.1940388209510855,6.536429391880775,0.3483199180097167
6,23,c,1,9.631699384485461,9.632100992557737,-2.0045646609448537,1.5505442540704633,0.772544122844464,0.44073674077510167
6,40,b,1,9.471862831064776,9.632100992557737,-0.874161966170588,1.111512318743009,6.135601315575672,0.32818261305351765
6,40,c,1,9.930999933510018,9.632100992557737,-1.5764134783597852,1.6460009339405346,1.712136072683039,0.38414923444071075
6,41,b,1,9.63034167580236,9.632100992557737,1.441243570639576,0.31188280170158583,8100.718664599874,0.08746455792009923
6,41,c,1,9.705078013860671,9.632100992557737,-2.22072983766013,1.673819175995508,0.5177443751368785,0.45977973566738606
6,42,b,1,9.305967401639661,9.632100992557737,-1.2874022661817215,1.1142996658731281,3.661235779352958,0.3794922143249235
6,42,c,1,9.472665504140902,9.632100992557737,-1.851265703852801,1.3817813024742696,0.9039007145770777,0.43144392410640864
6,43,b,1,9.404715030986635,9.632100992557737,-3.173141868380118,1.7517747865035882,0.11510513344571698,0.5769144466939493
6,43,c,1,9.299789111983806,9.632100992557737,-3.581265683280843,1.806485046100561,0.03711997594710574,0.6263903507024773
6,36,b,1,9.042489298250228,9.632100992557737,-0.11362783118561467,0.6797624069066857,46.630400694073316,0.2613490776258422
6,36,c,1,9.200433710690556,9.632100992557737,-2.257585987386492,1.334147509216157,0.40755267569622394,0.4884313621642158
6,37,b,1,9.767578430434337,9.632100992557737,0.3436525469309663,0.7692495000855433,167.80069281108803,0.1960384760661067
6,37,c,1,9.390122825892444,9.632100992557737,-1.1745325437251057,1.0922771086911418,3.6436891004803975,0.36331091712295993
6,38,b,1,9.818043605244641,9.632100992557737,-0.356926975156295,1.0285193672866837,27.442302530438248,0.2653664277074895
6,38,c,1,9.788446433687302,9.632100992557737,-2.0890268780576537,1.631770809271325,0.7510507404900272,0.44273869994900317
6,39,b,1,9.943919221218568,9.632100992557737,-1.360358776750481,1.4767280550812987,3.766472660491963,0.36297298264117306
6,39,c,1,9.694878146208982,9.632100992557737,-2.073049918068417,1.5874661025136105,0.6494734647929566,0.4448105210611752
6,48,b,1,9.60345241113281,9.632100992557737,-1.0624738761307957,1.139264594183872,9.339623822158384,0.34562919302505546
6,48,c,1,9.422986986135978,9.632100992557737,-2.7984956439998587,1.53827801770171,0.16990490285092544,0.5349909138496954
6,49,b,1,10.119889794176778,9.632100992557737,-2.4517002277999125,1.993420055540515,0.721684534430994,0.46573549995386815
6,49,c,1,9.574352854825932,9.632100992557737,-1.7582859592999922,1.3684256078525021,1.3200903104766415,0.4177924206337001
6,50,b,1,9.78454332869738,9.632100992557737,1.6085203465424385,0.2736985220178148,8103.0752124335295,0.06863637368306504
6,50,c,1,9.800242091602135,9.632100992557737,-1.7259762935723522,1.508751474128566,1.2166555809808526,0.40439553669895306
6,51,b,1,9.601418691450833,9.632100992557737,0.6742057388859105,0.5713939675539098,515.823863493439,0.16595082106812856
6,51,c,1,10.021543194421564,9.632100992557737,-2.30011480517948,1.884705677724654,0.637698618028684,0.454204574539351
6,44,b,1,9.408746687531035,9.632100992557737,0.5423392414430701,0.5890134537625583,255.1084120173523,0.1824479891199262
6,44,c,1,9.627091619954514,9.632100992557737,-2.2250919833613105,1.5886074777433834,0.5241879414071978,0.4640239761161112
6,45,b,1,9.069168170910773,9.632100992557737,1.432200125970094,0.23496054428682556,7043.142455165147,0.09374201855942163
6,45,c,1,9.700250249690342,9.632100992557737,-2.2365583670609777,1.6677099904357036,0.5520237585575051,0.461934826272778
6,46,b,1,9.992560974354884,9.632100992557737,-3.2254242941803577,2.234297699367576,0.124112840155341,0.5486381275260072
6,46,c,1,9.7076623627727,9.632100992557737,-2.227992197988194,1.6705804950160505,0.543429090995766,0.4606004306832142
6,47,b,1,9.419139410598184,9.632100992557737,1.5197507976415927,0.26772028015962446,8101.690927432767,0.08092603477388313
6,47,c,1,9.49044034046165,9.632100992557737,-1.764644476630958,1.3833893981384093,1.2033792848726361,0.421895672038834
6,52,b,1,8.900973224709494,9.632100992557737,0.6883049686133336,0.38296836935503387,804.0973188787298,0.1781643258502978
6,52,c,1,9.164944730986791,9.632100992557737,-3.6181714602627104,1.6705109930521467,0.02836711352439176,0.6389788467681606
6,53,b,1,9.968464177462476,9.632100992557737,-6.994868355959176,3.8526602221191,0.000123409805125407,0.9293325177975812
6,53,c,1,8.97230140606189,9.632100992557737,-2.6336237732746826,1.2292443057197708,0.16449384007282855,0.5421644113171362
6,54,b,1,9.20017970363917,9.632100992557737,1.3826868403904573,0.2782666173693207,7001.196259488259,0.09788881987888597
6,54,c,1,9.420103527733769,9.632100992557737,-2.0953941070804047,1.460559334281955,0.6696563586401961,0.46040514350054906
6,55,b,1,9.394537197845636,9.632100992557737,-5.036451578409683,2.3004361402609486,0.003516668619510791,0.7764769857614535
6,55,c,1,9.149640254444767,9.632100992557737,-3.4414362401923624,1.605069217729113,0.041009873243926444,0.6207846619654269
6,64,b,1,9.665789171534438,9.632100992557737,-1.9292668685520904,1.4933438152142626,1.9269933840825624,0.43343064802279113
6,64,c,1,9.415268999447612,9.632100992557737,-2.400900818486208,1.4798131463656614,0.3797751102859893,0.49322975331066665
6,65,b,1,9.58417522461694,9.632100992557737,-1.1930413598567782,1.2057867958172221,6.056977884765081,0.35951850940431446
6,65,c,1,9.59323653431499,9.632100992557737,-2.3596289865668085,1.6051213124315065,0.4085434817562233,0.47974784697989153
6,66,b,1,10.174802243172303,9.632100992557737,-3.2540354119152335,2.4969649357391805,0.08089869878540308,0.5407085921328701
6,66,c,1,9.692958238729261,9.632100992557737,-2.161351480584657,1.688203855599708,0.5488409884063865,0.4540353459293668
6,67,b,1,9.434406768908046,9.632100992557737,-1.9196280876604734,1.4072100576377804,0.948105338411709,0.44106443968123243
6,67,c,1,9.493857112074679,9.632100992557737,-2.6602539288407385,1.6995303268526185,0.2446620063562598,0.5167079585255594
6,56,b,1,9.687469595776683,9.632100992557737,-0.8086363162511927,1.1781069958640482,10.239170899193342,0.3153363111010983
6,56,c,1,9.879822860470766,9.632100992557737,-2.3175338289562863,1.8626104640597343,0.4356823598625482,0.4615104577514569
6,57,b,1,9.774218928830937,9.632100992557737,-3.269308003123178,2.1070772868416774,0.06708844635385641,0.5639729041140452
6,57,c,1,9.98533887826093,9.632100992557737,-1.201007103257516,1.5058438266533776,4.1239478447946185,0.3448610618783282
6,58,b,1,9.911042036680444,9.632100992557737,-4.606363104832909,2.6464233479566532,0.009288858535026638,0.6928587794556302
6,58,c,1,9.830680548720649,9.632100992557737,-2.2967839755457176,1.7206007114524822,0.6179798316633938,0.4625847129282031
6,59,b,1,9.526025571793317,9.632100992557737,-0.8421196261235109,1.0631774009023416,12.10208856651465,0.32484948613200887
6,59,c,1,9.674473169325802,9.632100992557737,-1.543752247320116,1.4014501397993486,1.7971863412679523,0.3909033172576014
6,60,b,1,9.708815757021437,9.632100992557737,1.5876067995797731,0.28337050732319347,8102.388915889065,0.07137364939549293
6,60,c,1,9.536619235429564,9.632100992557737,-1.419836767798047,1.274835782400653,2.4434001126343996,0.3837580747167666
6,61,b,1,9.074467445102094,9.632100992557737,0.2233084356301802,0.5709097147781127,92.07749753358922,0.2233168994757883
6,61,c,1,9.507118922295719,9.632100992557737,-1.9143835142784216,1.4407886843697515,0.8866025087063911,0.4368857007331291
6,62,b,1,8.646262832052239,9.632100992557737,1.2060925025414235,0.21884686845850537,2887.260750456718,0.12390318818478263
6,62,c,1,9.249536205771227,9.632100992557737,-2.8428470347329196,1.58000760638325,0.11476004095935759,0.5487572670280538
6,63,b,1,9.73619845151861,9.632100992557737,-3.2411856760115993,2.0128055103287785,0.19064532001225226,0.5656689815892537
6,63,c,1,9.403380926073543,9.632100992557737,-2.128227300457855,1.3963625655728387,0.7584459337053197,0.46530298137874093
6,68,b,1,10.04848229543009,9.632100992557737,-5.394134861416431,3.093813726964246,0.0022622729454502464,0.7621063934544807
6,68,c,1,9.79384716221966,9.632100992557737,-2.1966373366086644,1.672873251203302,0.6168138015873693,0.4535359776644691
6,69,b,1,9.231011820635622,9.632100992557737,1.1844257296954432,0.3520279796611878,2245.988628390847,0.11810272984767499
6,69,c,1,9.865862840119707,9.632100992557737,-2.657378222933129,2.012357362132068,0.29733360811876597,0.49745737358348646
6,70,b,1,9.084451873077176,9.632100992557737,0.47544548147400756,0.5224884733395575,115.13710108290991,0.19444098712217422
6,70,c,1,9.677459833748365,9.632100992557737,-2.167730189376782,1.6257885347294847,0.538074396532938,0.4553986198972334
6,71,b,1,9.58389973438671,9.632100992557737,1.6335918687222515,0.25707491683438455,8102.039620936391,0.06739757863539136
6,71,c,1,10.008699732779391,9.632100992557737,-1.5611729915684014,1.6447102360303005,2.0619804314812797,0.38012238772441387
6,72,b,1,9.21774019712078,9.632100992557737,-0.12006544947904539,0.7455146114207549,32.618786658115646,0.2559988425932982
6,72,c,1,9.994969279210538,9.632100992557737,-2.4190558839283534,2.0138970790252957,0.4190729238125595,0.4668276975915396
6,73,b,1,8.645188321032771,9.632100992557737,0.28427495414419757,0.3769313803982208,156.38433340480302,0.2284798161213642
6,73,c,1,9.565697673322704,9.632100992557737,-3.133971512869914,1.8993672345901456,0.1251527491555644,0.5631245444770853
6,74,b,1,9.915805317874593,9.632100992557737,-4.154742045088103,2.534593260792951,0.021980499250509277,0.6468907185645282
6,74,c,1,9.777845457835063,9.632100992557737,-2.6357550974307653,1.8614733149948015,0.32497266401199637,0.4998441324366599
6,75,b,1,9.31912763901857,9.632100992557737,-2.3432871419341303,1.3353590570626608,0.43089389780894877,0.492171126075911
6,75,c,1,9.554507874207461,9.632100992557737,-2.5019407515279557,1.5865958779678717,0.2649245421287678,0.4961042166505017
6,76,b,1,9.3375916142611,9.632100992557737,-1.1554691502936847,1.114090746257549,4.635735046391557,0.3639899064828001
6,76,c,1,9.25071133535218,9.632100992557737,-2.3000262090383057,1.3512302333034585,0.41920744302467566,0.49075888968613857
6,77,b,1,8.824154792453772,9.632100992557737,-1.7978331653126016,1.0080973242789213,0.5960723040223775,0.4548299659422996
6,77,c,1,9.379389220082986,9.632100992557737,-1.8124894681896508,1.4047861281867617,0.825042493606928,0.43097209723509006
6,78,b,1,9.254631684078623,9.632100992557737,0.33610258924695013,0.6388325246045724,96.57642813563027,0.20625113174712928
6,78,c,1,9.486892610724183,9.632100992557737,-1.5703982157667418,1.3243691090544125,1.4318890973701728,0.4008231828528239
6,79,b,1,9.508734469518375,9.632100992557737,1.090831137999647,0.4351951525660046,1343.0376959886141,0.1239741637442861
6,79,c,1,9.971767131779599,9.632100992557737,-1.999844437675649,1.7759458992040216,1.007001262290608,0.42597991874383
6,92,b,1,9.808174392019186,9.632100992557737,-3.1043292665189957,2.052619148515853,0.06970594666625715,0.5442477956953283
6,92,c,1,9.759311731238885,9.632100992557737,-2.1547542653171066,1.6711577008706775,0.599649178592259,0.45051091763947676
6,93,b,1,10.643042314689273,9.632100992557737,-4.644973980677209,3.435615163150921,0.01252375967895984,0.6495098292255439
6,93,c,1,9.957616558321194,9.632100992557737,-1.9708380854293028,1.6736535715803917,1.368670404894646,0.42431434051489564
6,94,b,1,9.803760021921619,9.632100992557737,-4.555308104155383,2.547471074630272,0.008799107927837958,0.6948849199362392
6,94,c,1,9.747409298992304,9.632100992557737,-2.3159249656849212,1.7449585231024765,0.5731457741016518,0.46840084718096625
6,95,b,1,9.889636369640828,9.632100992557737,-2.035576830970479,1.6564280099211734,0.6327807128317321,0.4319305626190595
6,95,c,1,10.088222361599145,9.632100992557737,-1.6997737382685858,1.660816596457733,1.6534588398634156,0.3910280698091955
6,88,b,1,10.378103047862243,9.632100992557737,-7.218404562192122,4.580214904232488,0.00012340980698792188,0.9148349399122213
6,88,c,1,9.227052474030534,9.632100992557737,-2.157431579464849,1.345154627806195,0.4741961982524097,0.47599000585931045
6,89,b,1,9.208744028880915,9.632100992557737,0.14396414429575674,0.6180245204543992,116.2219486060387,0.22969601997427794
6,89,c,1,9.521218715838067,9.632100992557737,-3.1637704084050258,1.8025758732160293,0.09745778101583832,0.568361515368936
6,90,b,1,9.477941810409487,9.632100992557737,-3.997155418167363,2.081617495579003,0.012485623056494711,0.6576465051347451
6,90,c,1,9.535360180221302,9.632100992557737,-1.9935177109005449,1.4901961816516893,0.8442957478843245,0.4442447703987093
6,91,b,1,9.907376610818538,9.632100992557737,-6.130889526398475,3.268706468688103,0.0003179499091972648,0.8462436769476765
6,91,c,1,9.422868018874514,9.632100992557737,-2.0854247312098964,1.3856480903089083,0.6270199104624803,0.45892905108562015
6,80,b,1,10.009450952135204,9.632100992557737,-6.061624447818728,3.2247371458801464,0.0010803344290924507,0.8327604110084249
6,80,c,1,9.576422152925668,9.632100992557737,-2.40817899858433,1.5177970997134977,0.5025672002269719,0.48654206645836096
6,81,b,1,9.327358946459912,9.632100992557737,1.5843156659467545,0.23833849596079054,8103.0839151054,0.07465329200159347
6,81,c,1,9.719332168691716,9.632100992557737,-2.251718051590932,1.7360642409479699,0.49953456299464377,0.4623754644944744
6,82,b,1,9.726406667860436,9.632100992557737,-6.7293885260332456,3.203797333025956,0.00012340980422689696,0.9241206458015117
6,82,c,1,9.31492632576263,9.632100992557737,-2.423520296544082,1.4034497985313965,0.29039988275980266,0.5002165777468722
6,83,b,1,8.9650475460606,9.632100992557737,1.467987588440415,0.21264056879519214,8079.700917165209,0.09091177930104542
6,83,c,1,9.650595406665833,9.632100992557737,-2.8060826061648094,1.8631334344356016,0.21669344547718014,0.5239111184056179
6,96,b,1,9.517572789917178,9.632100992557737,0.08712475664319358,0.7700691181290568,65.18566741438855,0.2270224656068915
6,96,c,1,9.721727451194466,9.632100992557737,-1.7527863094606608,1.498011241294448,1.219975529976158,0.41060603614264474
6,97,b,1,9.900858337790327,9.632100992557737,-6.962169335580446,3.656345191859636,0.00013887927747882294,0.9324634250484359
6,97,c,1,9.267991781431354,9.632100992557737,-2.4123760163041728,1.4170105935662591,0.3749348334406931,0.5023382534877444
6,98,b,1,9.69459275039858,9.632100992557737,-1.5008146526039106,1.3597551117542537,1.9160757960073802,0.38559002183332025
6,98,c,1,9.718592356693852,9.632100992557737,-1.741899602388183,1.4711425893219179,1.1404981920558324,0.40932027253337633
6,99,b,1,9.022001230991586,9.632100992557737,-2.595315622815507,1.2503273895730986,0.2076302779475144,0.535529163729396
6,99,c,1,9.122266174578806,9.632100992557737,-2.8208026113530225,1.3666562467711705,0.1828307464492962,0.5554482397401703
6,84,b,1,9.047792303839973,9.632100992557737,1.465146753171629,0.2250327231696045,8049.176015895406,0.09039639495875651
6,84,c,1,9.348672129889371,9.632100992557737,-2.160064104861294,1.4058557301450132,0.6388216318586064,0.47110287062515926
6,85,b,1,10.090521943655812,9.632100992557737,-1.289161182055247,1.4391502934761884,8.5569507365606,0.35217013278477666
6,85,c,1,9.868843119548856,9.632100992557737,-2.0209412474163617,1.5885797125400305,1.0663926855568284,0.43282898597116076
6,86,b,1,9.246148662593274,9.632100992557737,0.3684099938103925,0.6123302994234878,215.3223663850403,0.20486992724370656
6,86,c,1,9.514247608460849,9.632100992557737,-2.6770860185494363,1.7514559068844555,0.20474208859690657,0.5169188435413984
6,87,b,1,9.746661861009938,9.632100992557737,0.20069804015006382,0.8256952265820288,210.60979288038206,0.21215026901390546
6,87,c,1,9.598905135808238,9.632100992557737,-1.494932235504534,1.3827211960889918,1.9593019213468221,0.388856728828041
6,104,b,1,9.778721105722358,9.632100992557737,-4.824698060039185,2.5948380773924424,0.009995179205049477,0.7255282419527526
6,104,c,1,9.465314400453915,9.632100992557737,-2.1160220725566834,1.4227006222469862,0.8662566755573063,0.4612778801347962
6,105,b,1,10.330344308885604,9.632100992557737,-3.397820881566889,2.6167159707596035,0.05204949435284939,0.546061457875433
6,105,c,1,9.73170754328074,9.632100992557737,-1.599413284235214,1.4487935368684854,1.7265108924194974,0.3945558053044381
6,106,b,1,9.996018608050333,9.632100992557737,-7.074158259565063,3.7440958713826866,0.00012340980411283027,0.9349578760257063
6,106,c,1,9.33416175189053,9.632100992557737,-2.4270398000489886,1.4634429183591113,0.3346160595399248,0.5000742947575149
6,107,b,1,9.745460893311753,9.632100992557737,-0.7199114987028856,1.1940413648451225,7.965723360505475,0.30297304761227534
6,107,c,1,9.892918999495564,9.632100992557737,-1.1536663162177896,1.3850932584683564,4.143886900505471,0.3430186494659447
6,100,b,1,9.401267054841231,9.632100992557737,0.16433599816861588,0.7380816175652447,48.85486833214994,0.22017520915171934
6,100,c,1,9.8770292006114,9.632100992557737,-1.604587622368248,1.5733230038062191,1.620480980190764,0.3891051258996287
6,101,b,1,10.562331111598223,9.632100992557737,-5.983226130344795,4.019174872612482,0.0009193781564210047,0.781278514397344
6,101,c,1,9.93929426621569,9.632100992557737,-2.299673155151802,1.7946135569254507,0.6156166074625931,0.4578254785335713
6,102,b,1,9.911567712836044,9.632100992557737,-4.025839151850663,2.5504733964064985,0.022185071503506168,0.6335895742425112
6,102,c,1,9.553062995370468,9.632100992557737,-2.6338023770016226,1.7487126516077298,0.24050587933420145,0.5105230569789961
6,103,b,1,9.121607904317695,9.632100992557737,1.396016163140485,0.2732580515598604,5866.225700946908,0.09704403633969926
6,103,c,1,9.025925935955495,9.632100992557737,-1.9767308498990648,1.1497597058616198,0.5530441899333596,0.46575240724000905
6,108,b,1,8.846337166341401,9.632100992557737,0.912340846685417,0.323721451048017,1638.627749439092,0.1543367573089587
6,108,c,1,9.442776091448941,9.632100992557737,-2.938706501720421,1.7595809110580478,0.16018569958972517,0.5493827795269426
6,109,b,1,10.278296807035614,9.632100992557737,-4.04088138891318,2.8257538445029464,0.032101529638421576,0.6133020461512732
6,109,c,1,9.84874846964086,9.632100992557737,-2.2547674688558885,1.764319886510412,0.6829023338005601,0.45751148491481924
6,110,b,1,10.26900467021297,9.632100992557737,-5.620436375215711,3.4617864694816616,0.002117187069350862,0.7684398533397548
6,110,c,1,9.794144591598323,9.632100992557737,-1.779337765985536,1.5541340411692146,1.6322679908605486,0.41130706916048093
6,111,b,1,9.087928202688957,9.632100992557737,1.5592766371151914,0.20773422667985214,7384.740388370249,0.07932312096709869
6,111,c,1,9.596883715122551,9.632100992557737,-1.9749762722488802,1.4932231123952842,0.7231451342541863,0.43883441716906624
6,116,b,1,9.092228612047109,9.632100992557737,-4.718437812708327,1.9628069403439241,0.003106876117841113,0.7650614590711072
6,116,c,1,8.910097800415368,9.632100992557737,-2.8947942646865394,1.3358488442017498,0.09599851252339872,0.5751956806809037
6,117,b,1,10.41003473393483,9.632100992557737,-2.3156946342709444,2.0935688666469794,0.4203598681665606,0.4377119929724519
6,117,c,1,10.307233677599907,9.632100992557737,-1.7531626403767877,1.8400881888644003,1.4722920268089656,0.3878731849477572
6,118,b,1,9.66139380330206,9.632100992557737,-5.5987642999615455,2.655855710274092,0.001463241184925094,0.8137673321620651
6,118,c,1,9.498871588446283,9.632100992557737,-2.3839767971924637,1.5166398384699655,0.4406383666201318,0.487456872651056
6,119,b,1,9.67112947042095,9.632100992557737,-3.4011854742441727,2.1363494095296014,0.04229113566843075,0.5829818517484466
6,119,c,1,9.58919896176364,9.632100992557737,-1.6398303040589797,1.4743952236782247,1.340139078073656,0.4040493230193264
6,112,b,1,9.567746586390413,9.632100992557737,1.2876937863913,0.35061676995237867,8103.083849844845,0.10436879193997867
6,112,c,1,9.577736197782185,9.632100992557737,-2.1952767199325125,1.575450898307,0.6864682849688639,0.4639316128805278
6,113,b,1,9.788740661831849,9.632100992557737,1.4697713143362214,0.3288071837451015,8103.083882945704,0.08307892662425714
6,113,c,1,9.810204969360694,9.632100992557737,-1.3869449166131538,1.4443827721510298,2.629389028028673,0.3697272068810434
6,114,b,1,9.433123115865046,9.632100992557737,1.5860347981062541,0.254750712560853,8097.418205020435,0.07362921599947415
6,114,c,1,9.589923548862318,9.632100992557737,-1.8734086136347932,1.4759107043892141,0.9737230202152662,0.42887952818881203
6,115,b,1,10.646372096933204,9.632100992557737,-2.1925970532831807,2.251503945035438,0.7708561917485326,0.4173875353590255
6,115,c,1,9.628914153202466,9.632100992557737,-1.3172277573717137,1.3108598675651832,2.7032738940269256,0.3690755842327572
6,124,b,1,9.3982448859887,9.632100992557737,-2.474678655272008,1.5348504865127632,0.22361086612636324,0.5006389085353835
6,124,c,1,9.57908482476948,9.632100992557737,-2.2728200165379278,1.5792678783826708,0.5488854288511167,0.4717631169703966
6,125,b,1,9.856864603468859,9.632100992557737,-6.783432225497735,3.4037240390743926,0.00021129081823577757,0.9185930795961299
6,125,c,1,9.30210683415925,9.632100992557737,-2.028686609838742,1.264971459728866,0.8446577589244562,0.4593895279396861
6,126,b,1,9.443775743049516,9.632100992557737,-0.6054534942718737,0.9835365893916821,26.127960482750435,0.30334973293363826
6,126,c,1,9.399840003970693,9.632100992557737,-2.2037774892177224,1.4887873631984023,0.6185057198644107,0.4733578571365636
6,127,b,1,10.086373583457531,9.632100992557737,-6.617963569404965,3.835295620546474,0.00012340980450700073,0.8795837246282933
6,127,c,1,9.920013435221371,9.632100992557737,-2.109590202033767,1.8401590193087745,0.7266572834201397,0.43896326852727385
6,120,b,1,8.69906334347876,9.632100992557737,1.0071605557688246,0.30426545104020875,764.8156238198391,0.1443037118202529
6,120,c,1,9.4385601852156,9.632100992557737,-2.316937983693755,1.5965140318543085,0.4135127888789151,0.4828500472119919
6,121,b,1,9.117601196885111,9.632100992557737,1.285596251029095,0.2936086150160551,3355.5837777167576,0.10876611789492018
6,121,c,1,9.651620260768066,9.632100992557737,-2.3679099121761755,1.704991133170819,0.45315843565152,0.4780655806742709
6,122,b,1,9.830621278917421,9.632100992557737,1.328108293490018,0.3955172898583572,3062.443830021839,0.09631543869042135
6,122,c,1,9.839657601670352,9.632100992557737,-1.8696343460029299,1.6043041730478795,0.9884441756363603,0.4176346805655029
6,123,b,1,10.301520038335475,9.632100992557737,-6.731137398322131,4.1502626910587335,0.00022152331807395552,0.8737773960766994
6,123,c,1,9.508970524828026,9.632100992557737,-1.5811813166791964,1.3229995620123316,2.0859183894233877,0.402361755930344
6,132,b,1,9.772816800800394,9.632100992557737,-1.7685289685990773,1.4551469522216185,2.4171977824500304,0.4120258135597591
6,132,c,1,9.927612853062328,9.632100992557737,-2.092816991015794,1.7104497122798006,0.9456628094495275,0.4375681346496351
6,133,b,1,9.932600886139399,9.632100992557737,-2.8406939218145553,2.0847128308114695,0.12811388197456536,0.5111637115789314
6,133,c,1,9.904415958529167,9.632100992557737,-1.3774945280563846,1.4895193400913054,3.188315979865969,0.3657807932002512
6,134,b,1,9.485553013462054,9.632100992557737,-0.6542368181810448,0.9778103452279646,18.987592684192293,0.3066220384308021
6,134,c,1,9.670554445134371,9.632100992557737,-2.415648840683208,1.6919702868350002,0.34755147777427065,0.4815494223932514
6,135,b,1,10.116101222830068,9.632100992557737,-7.293096748081284,3.847375577563805,0.0001234098042595004,0.9461024099507122
6,135,c,1,9.75512378675338,9.632100992557737,-2.0907370640012366,1.5728659021149864,0.8836139729744372,0.44489880717460845
6,136,b,1,9.551411664398826,9.632100992557737,-1.4299659748344693,1.2250874536085916,3.3886592894935292,0.3852698657872519
6,136,c,1,10.048293408786623,9.632100992557737,-3.083958893078921,2.2213036374899575,0.1545642972775968,0.5313698312267114
6,137,b,1,9.818583284028408,9.632100992557737,-6.317485817192538,3.4005697050130355,0.00024454052249194805,0.8731719175063876
6,137,c,1,9.555638086779933,9.632100992557737,-2.542651731205937,1.760693087354083,0.2543874710962462,0.500442316552469
6,138,b,1,9.999502736176032,9.632100992557737,-7.090954468760481,3.839003336415067,0.00012340980409641686,0.9363632567815195
6,138,c,1,9.536850460051788,9.632100992557737,-2.717901632996489,1.735546577596887,0.2346430780948136,0.5206399486562003
6,139,b,1,9.571280838003881,9.632100992557737,1.60937388421983,0.2680036661690641,8103.077998802577,0.07007451218173474
6,139,c,1,9.419397042566212,9.632100992557737,-1.3215031527166716,1.1841912096410878,2.625927009725236,0.37766677756450917
6,128,b,1,9.373306165462816,9.632100992557737,-0.08070547224165922,0.7589078662371,115.74056842570684,0.2505565474574551
6,128,c,1,9.334348569563325,9.632100992557737,-2.5055620814025072,1.4749723720245669,0.32122805529152876,0.5088504089377422
6,129,b,1,9.432014128796334,9.632100992557737,0.598863153241976,0.5687481735363185,337.3380715178915,0.176374345230093
6,129,c,1,9.519074749744776,9.632100992557737,-1.5264993642568343,1.2825208047859424,2.001109874485587,0.39571523758520366
6,130,b,1,9.813995807099342,9.632100992557737,-3.9766901458530035,2.3697700083109954,0.02140063171463132,0.6345371683369372
6,130,c,1,9.45408246773544,9.632100992557737,-2.0611495060468945,1.395167967564424,0.679843866697673,0.45495393238778054
6,131,b,1,10.319229033533706,9.632100992557737,-5.611043110256323,3.4864756076231798,0.002758922865278473,0.7641473444865374
6,131,c,1,9.505093473457952,9.632100992557737,-1.977624745541548,1.4092354948400105,0.7951429320488438,0.44369068759564784
6,144,b,1,9.681693788289305,9.632100992557737,-0.9956766351157086,1.2672808728712868,7.453278376400572,0.33500569186252227
6,144,c,1,9.593505410301587,9.632100992557737,-1.5396547670727503,1.404356268590117,1.866602457272489,0.3938745342384792
6,145,b,1,9.587015712103256,9.632100992557737,-2.7369358376931485,1.8783968979079058,0.1429628155271529,0.5184214154826794
6,145,c,1,9.484693819331756,9.632100992557737,-2.04416471977321,1.5682415524739075,0.5460433378954322,0.4508051942652117
6,146,b,1,9.874858032910826,9.632100992557737,-3.6098835457565936,2.4252159815595404,0.059947028959559785,0.594205075706195
6,146,c,1,9.197764466529343,9.632100992557737,-2.619780158816953,1.396137496553258,0.2098271434960545,0.528166619542944
6,147,b,1,10.24427930210098,9.632100992557737,-7.502830851312504,4.31019597859438,0.000123409804278279,0.9551961846807948
6,147,c,1,9.424213651398833,9.632100992557737,-2.2222708842854266,1.4238778006781163,0.6144925054973555,0.47418719155547995
6,152,b,1,9.85004231642611,9.632100992557737,-3.352462385138668,2.1670066759877886,0.07311156336130502,0.568789278321623
6,152,c,1,9.561373923212281,9.632100992557737,-2.3131893830479697,1.5572151616833174,0.4213751537860583,0.4762925996843451
6,153,b,1,10.283449778217081,9.632100992557737,-5.204487178201854,3.3556745429157306,0.006645940895990068,0.7273602077771721
6,153,c,1,9.776014872602008,9.632100992557737,-2.4604102054831913,1.8536532087826316,0.3904179936036759,0.48154721438660547
6,154,b,1,9.991127163114363,9.632100992557737,0.14793121348422386,0.9150931801918627,79.49043856961413,0.210382499972682
6,154,c,1,9.69876245493365,9.632100992557737,-1.521451785741041,1.3768532080708655,1.8588047763262687,0.38758871510406223
6,155,b,1,9.276522606746209,9.632100992557737,-3.136686103594287,1.5991795870848933,0.06845778241298692,0.5790985089674532
6,155,c,1,9.612175142113644,9.632100992557737,-2.3962703083064216,1.6558984963472478,0.4578275104162915,0.4831710013182129
6,140,b,1,10.152698113498772,9.632100992557737,-4.972963636293215,3.0964681016619338,0.0033813550107428788,0.7118607751759446
6,140,c,1,10.043816833370203,9.632100992557737,-1.7367920063719726,1.7323444898835683,1.5463697515761463,0.3964627982584103
6,141,b,1,9.859181521093074,9.632100992557737,1.1442447504408721,0.4481165961348509,2467.466034846283,0.11489014355965518
6,141,c,1,10.086932063116235,9.632100992557737,-2.2698135904773133,1.9090092770148037,0.599196344578731,0.44793668714361
6,142,b,1,9.564470283606482,9.632100992557737,1.5839827350667548,0.26028520548491807,8103.051789571461,0.07283814205485868
6,142,c,1,9.805949381982728,9.632100992557737,-1.8223110170740595,1.557594174686443,1.3221203880315961,0.41484297917133073
6,143,b,1,9.540802638811561,9.632100992557737,-3.1704975760600873,1.7901453102955993,0.12445347934845356,0.5685956554530103
6,143,c,1,9.355881362036047,9.632100992557737,-3.0168877479727407,1.5663227814738683,0.11401867327013196,0.5622910378888836
6,148,b,1,9.751008668814107,9.632100992557737,1.7592232665266079,0.2140445350090679,8103.083843046358,0.0530422017069194
6,148,c,1,10.23733779799058,9.632100992557737,-1.5727456544014746,1.6710958660154533,2.275806262202941,0.3731050304224217
6,149,b,1,10.080857633875086,9.632100992557737,-6.239795259279087,3.668064870122769,0.0006477851479140465,0.8443059419975333
6,149,c,1,9.556865710574623,9.632100992557737,-1.9716535933208428,1.5407378600273827,0.8349670664604946,0.44078263576596544
6,150,b,1,9.887012515149506,9.632100992557737,-1.0545277948415204,1.2692337838647718,18.075410786845715,0.3361893616517016
6,150,c,1,9.968271921520486,9.632100992557737,-1.9849550589208211,1.6966555462779969,1.249546167315033,0.425122495397091
6,151,b,1,9.270813417663154,9.632100992557737,-0.2844061025124869,0.7954881325754898,24.010992172222462,0.2723352242453356
6,151,c,1,9.667849359795081,9.632100992557737,-1.9142451686765476,1.5372321295891127,0.8327539513768355,0.42939834301749963
6,156,b,1,9.315122149620159,9.632100992557737,-0.36465613740329217,0.8027265416180575,53.84424872445225,0.2822175203266109
6,156,c,1,9.461578169278864,9.632100992557737,-2.640468994408965,1.6318823363525092,0.23393011430323465,0.5161186861156666
6,157,b,1,9.1159176540371,9.632100992557737,-1.5113702071919972,1.0746153824164137,1.7313068306770216,0.4109319167772039
6,157,c,1,9.413437794519384,9.632100992557737,-3.081596626168178,1.7628927787557658,0.1029611932832484,0.5658120387311317
6,158,b,1,10.057814125416582,9.632100992557737,-2.419099846776648,1.9249375575104493,0.8374535169991704,0.46553586238948197
6,158,c,1,9.540129971219015,9.632100992557737,-2.3981248718435015,1.5289725027076373,0.4263635489536347,0.48681808037711516
6,159,b,1,9.804856592270339,9.632100992557737,-5.396331147833584,3.0059768778154785,0.003276167720654376,0.7819411897261997
6,159,c,1,9.038770494777186,9.632100992557737,-3.28057421667926,1.4547844241497212,0.06187114634399337,0.6109124736998296
6,160,b,1,10.38586708358957,9.632100992557737,-4.953255977739898,3.267521564276292,0.017966798437702193,0.6965711002928844
6,160,c,1,9.290340768184803,9.632100992557737,-1.5871817167478905,1.1389079395198918,1.704951890717825,0.41185856291465833
6,161,b,1,9.371138064186438,9.632100992557737,1.2290333593430796,0.3494285650973076,3971.091302736438,0.11221383847531503
6,161,c,1,9.566117011808325,9.632100992557737,-1.5169762204471715,1.3452836820565355,2.122521800092873,0.39290210283213545
6,162,b,1,10.027724762460283,9.632100992557737,-4.940637854682251,2.965321120851657,0.003106349201748661,0.717135646078884
6,162,c,1,9.826462345836992,9.632100992557737,-1.5264703763636374,1.4841293616426408,2.1664453960228913,0.3835799184781309
6,163,b,1,9.479152060555903,9.632100992557737,-0.7373522325119372,1.0377000785330126,12.854213096854812,0.3149933966840495
6,163,c,1,9.197891436131574,9.632100992557737,-1.9729058937454524,1.2125715949971871,0.6349458451950564,0.45714664062706417
6,164,b,1,9.841203739905513,9.632100992557737,-6.410215968242544,3.4018085811240226,0.00020283739221167122,0.880583932651275
6,164,c,1,9.351453193502842,9.632100992557737,-2.6202334011318507,1.5498268467681453,0.18385208512843138,0.5190678085549107
6,165,b,1,8.767961140508064,9.632100992557737,1.332299947747702,0.21057921400078672,3264.826077729774,0.10759704845466361
6,165,c,1,9.674782585529607,9.632100992557737,-3.1316329224933392,1.9850124934994449,0.1111231854699998,0.5562049880522714
6,166,b,1,9.991339540821723,9.632100992557737,-3.4950726355149104,2.383785352248933,0.048220587630276174,0.5746636603103239
6,166,c,1,9.588054483473512,9.632100992557737,-1.7682839426732881,1.46621789226224,1.1671152181438824,0.4179026708886138
6,167,b,1,10.360641751223328,9.632100992557737,-6.7597172957729015,4.080781503780269,0.0006735080822099481,0.8729377412751541
6,167,c,1,9.201941261831978,9.632100992557737,-2.1073337559736482,1.1757347956079323,0.6620401702936266,0.47265911262982446
6,172,b,1,9.460015632041603,9.632100992557737,-6.725660810775807,2.97049140997005,0.00012340980408671417,0.9497323300649194
6,172,c,1,9.240128791223574,9.632100992557737,-3.082788355028727,1.6058350001285258,0.09931425167510424,0.5764469859329103
6,173,b,1,10.013362563139662,9.632100992557737,-3.9590264064206293,2.5500657810792573,0.023202120997868027,0.6202560871372649
6,173,c,1,9.71928675341255,9.632100992557737,-2.3135272135528,1.6401096991886472,0.6860952606399167,0.4699648354248677
6,174,b,1,8.83994026534629,9.632100992557737,1.492021101454295,0.1953409199053756,6276.2615960442745,0.08912059434049677
6,174,c,1,9.230396301237993,9.632100992557737,-2.064844365164296,1.264917995687675,0.615002948694338,0.4660574614649005
6,175,b,1,9.745995913268656,9.632100992557737,-2.138563485475511,1.57887765463702,0.8280440157945612,0.45030603039689826
6,175,c,1,10.186611095482881,9.632100992557737,-2.337407560553102,1.9692020974136883,0.5920194804980293,0.4505060679804078
6,168,b,1,9.333804798645502,9.632100992557737,1.5404360339850074,0.25797532191775197,7043.1666100312905,0.07924042617950165
6,168,c,1,9.69962651569684,9.632100992557737,-2.1803411483404576,1.6805434693405943,0.6193615752773176,0.4561767103418997
6,169,b,1,9.653787555543602,9.632100992557737,-5.881977802666432,2.8791193132579647,0.0007204397778286285,0.8434463609545699
6,169,c,1,9.032254416874938,9.632100992557737,-2.7055506956984336,1.2665675951397115,0.15463002395904413,0.5468480744568288
6,170,b,1,9.864502625057382,9.632100992557737,-1.4691480737227351,1.478173089708991,2.6522515340238346,0.3765497949924623
6,170,c,1,9.79929032112612,9.632100992557737,-1.4585255871339535,1.470189747826275,2.586104933884807,0.3778342480960829
6,171,b,1,9.484217820057461,9.632100992557737,1.4527724066288148,0.29321649673215944,8103.065041164809,0.08757357869160595
6,171,c,1,9.568243397802158,9.632100992557737,-2.122825316378009,1.503034461633462,0.7192612844691819,0.45653340730010095
6,176,b,1,9.753880031214534,9.632100992557737,-0.3553982234822024,1.042694537311923,16.973204513502555,0.2654380961496679
6,176,c,1,10.280474444263556,9.632100992557737,-1.3955523228753077,1.7086485886068423,2.454865099747137,0.35349344280498235
6,177,b,1,10.114812037384095,9.632100992557737,-2.070062718698958,1.8015780837384843,1.1388268829903687,0.42756457470750814
6,177,c,1,9.888329835802281,9.632100992557737,-1.9725320129763553,1.677423889301345,0.8939180024890109,0.4263107249226634
6,178,b,1,9.29320475037573,9.632100992557737,-1.393544919856233,1.1379831246656575,2.2237851797683033,0.39046734348289275
6,178,c,1,9.438909539642243,9.632100992557737,-1.9314477630871978,1.3858585549083202,0.7981500234359981,0.4416079587950927
6,179,b,1,9.96881138809698,9.632100992557737,0.5585066798192493,0.7104416188773557,353.2726008101184,0.1711728302703943
6,179,c,1,9.998483623336622,9.632100992557737,-1.9101319240436778,1.695097108554521,1.2898399024049572,0.4160520667788584
6,184,b,1,9.465432169830379,9.632100992557737,-2.887988659004633,1.6506683037406211,0.17640957021335316,0.5426955228964687
6,184,c,1,9.489929421083524,9.632100992557737,-2.625344398515449,1.6103371694466833,0.3074017423140981,0.5137029395235737
6,185,b,1,11.136924959299012,9.632100992557737,-7.743536870651301,5.527014853160597,0.00012340980419988184,0.9006351893452527
6,185,c,1,9.799972263453874,9.632100992557737,-1.8740571060919846,1.5531696847052012,0.9698110161182222,0.41974448368860207
6,186,b,1,10.103515770521172,9.632100992557737,-3.2485171971541917,2.4391304315276,0.13288676722941484,0.5451503970770726
6,186,c,1,9.243890919764988,9.632100992557737,-1.2143445520950191,1.0750077918586352,3.18536456092353,0.3731680547214374
6,187,b,1,10.373246681431699,9.632100992557737,-4.703393587958955,3.2550892255409436,0.013524343743240488,0.6723441903558949
6,187,c,1,9.834195372625274,9.632100992557737,-1.9623151893006006,1.677169727158939,0.9632532524210674,0.4277807706323046
6,180,b,1,9.357663024893268,9.632100992557737,1.5659930353791376,0.2450823712115507,8102.313524632619,0.07641204691296291
6,180,c,1,10.156981392697817,9.632100992557737,-2.084570572806538,1.947507691378048,0.8606352646486473,0.42658699619773155
6,181,b,1,9.705192119407789,9.632100992557737,-1.2980486396301778,1.29894734626362,3.5568947523262326,0.36495573359467925
6,181,c,1,10.246040293482416,9.632100992557737,-1.3211725761226463,1.6473311307604215,4.176320388449814,0.34851033953702193
6,182,b,1,9.311647906653166,9.632100992557737,1.2636346042063815,0.34220585761035044,2139.8210397222224,0.10824652198653682
6,182,c,1,9.61498627003186,9.632100992557737,-1.8427546003960986,1.4915848449942883,0.8894949025621921,0.4240564406764164
6,183,b,1,10.013927171697379,9.632100992557737,-6.002376415739601,3.4108894372495957,0.0004782292734643528,0.8247652121820225
6,183,c,1,9.63042801683081,9.632100992557737,-2.395620944043875,1.6770749789151465,0.40140511111849597,0.4817991030732385
6,192,b,1,9.38622483864642,9.632100992557737,1.680432156939875,0.2173948975941144,8103.080221031709,0.06370900469440581
6,192,c,1,9.667146684030913,9.632100992557737,-1.3711718519057927,1.328016548678345,2.556623428015029,0.3733716500324918
6,193,b,1,10.167717747320623,9.632100992557737,-3.6920907308930424,2.499120995303583,0.0319445899008364,0.5840227882906807
6,193,c,1,9.892842436677407,9.632100992557737,-2.041851960461444,1.6454068743896455,0.73083192756614,0.43293120960911724
6,194,b,1,9.1754285737194,9.632100992557737,-2.1391527217646082,1.244923667124439,0.4211739053077822,0.4760781681714609
6,194,c,1,9.90415045607582,9.632100992557737,-1.7050817999147352,1.5992106941953639,1.608828051665324,0.3987825254715064
6,195,b,1,10.20319647778197,9.632100992557737,-3.5710953554813827,2.545556563944503,0.06451576972773546,0.5712729423188037
6,195,c,1,10.075543232048618,9.632100992557737,-1.6522555897912858,1.694225811753766,1.7897623046225384,0.38675857525303337
6,188,b,1,10.016934455466894,9.632100992557737,-1.8284487654735768,1.6438710040145206,1.4137781249317676,0.4069389810380305
6,188,c,1,9.874483557306789,9.632100992557737,-1.7997885927671855,1.545816050502932,1.3489076823675983,0.40961036989599114
6,189,b,1,9.561391044071977,9.632100992557737,0.47071346059686564,0.6699013093564412,204.405941893408,0.1868441495937689
6,189,c,1,9.705073212869241,9.632100992557737,-1.8535610036532884,1.551456766765337,1.0194536749523915,0.4217659510660774
6,190,b,1,9.38440611940296,9.632100992557737,1.0234120795827346,0.3988239505483284,2212.196116445962,0.13375348773284262
6,190,c,1,10.025627901185835,9.632100992557737,-2.682208977058755,2.0741441307491213,0.3362421206949569,0.49243660046966675
6,191,b,1,10.051496351410025,9.632100992557737,-2.6910309615649326,2.1060456100030276,0.3902490917695631,0.49242702636368624
6,191,c,1,9.707692297154038,9.632100992557737,-2.4526768870903646,1.72868762721236,0.42937194564842573,0.4843623718352554
6,200,b,1,9.62119001151039,9.632100992557737,-6.113755025608041,2.796874305848725,0.00031051001408032133,0.869483692553922
6,200,c,1,9.542184602397475,9.632100992557737,-2.8109483803505846,1.6813414974572218,0.19818307009892816,0.5301496004610954
6,201,b,1,10.098331358707423,9.632100992557737,-6.563406552498881,3.67391916337894,0.0006708878213367344,0.8757797473548307
6,201,c,1,9.73378055617724,9.632100992557737,-2.431850123580607,1.7921020470455133,0.4878299988840629,0.48115460640554064
6,202,b,1,9.57761140871897,9.632100992557737,-0.6025021938157762,1.043050926594244,18.42495875660062,0.29792474660708834
6,202,c,1,9.634836119704781,9.632100992557737,-2.621466211163905,1.7922824168104419,0.2421003118470055,0.5048539023987503
6,203,b,1,10.280192711329617,9.632100992557737,-2.5006629876014417,2.0820333581077857,0.6300727650868202,0.46315962333585464
6,203,c,1,9.888811867261309,9.632100992557737,-1.743307040058659,1.5270624908857537,1.882415241976929,0.40391345413955865
6,208,b,1,9.088930282722972,9.632100992557737,-3.8618011825138474,1.659858241581221,0.015933596999567885,0.6708029219858496
6,208,c,1,9.178773958562584,9.632100992557737,-2.6779814181767265,1.4293942375589492,0.20015957991599542,0.5358389197028304
6,209,b,1,10.081063364291278,9.632100992557737,-7.139774441088814,4.10927449980152,0.0001234098041566348,0.9337739139364108
6,209,c,1,9.313991102992489,9.632100992557737,-2.1322904734352406,1.4273007133774152,0.5725205362786768,0.4693350628981454
6,210,b,1,10.204899311462409,9.632100992557737,-2.1749381825814864,1.9573010242380944,1.2621710336596463,0.43474630210033594
6,210,c,1,9.814602659003938,9.632100992557737,-1.2415475578870259,1.3789854148440948,3.627177331981,0.3548446675248945
6,211,b,1,8.953867305554516,9.632100992557737,-1.9043288520533501,1.0791910083404823,1.048334310617904,0.46326099932367654
6,211,c,1,8.995787386620389,9.632100992557737,-3.1924127686965473,1.4540527130332013,0.05798809075435743,0.6031588879299677
6,196,b,1,9.121281279164105,9.632100992557737,0.644400036014221,0.5003830864575526,295.3445837062625,0.17686876351043085
6,196,c,1,9.293439287184967,9.632100992557737,-1.9070564316330987,1.3089581942197506,0.6750480676083037,0.44508835993227824
6,197,b,1,9.837160870739753,9.632100992557737,-5.919213488643697,3.0614816943640415,0.0005510022732567807,0.8310738392526045
6,197,c,1,9.591874373251532,9.632100992557737,-2.6264286440756184,1.672252719127017,0.3145899234718805,0.508425504774713
6,198,b,1,9.408333266729908,9.632100992557737,-3.759364455738676,1.8213735968138418,0.030423390866468957,0.6385640386670879
6,198,c,1,9.854067337539634,9.632100992557737,-2.4626331753243607,1.8100948054437676,0.4517726322696436,0.47836561578135245
6,199,b,1,9.481832378068166,9.632100992557737,1.4504415620576498,0.3100455652208806,8102.680843399365,0.08784611002213645
6,199,c,1,9.386039261051202,9.632100992557737,-2.666366169301506,1.6031472153996558,0.20336240953650553,0.5227444445033025
6,212,b,1,9.862107070632256,9.632100992557737,-1.56334864817968,1.5225653505202474,2.9432119069749283,0.3869827586215076
6,212,c,1,9.492485698096317,9.632100992557737,-1.625190031130522,1.324429192521337,1.471623453358083,0.4068499308150266
6,213,b,1,10.615530835132828,9.632100992557737,-3.4614301581624627,2.942180569725102,0.06622765477524163,0.5383241347799018
6,213,c,1,9.78872004309044,9.632100992557737,-1.159909463221748,1.3586171931050761,3.0890276664369285,0.34633940840385685
6,214,b,1,9.494913678442552,9.632100992557737,-0.8931073578298574,1.0375808243096398,6.527374259949759,0.32973089709697556
6,214,c,1,9.89458254242743,9.632100992557737,-2.4824886204928944,1.8180613747850036,0.4236230220569334,0.47834925424272534
6,215,b,1,9.09046483613506,9.632100992557737,-3.152800731083562,1.4951423304193623,0.040813368307278323,0.590694801556679
6,215,c,1,9.314595226015744,9.632100992557737,-2.6916926220648976,1.5654314649840537,0.15051815895313778,0.528579634817394
6,204,b,1,9.439027552183598,9.632100992557737,1.023424729667759,0.4136558403931827,2823.344035886423,0.13326976911994037
6,204,c,1,9.452282589814068,9.632100992557737,-2.3933674536189704,1.487287252299669,0.4260527254426681,0.49080851506165335
6,205,b,1,9.539930978125192,9.632100992557737,-2.5548499477297524,1.6924640913082802,0.42724878981825826,0.5041192495361324
6,205,c,1,9.43081703225822,9.632100992557737,-2.065708113579992,1.4568309261439354,0.7019928852181002,0.4566948013442192
6,206,b,1,10.692076905594778,9.632100992557737,-7.336473997380547,4.710527744477583,0.0001268687824635274,0.8993224159342896
6,206,c,1,10.038724929021209,9.632100992557737,-1.644291009408564,1.5615874474029454,1.8394226121739061,0.3874166412871883
6,207,b,1,9.117644863367229,9.632100992557737,1.4574070332980202,0.24371684847238828,5470.36027699385,0.09011602277045938
6,207,c,1,9.967516968234255,9.632100992557737,-1.7501316879753852,1.6589535664861583,1.5917147584049212,0.40099370841447235
6,216,b,1,9.557603078836197,9.632100992557737,-1.58164647363605,1.4331611485618083,0.9365551657269687,0.3973951471977784
6,216,c,1,9.976815067108452,9.632100992557737,-1.4113063607781413,1.5682486448852107,2.25253973766083,0.36565429090989093
6,217,b,1,9.988872045751041,9.632100992557737,1.3725356798280939,0.3817690942295793,7175.9813211546225,0.09121900720903116
6,217,c,1,9.906314232082336,9.632100992557737,-1.5927270785256762,1.4849043519052754,2.450041449810747,0.3879004345429416
6,218,b,1,9.692433031738801,9.632100992557737,1.557576680815382,0.29329947474436957,8100.764116114926,0.07465959592386874
6,218,c,1,9.56532404671128,9.632100992557737,-2.1450073306716115,1.5093043986574686,0.598926245969858,0.45856246971200965
6,219,b,1,9.073875386805932,9.632100992557737,-2.378933649948574,1.2390223113149492,0.2873393739790258,0.5082158696802882
6,219,c,1,9.137611463581365,9.632100992557737,-2.999662641166771,1.382816102463483,0.10807632396596013,0.5735483797842067
6,220,b,1,10.246367839945101,9.632100992557737,-6.336995137458054,3.737817315996235,0.000888831311145197,0.8408370652506602
6,220,c,1,9.612085738620268,9.632100992557737,-2.1966722864267902,1.5694021327863563,0.6751914664413281,0.46237977373097294
6,221,b,1,10.076962656674773,9.632100992557737,-1.3411476474880315,1.6261637054286286,4.0865126656749835,0.3563876967845105
6,221,c,1,9.871288189262966,9.632100992557737,-1.5182339652120063,1.5753860621458124,2.3994476344033786,0.38125774789266503
6,222,b,1,10.03291425597712,9.632100992557737,-6.212891127274135,3.414318723914678,0.0006808702245878144,0.8456527743098354
6,222,c,1,9.427790038368531,9.632100992557737,-2.844284535578471,1.640357676141316,0.13787873078354648,0.5391917520025328
6,223,b,1,9.045670205581322,9.632100992557737,0.2825866405737435,0.5845703428173022,141.87929214913362,0.21832195799884602
6,223,c,1,9.511589807059014,9.632100992557737,-2.142873636788246,1.610434647504285,0.60511430509905,0.46094805539311023
6,228,b,1,9.973350941047062,9.632100992557737,-1.4258895124761775,1.4258567994718652,7.983588274066241,0.3703881585536346
6,228,c,1,9.963436155362405,9.632100992557737,-2.276885762147459,1.8116557830914342,0.4998682309359532,0.45372568165736477
6,229,b,1,9.874629469958602,9.632100992557737,-2.54591626687819,1.7578510356870176,0.37886663878962323,0.485778975198867
6,229,c,1,9.779801676158662,9.632100992557737,-2.366603830145408,1.6419746294539697,0.5597876842217298,0.47223735072279066
6,230,b,1,9.417271299341248,9.632100992557737,-3.2420620486394602,1.8444141996973302,0.07559299001723373,0.5826578156155544
6,230,c,1,9.365244787246553,9.632100992557737,-2.5792151307349935,1.5599625918872486,0.26655677235082104,0.5149127136983269
6,231,b,1,9.62637588664667,9.632100992557737,-2.220360466023232,1.678244685087359,0.6963861484968212,0.4643727000532997
6,231,c,1,9.361093957409965,9.632100992557737,-1.8693509609201924,1.37266082302662,0.9092536166586427,0.43866689264151365
6,224,b,1,9.61582891671199,9.632100992557737,-2.017855594076517,1.5124624074045347,1.7872579502238062,0.4451144066102512
6,224,c,1,9.207026821526837,9.632100992557737,-2.3635753525565573,1.3165635700552714,0.33386840624259445,0.49963849900623303
6,225,b,1,9.590280717512067,9.632100992557737,-0.6619745270305529,1.029190819665172,29.31972701495802,0.30509588455553127
6,225,c,1,9.689498717716509,9.632100992557737,-2.112763429960301,1.596109785774837,0.7728163939231155,0.4499324249391425
6,226,b,1,8.582181597090404,9.632100992557737,1.3505999420366965,0.18707704550945703,3651.037361243989,0.10790946398113012
6,226,c,1,9.136498650948948,9.632100992557737,-3.4110394806918185,1.6050417377960473,0.039139003651690346,0.6179636013467346
6,227,b,1,10.145930551738596,9.632100992557737,-4.254249762093421,2.899896453894311,0.018649602218043862,0.6420985545310363
6,227,c,1,9.591432854875983,9.632100992557737,-2.0933742321087343,1.6014011225327573,0.6298601099307565,0.45175971629236406
6,232,b,1,10.283797695227799,9.632100992557737,-0.26252796004614665,1.2038659489742232,46.709868138282644,0.2449981581328466
6,232,c,1,9.70615322557866,9.632100992557737,-1.6871428288972685,1.4886069946210188,1.2324421662511316,0.40409305453372785
6,233,b,1,10.16014931360145,9.632100992557737,-4.782415188108841,3.0071635741370812,0.008224439441946903,0.6936486270763034
6,233,c,1,9.546351532345907,9.632100992557737,-1.9819525877757278,1.4130005660971843,0.8079953961233978,0.44230726543314525
6,234,b,1,10.467022389798508,9.632100992557737,-4.256339477294523,3.0280927145420584,0.02406763888096345,0.6230902903825313
6,234,c,1,9.794860717630117,9.632100992557737,-1.554572260587873,1.4334623991761477,2.055317139852639,0.38769734078295054
6,235,b,1,9.061097238739897,9.632100992557737,1.3688486315775967,0.24444474125520954,5652.716405384569,0.10071063010698375
6,235,c,1,9.709304885707802,9.632100992557737,-2.968492038011695,1.912757825757724,0.1663646743076056,0.5376318439745107
6,236,b,1,9.562351783626832,9.632100992557737,-3.666657345598896,1.992728523946163,0.03508899814610638,0.618461600930446
6,236,c,1,9.533753241050318,9.632100992557737,-3.044010095668535,1.8225182101892279,0.10518867910576628,0.5545634809318496
6,237,b,1,9.390613623639775,9.632100992557737,-3.163178279508728,1.75182760328113,0.07184840491129828,0.5752375600783068
6,237,c,1,9.885058422281155,9.632100992557737,-2.874381615911764,2.0889511554245717,0.19371983943110158,0.5184586850601693
6,238,b,1,9.620392566919579,9.632100992557737,-1.8424088279902802,1.4636953787367515,1.059037521276233,0.424370575629028
6,238,c,1,10.038234553862177,9.632100992557737,-2.9349209635701126,2.229103020748714,0.16423509571594963,0.5164630273776644
6,239,b,1,10.125335929966868,9.632100992557737,-3.010132117465691,2.2932954938978365,0.2313276433737199,0.5205943255748356
6,239,c,1,9.816334188504692,9.632100992557737,-1.5013501728644438,1.4910870607847917,2.483010472810702,0.3816735021941615
6,248,b,1,10.082665691317082,9.632100992557737,-3.4725251585020374,2.3993411346409443,0.15474248120900871,0.5696048200024415
6,248,c,1,9.337494318391684,9.632100992557737,-1.6602557579970934,1.2338638353207902,1.3871001260228137,0.41739707212843435
6,249,b,1,9.944274802530073,9.632100992557737,-0.5884758735250994,1.167464899348186,22.563861128854462,0.2859635768611793
6,249,c,1,9.5762819341723,9.632100992557737,-1.9795857779903754,1.4597417300891184,0.796037962931156,0.44061369211950285
6,250,b,1,10.027607738467472,9.632100992557737,-3.8012699395001017,2.4706199449068262,0.02920520181195298,0.6034219250227602
6,250,c,1,9.970811290454579,9.632100992557737,-1.7556529989665774,1.652422155670826,1.7270472544574238,0.4016682517456933
6,251,b,1,9.782914078281943,9.632100992557737,-2.935742459867803,1.916838768482844,0.22826384023444676,0.5308538222693919
6,251,c,1,9.455170704939038,9.632100992557737,-2.173914017105658,1.4511082926627252,0.4659834292071627,0.46630485438348934
6,240,b,1,10.132115155082042,9.632100992557737,-6.631919258858051,3.9315953955006235,0.00030024215205902416,0.8787590897033815
6,240,c,1,9.454302625231756,9.632100992557737,-2.6133647007064154,1.6738891226910448,0.2533375714840997,0.5137290177924615
6,241,b,1,9.193273152952534,9.632100992557737,0.9901716425586928,0.412761365772189,733.4481376842034,0.13837697027599577
6,241,c,1,9.465114080699811,9.632100992557737,-1.5790983650491945,1.340408837535845,1.364346545660022,0.40254877171785636
6,242,b,1,9.42537868463894,9.632100992557737,-4.094366037936506,1.9461398393195157,0.013701370912698806,0.6725731660998693
6,242,c,1,9.333267855218553,9.632100992557737,-1.6746153390470357,1.1594362479411753,1.3640269837882333,0.41916633330660175
6,243,b,1,9.497197583332492,9.632100992557737,-0.5001890930121549,0.937784711828922,20.152652060845263,0.2893523568295242
6,243,c,1,9.520754896124357,9.632100992557737,-1.596461601392527,1.2859719279420805,1.5847269597140388,0.4026814832375378
6,244,b,1,10.385056873251054,9.632100992557737,-2.5514245507646596,2.290737348342259,0.37794675042388437,0.46245454137570946
6,244,c,1,9.757132735248263,9.632100992557737,-1.9317675154182399,1.5908129801005517,0.850160429156588,0.4274492902414116
6,245,b,1,9.313805563794823,9.632100992557737,0.772081223284458,0.47438046858586935,933.4646532524584,0.16124420756472407
6,245,c,1,9.616537159231026,9.632100992557737,-2.7132598282836082,1.7500282440879134,0.30860302958662367,0.5165547363242261
6,246,b,1,10.19434583644845,9.632100992557737,-7.104369322696208,4.103739257811731,0.0001234098041064922,0.919822286351395
6,246,c,1,9.923147358381833,9.632100992557737,-2.216429250482296,1.9060347650560572,0.5717604558275439,0.44951511584304005
6,247,b,1,8.88640632549173,9.632100992557737,1.201058412167113,0.2667584762178409,1968.7886938603642,0.1205404587112164
6,247,c,1,9.720773405309554,9.632100992557737,-2.3957106682096687,1.7404282769140749,0.415746466919459,0.477435270845548
6,252,b,1,9.414842133670707,9.632100992557737,-2.658443066336294,1.5066799191331905,0.2123396373257115,0.5203937234051487
6,252,c,1,9.574595836249426,9.632100992557737,-2.5235417551044534,1.6160688963162992,0.33898947880434416,0.49822759463274735
6,253,b,1,8.522379346124438,9.632100992557737,1.4461967292539786,0.15940380485580685,4294.199255094282,0.09740525711052785
6,253,c,1,9.354348325861308,9.632100992557737,-3.0083843967381783,1.6755370339017501,0.09447364018053084,0.5607963845375703
6,254,b,1,10.030684725243374,9.632100992557737,-5.5890236383347425,3.2810302311180024,0.0011437619058799857,0.7822807568188449
6,254,c,1,9.573655254093085,9.632100992557737,-1.362437053102318,1.3039427250746256,2.9585899705489456,0.37652354768631924
6,255,b,1,9.513277085192309,9.632100992557737,1.46934522987274,0.2915503859065835,8103.08382340671,0.08553019986246327
6,255,c,1,9.77611588380548,9.632100992557737,-1.9657010657142757,1.6451533074400475,0.9399358578372888,0.43061569871930033
6,264,b,1,9.239385843484982,9.632100992557737,-6.354403730339065,2.453640443894257,0.00014032932481839358,0.9305275142334303
6,264,c,1,9.116118935495788,9.632100992557737,-2.396249554891731,1.252689561994789,0.3494993326874055,0.5085961693437845
6,265,b,1,9.970125965195983,9.632100992557737,-1.5192895722026587,1.5020053661570838,6.756118209657132,0.37991011042627315
6,265,c,1,9.694651073224142,9.632100992557737,-2.3154421132430536,1.6165377888829164,0.5479232116384023,0.47077343437638597
6,266,b,1,9.836791753531593,9.632100992557737,-1.7564079164869806,1.6522385036870482,1.1553092578732567,0.4060168645885191
6,266,c,1,9.917204358652503,9.632100992557737,-1.829767592275299,1.7100820386701263,1.4015421846089666,0.4111475181739961
6,267,b,1,9.817463526284216,9.632100992557737,-6.654148886205002,3.5183729311666614,0.00012340980415280679,0.9075386027964082
6,267,c,1,9.249607591136275,9.632100992557737,-2.408315011562697,1.4545781264443174,0.23270575041789351,0.5011387449537325
6,256,b,1,9.55571724443978,9.632100992557737,-0.7067080621730661,1.0146189002538422,19.896156983177644,0.31023113534171615
6,256,c,1,9.523381935271418,9.632100992557737,-1.662497589381359,1.307321484732957,1.9721813781116238,0.4106058702744793
6,257,b,1,10.476990364373709,9.632100992557737,-7.57190902999351,4.581519034466762,0.00012340980517503377,0.9407012125755164
6,257,c,1,9.67697351128754,9.632100992557737,-2.1636204273394055,1.5990596061160214,0.632872051429471,0.4554809383486966
6,258,b,1,10.289721590036397,9.632100992557737,-3.049420908177603,2.320557565787288,0.1511640419649811,0.5153315375649101
6,258,c,1,10.064339817469678,9.632100992557737,-1.844625647093184,1.709538315020025,1.236061516932609,0.4063450292514688
6,259,b,1,9.317194716825403,9.632100992557737,-0.030734649578669587,0.7448061137961316,68.65134515063559,0.24534133987861925
6,259,c,1,9.400887589641945,9.632100992557737,-1.572638255379525,1.2437164304497328,1.571098969677223,0.4050838474736666
7,0,b,1,5.591163505597389,8.743502955011268,-3.8723165310600205,-1.9453692919455152,0.0001234098041004426,0.9716901420593214
7,0,c,1,5.591163505597389,8.743502955011268,-3.8723165310600205,-1.9453692919455152,0.0001234098041004426,0.9716901420593214
7,1,b,1,9.965471220248382,8.743502955011268,-7.45359361663139,5.706181752102136,0.00012340980565128868,0.9768774273361281
7,1,c,1,9.965471220248382,8.743502955011268,-7.45359361663139,5.706181752102136,0.00012340980565128868,0.9768774273361281
7,2,b,1,8.456416370117731,8.743502955011268,-6.144327136526279,2.644288541728458,0.00012340980415226488,0.9896223752386449
7,2,c,1,8.456416370117731,8.743502955011268,-6.144327136526279,2.644288541728458,0.00012340980415226488,0.9896223752386449
7,3,b,1,7.846297468102816,8.743502955011268,-5.443845422596956,1.745919055943134,0.00012340980426542704,0.9671943226614123
7,3,c,1,7.846297468102816,8.743502955011268,-5.443845422596956,1.745919055943134,0.00012340980426542704,0.9671943226614123
6,260,b,1,9.386170169751733,9.632100992557737,1.1143756680601875,0.384497189404843,2449.670200022734,0.1239329264737563
6,260,c,1,9.65441095338764,9.632100992557737,-2.167938855097109,1.5960609569539153,0.6698069987232362,0.4571875652107651
6,261,b,1,8.729818169731328,9.632100992557737,-0.28178941159932586,0.5868253858868873,19.008517384972585,0.28800855672978415
6,261,c,1,9.4977038473101,9.632100992557737,-1.9906751754669387,1.5357472579616482,0.6407282551376663,0.44475099765433934
6,262,b,1,9.844029588061458,9.632100992557737,-2.1295662862670692,1.7392463854826143,0.9706519814376606,0.4452701096242561
6,262,c,1,9.456424522960825,9.632100992557737,-1.9297285107713895,1.4094811975521173,0.8989352661293791,0.440998077570802
6,263,b,1,9.049317617534303,9.632100992557737,0.32734892013456024,0.5878780687722802,85.06176002698446,0.2115393804689262
6,263,c,1,9.57812613669302,9.632100992557737,-1.877732215158662,1.5722800935659385,0.731491172532384,0.4288798953766913
6,268,b,1,9.1533370999285,9.632100992557737,0.8729333782893409,0.40757287763600647,967.0620153269264,0.1527809493161698
6,268,c,1,9.53938974541576,9.632100992557737,-1.9074477848538458,1.4467354887545156,1.00399876679578,0.43503800544894533
6,269,b,1,9.417852759232266,9.632100992557737,1.180583345591102,0.3801389838104545,1988.7776968857834,0.11599369534967185
6,269,c,1,9.789632232499295,9.632100992557737,-1.6270758861007895,1.4961987772748384,1.7563387704818636,0.3952732821145834
6,270,b,1,9.601758457103921,9.632100992557737,-2.0855530714367148,1.4407310178822414,0.5506035112911755,0.44994858702706153
6,270,c,1,9.954545279543611,9.632100992557737,-1.7412552273525295,1.566164905196036,2.1371018402165305,0.4013491709362937
6,271,b,1,9.642959568080085,9.632100992557737,1.0526298804254064,0.4614704445374995,1474.0584671908696,0.12648741225644938
6,271,c,1,10.080022419956885,9.632100992557737,-1.8351424725125782,1.7525748922126647,1.2719886703305399,0.4047996493675037
7,12,b,1,32.53435692338875,8.743502955011268,-1.6995838042570934,6.785076027615506,3603.0626937949933,0.12297569015343407
7,12,c,1,32.53435692338875,8.743502955011268,-1.6995838042570934,6.785076027615506,3603.0626937949933,0.12297569015343407
7,13,b,1,8.735321920685616,8.743502955011268,1.614040698325741,0.2984540432597832,8103.061719667757,0.07623425003659828
7,13,c,1,11.685349551952868,8.743502955011268,1.118735068887692,1.0090631743820566,3246.55308003153,0.09944752631903096
7,14,b,1,34.76759766736819,8.743502955011268,-4.592077647340718,11.87048635221215,366.3330769471899,0.1983009662695339
7,14,c,1,34.76759766736819,8.743502955011268,-4.592077647340718,11.87048635221215,366.3330769471899,0.1983009662695339
7,15,b,1,11.932359745780651,8.743502955011268,-1.0246436094911788,2.8839773177808876,62.23962050928397,0.2772956384777934
7,15,c,1,11.932359745780651,8.743502955011268,-1.0246436094911788,2.8839773177808876,62.23962050928397,0.2772956384777934
7,8,b,1,8.535179922410084,8.743502955011268,1.285137456938748,0.3939311692389069,1569.7835423429642,0.11487416502766719
7,8,c,1,8.579373770422324,8.743502955011268,-0.36442051935413083,1.0121121674654097,14.52275616811261,0.3022547177694666
7,9,b,1,5.768677256896961,8.743502955011268,-4.1465845540857185,-1.9994235447664375,0.00012340980462196576,1.0192680693614222
7,9,c,1,5.768677256896961,8.743502955011268,-4.1465845540857185,-1.9994235447664375,0.00012340980462196576,1.0192680693614222
7,10,b,1,9.948992290073667,8.743502955011268,-4.42638822534853,4.040954671934963,0.0169699194256361,0.6726083910082135
7,10,c,1,12.083630944149517,8.743502955011268,1.175976916801055,1.0080272643019308,3727.8136031382137,0.09145381833698421
7,11,b,1,47.47393317851828,8.743502955011268,-3.553006078985332,10.78680349649623,3220.420509422791,0.12333898337899396
7,11,c,1,47.47393317851828,8.743502955011268,-3.553006078985332,10.78680349649623,3220.420509422791,0.12333898337899396
6,276,b,1,9.63283688076059,9.632100992557737,-0.2965756117325805,0.9426291784706193,23.274564542162985,0.26334156624796246
6,276,c,1,9.915875892537937,9.632100992557737,-1.3825223071938004,1.4785447262882112,2.8605399031063703,0.36557401721109173
6,277,b,1,9.773069214535365,9.632100992557737,-4.720894959943694,2.637490293338232,0.0071440045029494805,0.7142869250447316
6,277,c,1,9.598545207589723,9.632100992557737,-2.2901822063555906,1.6364989276152881,0.4584768499280093,0.4721734063944477
6,278,b,1,13.138329751430483,9.632100992557737,-9.180767717727445,9.25829926721222,0.0001234098041133275,0.8737484507153676
6,278,c,1,10.085002070423853,9.632100992557737,-1.1373098436606464,1.516882191771927,3.6014667538645786,0.33430111973249627
6,279,b,1,9.157399090937798,9.632100992557737,-5.464250125345265,2.1120186762917292,0.0008976812235669126,0.8418932758039486
6,279,c,1,9.16801040232248,9.632100992557737,-3.311039200872553,1.5269981754044053,0.06195113448178379,0.6058281339768757
6,280,b,1,10.219933668141227,9.632100992557737,-4.54133079259767,2.8589539623594256,0.01346138828153921,0.6660205698182532
6,280,c,1,10.495252489217144,9.632100992557737,-1.7087712926087884,1.9009934066861593,1.9539384282128578,0.37720493520735704
6,281,b,1,9.966742854077157,9.632100992557737,-1.9879679800221841,1.6806164313549836,1.1293092986579452,0.4252465955413579
6,281,c,1,9.842849327002646,9.632100992557737,-1.6425418387356596,1.5018573909206852,2.1842851240453407,0.39542179464610255
6,282,b,1,9.752735250084122,9.632100992557737,-3.504955232258437,2.171749908205325,0.07296489300252142,0.5908560724747028
6,282,c,1,9.528321580968765,9.632100992557737,-1.9255812471182994,1.5055944346807013,0.7636331474614446,0.4366526761385171
6,283,b,1,10.289267537345266,9.632100992557737,-1.846190775600732,1.853751076907252,1.8102076037305608,0.39859376719121753
6,283,c,1,9.611280347094636,9.632100992557737,-1.4239418009618836,1.3157877451643083,1.9061290193994218,0.38037275533734893
7,24,b,1,23.55300881994152,8.743502955011268,-2.5843716946278006,7.381699950361419,465.2926090138388,0.20742739994979162
7,24,c,1,23.55300881994152,8.743502955011268,-2.5843716946278006,7.381699950361419,465.2926090138388,0.20742739994979162
7,25,b,1,13.385103547436739,8.743502955011268,1.1975462573136362,1.1082648460893298,7298.369587470483,0.08138358720386972
7,25,c,1,8.543123043423307,8.743502955011268,-0.9854483287780655,1.1648562897512846,4.461860200624505,0.37649391322969533
7,26,b,1,13.36841573816286,8.743502955011268,-5.814953929852621,8.167918436074174,0.035453150408525286,0.6067375235719743
7,26,c,1,10.224127038465946,8.743502955011268,-0.3020475231125319,1.7577584240017035,31.14438778571426,0.24950317191697488
7,27,b,1,12.175103327736155,8.743502955011268,-7.110760830647969,8.182687687631425,0.007020593506491712,0.772839260717447
7,27,c,1,12.175103327736155,8.743502955011268,-7.110760830647969,8.182687687631425,0.007020593506491712,0.772839260717447
7,4,b,1,9.547581196387863,8.743502955011268,1.5797491684358675,0.41449238282552103,8091.269243876767,0.07341844971580769
7,4,c,1,9.176097403090493,8.743502955011268,-0.7690861452438261,1.5061791171625514,9.739490882571156,0.3281895740145797
7,5,b,1,10.82932282477281,8.743502955011268,-0.835528232666548,2.2182650314464545,32.3612773579026,0.2869266855942614
7,5,c,1,10.529963619409427,8.743502955011268,1.4247160341179685,0.5987373393423566,8103.083876853112,0.08159151995290617
7,6,b,1,32.96299583227783,8.743502955011268,-2.1476225771201873,7.557213524354021,1417.2346212893563,0.13496803363246815
7,6,c,1,32.96299583227783,8.743502955011268,-2.1476225771201873,7.557213524354021,1417.2346212893563,0.13496803363246815
7,7,b,1,14.590269746748453,8.743502955011268,-0.5861314846168082,3.13099018673978,240.76488479338937,0.19699311475531753
7,7,c,1,10.325488708399885,8.743502955011268,1.454993649907228,0.5601313332772873,8103.08336530214,0.08021924208563708
7,28,b,1,6.745252928272307,8.743502955011268,-4.61214361812274,-0.2382553246385149,0.00012340980413460694,0.9717071846170471
7,28,c,1,6.745252928272307,8.743502955011268,-4.61214361812274,-0.2382553246385149,0.00012340980413460694,0.9717071846170471
7,29,b,1,6.6699387691116705,8.743502955011268,-2.182570332678858,-0.3380686394227528,0.05095216988175607,0.6421451338738595
7,29,c,1,6.6699387691116705,8.743502955011268,-2.182570332678858,-0.3380686394227528,0.05095216988175607,0.6421451338738595
7,30,b,1,34.825875193553365,8.743502955011268,-3.7214894611042055,10.37962085442722,1380.3915365819278,0.172969396350497
7,30,c,1,34.825875193553365,8.743502955011268,-3.7214894611042055,10.37962085442722,1380.3915365819278,0.172969396350497
7,31,b,1,11.09830633732086,8.743502955011268,1.370114221345494,0.7350746084853843,8082.19394276628,0.08242059626002701
7,31,c,1,14.499509747587597,8.743502955011268,1.0886709063083966,1.34135827350687,8103.083914761053,0.08279878032020736
6,272,b,1,8.808418552739477,9.632100992557737,0.8278568528519239,0.3161371777284441,1196.1092686620932,0.16437838782243663
6,272,c,1,8.863633574606578,9.632100992557737,-3.162131989614089,1.217175297879763,0.05156466934853662,0.6080102418270165
6,273,b,1,9.188818308173035,9.632100992557737,1.487121991037994,0.24177394091163817,8101.998596752028,0.0865773405800806
6,273,c,1,9.793563691655113,9.632100992557737,-2.5347962483202067,1.8481833190738879,0.4142007027875334,0.4888379497671078
6,274,b,1,9.600601634067424,9.632100992557737,-4.264894235880796,2.3109349582854124,0.008484808871836927,0.6776304259637093
6,274,c,1,9.4250723488627,9.632100992557737,-2.019830734835701,1.4147643141597945,0.6835695652808259,0.4517093014105988
6,275,b,1,10.12538665740938,9.632100992557737,-6.766563234757095,4.07112222127112,0.00012340980445395302,0.8915352136558763
6,275,c,1,9.289870807418144,9.632100992557737,-2.0300355322096975,1.374644617547386,0.49601519514275183,0.4582483061900533
7,16,b,1,12.520047303705837,8.743502955011268,-9.622177218198011,10.808755240124055,0.00012340980769771193,0.9522604374938868
7,16,c,1,8.602660704871784,8.743502955011268,-4.476440644610538,2.398463996955811,0.002443232354772486,0.7771789771865928
7,17,b,1,12.975923489773857,8.743502955011268,-3.1345208940254845,5.218879653265584,2.4632918997950384,0.4181489251752574
7,17,c,1,12.975923489773857,8.743502955011268,-3.1345208940254845,5.218879653265584,2.4632918997950384,0.4181489251752574
7,18,b,1,7.509551565652715,8.743502955011268,0.5705436307711516,0.18078334385265515,217.26256885240247,0.22416817201812622
7,18,c,1,9.962385508590362,8.743502955011268,0.6031487272441105,1.0059635827277393,848.2149582318252,0.168032276087152
7,19,b,1,8.119904160993109,8.743502955011268,1.367036612384814,0.2691842330431179,2312.1414465992057,0.11114425039572053
7,19,c,1,10.223816686813445,8.743502955011268,-0.12352280750699729,1.5642657943176812,83.36432680092614,0.23346291116928214
7,20,b,1,8.55813810409727,8.743502955011268,-4.008699640203229,2.2958610892199856,0.005544908052970809,0.7259181338271151
7,20,c,1,8.690824478924512,8.743502955011268,-1.4176164574813934,1.4927361813576323,1.2868239754435027,0.41810409409592036
7,21,b,1,36.73580287864388,8.743502955011268,-3.7185319475931564,10.500656470035349,814.2813351162006,0.1638938553911916
7,21,c,1,36.73580287864388,8.743502955011268,-3.7185319475931564,10.500656470035349,814.2813351162006,0.1638938553911916
7,22,b,1,9.078464108816043,8.743502955011268,1.341485631593943,0.46658750741417776,4152.785261200249,0.10321649140137011
7,22,c,1,10.983205391436185,8.743502955011268,1.1447907343712034,0.8877178930465219,3856.9327041085526,0.10354836382355204
7,23,b,1,9.242274676088183,8.743502955011268,1.0904437242949934,0.6130006443665705,1306.8994042165305,0.1275428208721883
7,23,c,1,9.336361769373005,8.743502955011268,0.3869007615754631,0.9844149043278371,180.51280797325805,0.20042870468617988
7,36,b,1,6.889664116432613,8.743502955011268,-4.70421891883029,0.12059251052052054,0.00012340980413692867,0.9692613294194508
7,36,c,1,6.889664116432613,8.743502955011268,-4.70421891883029,0.12059251052052054,0.00012340980413692867,0.9692613294194508
7,37,b,1,7.248775246105136,8.743502955011268,-4.766023975306333,0.6121599416647925,0.00021503763495607633,0.9427591331105313
7,37,c,1,7.248775246105136,8.743502955011268,-4.766023975306333,0.6121599416647925,0.00021503763495607633,0.9427591331105313
7,38,b,1,20.820568292361404,8.743502955011268,-1.8493282539258953,5.895894318625975,250.9960601577953,0.19922071494516333
7,38,c,1,20.820568292361404,8.743502955011268,-1.8493282539258953,5.895894318625975,250.9960601577953,0.19922071494516333
7,39,b,1,8.796061302068413,8.743502955011268,-6.329331241117359,3.505796883095085,0.00012340980413734587,0.9739444123225478
7,39,c,1,8.796061302068413,8.743502955011268,-6.329331241117359,3.505796883095085,0.00012340980413734587,0.9739444123225478
7,44,b,1,5.57838115897391,8.743502955011268,-3.8803783429961385,-1.959698678049634,0.0001234098042064468,0.9763839871583923
7,44,c,1,5.57838115897391,8.743502955011268,-3.8803783429961385,-1.959698678049634,0.0001234098042064468,0.9763839871583923
7,45,b,1,7.031033607765073,8.743502955011268,-4.89623979346307,0.158482673629892,0.00012340980420011573,0.9852013644091342
7,45,c,1,7.031033607765073,8.743502955011268,-4.89623979346307,0.158482673629892,0.00012340980420011573,0.9852013644091342
7,46,b,1,10.389722531123507,8.743502955011268,-8.090226328619796,6.846153383226261,0.00012340980437167544,0.9992210494644392
7,46,c,1,10.389722531123507,8.743502955011268,-8.090226328619796,6.846153383226261,0.00012340980437167544,0.9992210494644392
7,47,b,1,50.597478254937194,8.743502955011268,-3.5598728411670546,10.91337255708514,3270.233637287172,0.11586064310058955
7,47,c,1,50.597478254937194,8.743502955011268,-3.5598728411670546,10.91337255708514,3270.233637287172,0.11586064310058955
7,32,b,1,6.153287194257898,8.743502955011268,-4.2544416418450846,-1.306982608692656,0.00012340980452117505,0.9823352751246865
7,32,c,1,6.153287194257898,8.743502955011268,-4.2544416418450846,-1.306982608692656,0.00012340980452117505,0.9823352751246865
7,33,b,1,8.369602438005609,8.743502955011268,-5.947138610052228,2.3228268064320465,0.0001234098061363527,0.9742905904761325
7,33,c,1,9.385323602557232,8.743502955011268,0.6322973562872234,0.8353267225463279,464.9907850568452,0.17419975128516746
7,34,b,1,10.098881896143817,8.743502955011268,-7.647309471074385,5.973542413034088,0.0001234098041963675,0.9835229040125232
7,34,c,1,10.098881896143817,8.743502955011268,-7.647309471074385,5.973542413034088,0.0001234098041963675,0.9835229040125232
7,35,b,1,0.0036809897770439283,8.743502955011268,2.2591794466058754,-1.1666649174076897,8102.113162400308,0.08100602028321198
7,35,c,1,0.0036809897770439283,8.743502955011268,2.2591794466058754,-1.1666649174076897,8102.113162400308,0.08100602028321198
7,40,b,1,29.50725716347922,8.743502955011268,-0.9020279172331769,5.265614597245255,5212.0697345853,0.1085270430999233
7,40,c,1,29.50725716347922,8.743502955011268,-0.9020279172331769,5.265614597245255,5212.0697345853,0.1085270430999233
7,41,b,1,15.949765553695034,8.743502955011268,0.8042238393997294,1.7838920307044726,5366.901057181541,0.09316737269074178
7,41,c,1,10.732546348207642,8.743502955011268,1.3811181914435722,0.6727740688167198,8103.0838952625945,0.0841880258023449
7,42,b,1,11.115899958418195,8.743502955011268,-8.50418201061306,8.070629849416125,0.0001234098042051885,0.9715250678450064
7,42,c,1,11.115899958418195,8.743502955011268,-8.50418201061306,8.070629849416125,0.0001234098042051885,0.9715250678450064
7,43,b,1,47.571397490755366,8.743502955011268,-3.3684991523158763,10.439064687891808,3607.671545734225,0.11920717411495649
7,43,c,1,47.571397490755366,8.743502955011268,-3.3684991523158763,10.439064687891808,3607.671545734225,0.11920717411495649
7,56,b,1,9.133264780001646,8.743502955011268,-6.462182757101791,4.116018444675818,0.00012340980518594916,0.9534176038302159
7,56,c,1,9.133264780001646,8.743502955011268,-6.462182757101791,4.116018444675818,0.00012340980518594916,0.9534176038302159
7,57,b,1,11.46492364857913,8.743502955011268,-5.29659327113125,6.054195862705384,0.04202353000861842,0.6619561511245284
7,57,c,1,11.46492364857913,8.743502955011268,-5.29659327113125,6.054195862705384,0.04202353000861842,0.6619561511245284
7,58,b,1,11.346487527783578,8.743502955011268,0.6803032282014896,1.2833136626739021,1520.8468847483161,0.1411682458067449
7,58,c,1,11.346487527783578,8.743502955011268,0.6803032282014896,1.2833136626739021,1520.8468847483161,0.1411682458067449
7,59,b,1,11.48692655848538,8.743502955011268,-3.0909112898062046,4.388325839101224,1.4849613527701122,0.4682173127051416
7,59,c,1,11.48692655848538,8.743502955011268,-3.0909112898062046,4.388325839101224,1.4849613527701122,0.4682173127051416
7,60,b,1,-1.639047541296049,8.743502955011268,2.3949028534307564,-1.5482195212341796,8103.083886480964,0.08644495710973066
7,60,c,1,-1.639047541296049,8.743502955011268,2.3949028534307564,-1.5482195212341796,8103.083886480964,0.08644495710973066
7,61,b,1,13.996452419092343,8.743502955011268,-3.407342494096313,6.007412123973046,4.88534219563436,0.407521355649635
7,61,c,1,13.996452419092343,8.743502955011268,-3.407342494096313,6.007412123973046,4.88534219563436,0.407521355649635
7,62,b,1,54.720878594483004,8.743502955011268,-2.1834124100403978,8.477906337657195,6265.282069549971,0.0819690915574164
7,62,c,1,54.720878594483004,8.743502955011268,-2.1834124100403978,8.477906337657195,6265.282069549971,0.0819690915574164
7,63,b,1,12.45496051128289,8.743502955011268,-9.882387752660893,11.046536249281104,0.00012340980464657758,0.9781733079285814
7,63,c,1,12.45496051128289,8.743502955011268,-9.882387752660893,11.046536249281104,0.00012340980464657758,0.9781733079285814
6,284,b,1,10.260662186940765,9.632100992557737,-4.898163251720117,3.162524938278329,0.006341672041091694,0.6980821521444068
6,284,c,1,9.706908062450545,9.632100992557737,-2.5403106039325554,1.7589652926795534,0.29334084071346256,0.4928356527269445
6,285,b,1,8.835286900601902,9.632100992557737,-0.6769716892894124,0.6719138167084974,20.672611202474396,0.3321077685660388
6,285,c,1,9.040304740840208,9.632100992557737,-2.735295965189292,1.3272815283521,0.14815556783047223,0.5497147904644752
6,286,b,1,9.521504571833136,9.632100992557737,-0.8900025973082619,1.122164387380011,5.8018995785784355,0.32804788381812505
6,286,c,1,9.495931872012287,9.632100992557737,-1.8622970103637964,1.36945132453508,0.9136399521227897,0.43166304490684926
6,287,b,1,10.475938810018343,9.632100992557737,-3.7431295725486216,2.880674800819003,0.046745227531512674,0.5728682004744844
6,287,c,1,10.022668404272183,9.632100992557737,-1.2155376296610072,1.4810159314918185,4.214103190143584,0.3451762508745079
7,52,b,1,7.855829719124123,8.743502955011268,-5.495161422631623,1.3749259602784696,0.0001234098047405479,0.9735541353121506
7,52,c,1,10.101103965101352,8.743502955011268,-2.6535420038051023,2.9783095268401074,0.6309339219383836,0.48709625603893897
7,53,b,1,9.297028173067062,8.743502955011268,-6.666929160675297,4.411820730727266,0.00012340980662410965,0.9597802728400159
7,53,c,1,8.365030351459671,8.743502955011268,-0.2860246140112561,0.8981192741309258,16.02754593177792,0.30036719999232747
7,54,b,1,11.244353076954292,8.743502955011268,-8.906511645541448,8.781133762060254,0.0001234098042147241,0.9964249093708906
7,54,c,1,11.244353076954292,8.743502955011268,-8.906511645541448,8.781133762060254,0.0001234098042147241,0.9964249093708906
7,55,b,1,6.725618181391866,8.743502955011268,-4.670833871990999,-0.5337205681740979,0.00012340980427663398,0.9862942079308131
7,55,c,1,6.725618181391866,8.743502955011268,-4.670833871990999,-0.5337205681740979,0.00012340980427663398,0.9862942079308131
7,64,b,1,54.825818706217845,8.743502955011268,-3.6538890178932046,11.23301855287221,8102.52517086329,0.10864147017020351
7,64,c,1,54.825818706217845,8.743502955011268,-3.6538890178932046,11.23301855287221,8102.52517086329,0.10864147017020351
7,65,b,1,46.37603553213755,8.743502955011268,-2.690069101222152,9.143032391031864,6149.84605399943,0.10764834396593181
7,65,c,1,46.37603553213755,8.743502955011268,-2.690069101222152,9.143032391031864,6149.84605399943,0.10764834396593181
7,66,b,1,12.3238582659634,8.743502955011268,-9.998580991001335,10.97358701130732,0.00012340980413142803,0.9980240970773661
7,66,c,1,12.3238582659634,8.743502955011268,-9.998580991001335,10.97358701130732,0.00012340980413142803,0.9980240970773661
7,67,b,1,9.798577062273818,8.743502955011268,1.444953867690527,0.5193737220999863,8061.6469380683575,0.08557225421182926
7,67,c,1,9.69024931039343,8.743502955011268,-1.012239123628526,1.8946012923311883,11.428613498265337,0.33758300594003005
6,288,b,1,9.077342336776441,9.632100992557737,-5.836265184870645,2.059922231870734,0.00040734814772818285,0.8901539317416662
6,288,c,1,9.227924715759897,9.632100992557737,-2.6270861105601946,1.4559975393779583,0.270664757484099,0.5281109297711177
6,289,b,1,9.205119921645975,9.632100992557737,-1.0194216160062155,0.9985007887908526,7.036439920933587,0.35489934104161214
6,289,c,1,9.474304582040746,9.632100992557737,-3.1254159353833333,1.8232250387429891,0.09903505820303113,0.5669493682934066
6,290,b,1,9.227264305683331,9.632100992557737,1.3526560358330229,0.28582480024293433,4729.273985375781,0.10047801038907861
6,290,c,1,9.565454315142233,9.632100992557737,-2.413050402916213,1.6265884514583797,0.3799677563205297,0.4868325774872917
6,291,b,1,9.455921714957594,9.632100992557737,-2.7380624174140467,1.6261449467519529,0.49264796306639724,0.529117666489341
6,291,c,1,9.329802416542483,9.632100992557737,-2.592145702486761,1.5479416156553165,0.235323187582247,0.5179318943210287
6,292,b,1,9.949361800823624,9.632100992557737,-3.1299526572338188,2.1765133001811905,0.09856817095155501,0.5403472704079546
6,292,c,1,9.469185089059895,9.632100992557737,-2.152602875468473,1.4423591462534646,0.4877092059237607,0.4633746384766783
6,293,b,1,9.390080069066316,9.632100992557737,1.5775873275946348,0.25076703630340214,7255.637862816101,0.07475500135274983
6,293,c,1,9.751296903719261,9.632100992557737,-2.016520347211918,1.665256892580256,0.7315232519483462,0.4364589422149185
6,294,b,1,9.736364388401926,9.632100992557737,-3.556978239518102,2.088240560621786,0.0694517828711486,0.5973176016445327
6,294,c,1,9.321220339439822,9.632100992557737,-2.4451401176663694,1.3547598390497417,0.3295215249111096,0.5027792504015307
6,295,b,1,9.68141370283944,9.632100992557737,-1.1554057786466467,1.2939128756344465,5.3399399264356475,0.351474192371516
6,295,c,1,9.447158306136238,9.632100992557737,-1.8661469479219324,1.381353967897728,1.0359720204368021,0.43474854924387785
7,68,b,1,7.594277372704626,8.743502955011268,-5.290330928289149,1.1087319305028562,0.00012340980436491755,0.9756436843154082
7,68,c,1,7.594277372704626,8.743502955011268,-5.290330928289149,1.1087319305028562,0.00012340980436491755,0.9756436843154082
7,69,b,1,9.576107054572082,8.743502955011268,0.8075983092378642,0.8000581200691259,1265.2105095753698,0.15344831808440632
7,69,c,1,9.224461861242668,8.743502955011268,0.9755244101373621,0.6316365613119551,1676.017450834008,0.1410167285850551
7,70,b,1,33.69007871879142,8.743502955011268,-0.6198012735963089,4.9922339555865,8102.941371006563,0.08667133231699811
7,70,c,1,33.69007871879142,8.743502955011268,-0.6198012735963089,4.9922339555865,8102.941371006563,0.08667133231699811
7,71,b,1,10.854951343947894,8.743502955011268,-4.167616789876718,4.648218629799344,0.062462723797950336,0.5937462281352591
7,71,c,1,9.035551538436987,8.743502955011268,0.6125914927357421,0.7869680088326665,267.28977000863216,0.181976520851207
7,80,b,1,9.361999990132432,8.743502955011268,1.5574435760957703,0.4143273126980279,8035.294109679768,0.07729995671455166
7,80,c,1,8.060941557843641,8.743502955011268,-2.241304040332688,1.295489217426293,0.1513756813307419,0.5499607142082745
7,81,b,1,19.157376698094055,8.743502955011268,-3.4622409355313164,7.785470765113791,28.926690718836195,0.3007960416317797
7,81,c,1,19.157376698094055,8.743502955011268,-3.4622409355313164,7.785470765113791,28.926690718836195,0.3007960416317797
7,82,b,1,6.7197637448557686,8.743502955011268,-4.8573376469756395,-0.7141050240186604,0.00012340980417310742,1.023453840849253
7,82,c,1,6.7197637448557686,8.743502955011268,-4.8573376469756395,-0.7141050240186604,0.00012340980417310742,1.023453840849253
7,83,b,1,9.961470144575973,8.743502955011268,-2.6200919611855236,2.939894372966642,0.7959100572290922,0.4908522671276676
7,83,c,1,9.961470144575973,8.743502955011268,-2.6200919611855236,2.939894372966642,0.7959100572290922,0.4908522671276676
7,72,b,1,9.808909000007688,8.743502955011268,1.4207470167281309,0.5177430888550896,7901.949799734721,0.08797748631663789
7,72,c,1,10.57822259328433,8.743502955011268,-1.03722264861924,2.281799051092408,20.022983382640554,0.3126903980007094
7,73,b,1,7.394340641871541,8.743502955011268,1.5317998038558285,0.08794466478799795,4658.3327871922065,0.10052488514269838
7,73,c,1,8.830101605904849,8.743502955011268,-1.548555112812679,1.5929721104706118,2.047721745007282,0.4293215299211063
7,74,b,1,12.610104580792209,8.743502955011268,-10.171750816100879,11.656162175085168,0.0001234098043000552,0.9891227296430777
7,74,c,1,12.610104580792209,8.743502955011268,-10.171750816100879,11.656162175085168,0.0001234098043000552,0.9891227296430777
7,75,b,1,24.228069574914173,8.743502955011268,-3.100573538203421,8.201319116705928,156.47577857974449,0.22295214096488866
7,75,c,1,24.228069574914173,8.743502955011268,-3.100573538203421,8.201319116705928,156.47577857974449,0.22295214096488866
7,48,b,1,10.996246072920526,8.743502955011268,1.1258486878592686,0.8999485806540477,3331.0883221264085,0.10504403602700714
7,48,c,1,10.945910942971949,8.743502955011268,1.383094107451737,0.6994308659770614,8103.083918054867,0.0823632263222946
7,49,b,1,8.188950659691526,8.743502955011268,0.8711711946336207,0.3864704276305959,1198.1733790169997,0.17138172933343243
7,49,c,1,10.961440065887148,8.743502955011268,1.1357770544256558,0.8639673509872146,8103.083921202613,0.1051678045876774
7,50,b,1,9.417949961818222,8.743502955011268,1.2337313441702782,0.5739088681622919,2916.0820674046836,0.11075478333794711
7,50,c,1,11.372376345558923,8.743502955011268,1.362080916447412,0.7614813628391106,8103.0838061896375,0.08115515650623406
7,51,b,1,7.994254299199501,8.743502955011268,-2.021908711041476,1.0048719556656454,0.3154910686241354,0.5290049776343327
7,51,c,1,9.870449313390687,8.743502955011268,0.9279991200811184,0.8206734768870076,1378.6049807032234,0.13646576950882777
7,76,b,1,6.091684930344086,8.743502955011268,-4.174199641185302,-1.2022301782372211,0.0001234098041363151,0.9722368994945635
7,76,c,1,6.091684930344086,8.743502955011268,-4.174199641185302,-1.2022301782372211,0.0001234098041363151,0.9722368994945635
7,77,b,1,20.927550608401567,8.743502955011268,-0.7197219441989754,4.338029306045385,1377.0038185498038,0.1441635347329033
7,77,c,1,20.927550608401567,8.743502955011268,-0.7197219441989754,4.338029306045385,1377.0038185498038,0.1441635347329033
7,78,b,1,10.10207188099455,8.743502955011268,1.2654964148043173,0.6828079778155609,2962.7341627988367,0.10004843670506282
7,78,c,1,8.456645456649126,8.743502955011268,-0.8829582845482291,1.1550458252459808,4.680703563213149,0.3675329389525456
7,79,b,1,15.030673276755953,8.743502955011268,1.1753907525946956,1.2914925607200511,8102.686094763075,0.07402263969413438
7,79,c,1,11.533842114416776,8.743502955011268,1.4144088205130554,0.7511064563096328,8103.083922277598,0.07540027233320228
7,96,b,1,5.269767140644475,8.743502955011268,-1.1298022283840226,-1.6817492458926178,0.12286082576194576,0.5808537799073722
7,96,c,1,5.269767140644475,8.743502955011268,-1.1298022283840226,-1.6817492458926178,0.12286082576194576,0.5808537799073722
7,97,b,1,7.6216668909226515,8.743502955011268,-5.356648483432024,1.2456903292914046,0.0001234098043601142,0.9823806176231804
7,97,c,1,7.6216668909226515,8.743502955011268,-5.356648483432024,1.2456903292914046,0.0001234098043601142,0.9823806176231804
7,98,b,1,15.022318086078847,8.743502955011268,-4.054032798330162,7.137857313924339,1.3944364220468852,0.42274852086415377
7,98,c,1,13.901891088317006,8.743502955011268,1.317836627071078,1.0399882866295802,8103.083914952824,0.06962592243165212
7,99,b,1,7.545905561522833,8.743502955011268,-5.231024400611293,0.9112917171642964,0.00012340980424360983,0.9725563106006948
7,99,c,1,7.545905561522833,8.743502955011268,-5.231024400611293,0.9112917171642964,0.00012340980424360983,0.9725563106006948
6,296,b,1,9.40176320301621,9.632100992557737,1.484281719665801,0.27647074252704296,4823.29433526319,0.08429906789230762
6,296,c,1,9.613385849608635,9.632100992557737,-1.9213341364254921,1.435848936964527,1.001921971786105,0.4332136318875406
6,297,b,1,9.38069995105406,9.632100992557737,-2.154516825927222,1.471639863716712,0.4644798955833864,0.4677861833560303
6,297,c,1,9.26963484029388,9.632100992557737,-2.2522508558115657,1.4048024965506332,0.37866582080943456,0.4839017053557616
6,298,b,1,9.95650841935183,9.632100992557737,-4.103364522074787,2.5183770578477134,0.038933048103636084,0.6399861151006795
6,298,c,1,9.489776816762335,9.632100992557737,-1.9197626176075397,1.415659939743485,0.8880814676565862,0.43829231069640884
6,299,b,1,9.390665105455062,9.632100992557737,-1.8017729260049722,1.3234169005798568,1.1878833270134619,0.4305352929957743
6,299,c,1,9.464769898334692,9.632100992557737,-2.5372126851789836,1.5858682059494043,0.33706041175260354,0.5055166721462776
7,120,b,1,12.61487117907162,8.743502955011268,-10.305108483362158,11.554589805327703,0.00012340980430190456,0.9993342536683357
7,120,c,1,12.61487117907162,8.743502955011268,-10.305108483362158,11.554589805327703,0.00012340980430190456,0.9993342536683357
7,121,b,1,5.6243856059587305,8.743502955011268,-3.9558085333928465,-1.9002571051525912,0.0001234098041743848,0.9909534984172846
7,121,c,1,5.6243856059587305,8.743502955011268,-3.9558085333928465,-1.9002571051525912,0.0001234098041743848,0.9909534984172846
7,122,b,1,12.489397639118598,8.743502955011268,-9.468074633275592,10.746577655847787,0.0002555852363706729,0.9422953020814823
7,122,c,1,12.489397639118598,8.743502955011268,-9.468074633275592,10.746577655847787,0.0002555852363706729,0.9422953020814823
7,123,b,1,7.40277784405435,8.743502955011268,-3.4226063474259316,0.6950462506074073,0.005680367095504477,0.7497152678667054
7,123,c,1,7.40277784405435,8.743502955011268,-3.4226063474259316,0.6950462506074073,0.005680367095504477,0.7497152678667054
7,92,b,1,6.925195077141083,8.743502955011268,1.6096871641715733,-0.03062210751830391,6236.66951503275,0.09634874115035978
7,92,c,1,8.440544516230013,8.743502955011268,-3.1818169811849293,1.7096606239666965,0.039577708590851274,0.6397534177934263
7,93,b,1,10.441617655480599,8.743502955011268,-7.779333421273222,6.726594097734907,0.00012340980493116482,0.9640900018131182
7,93,c,1,10.441617655480599,8.743502955011268,-7.779333421273222,6.726594097734907,0.00012340980493116482,0.9640900018131182
7,94,b,1,5.457880069411731,8.743502955011268,-1.8565291386796638,-1.7812314170283678,0.02248419995606259,0.6852458918912093
7,94,c,1,5.457880069411731,8.743502955011268,-1.8565291386796638,-1.7812314170283678,0.02248419995606259,0.6852458918912093
7,95,b,1,7.016938246458908,8.743502955011268,1.3397453007991538,-0.0184714640823811,2274.658056704202,0.13259317763669073
7,95,c,1,8.91619713759846,8.743502955011268,-0.5566549964183265,1.1870157617283703,25.474449520840757,0.3155185678803039
7,84,b,1,8.313717137764758,8.743502955011268,1.0733105688247422,0.37437985498505344,986.9421792322249,0.14332260652134599
7,84,c,1,10.144620007828449,8.743502955011268,-4.106855504521449,3.8626239644621005,0.039935386930135805,0.6285167121745773
7,85,b,1,49.11067184300417,8.743502955011268,-1.9421796664761881,7.861066903043739,8103.0838180938235,0.08641948980880779
7,85,c,1,49.11067184300417,8.743502955011268,-1.9421796664761881,7.861066903043739,8103.0838180938235,0.08641948980880779
7,86,b,1,13.04578862439294,8.743502955011268,0.8330824115994209,1.4352675286690788,2913.8822507902055,0.11131810476468545
7,86,c,1,14.498250827185242,8.743502955011268,1.062098051426298,1.3594477779296108,8103.0839208039715,0.08466298808559819
7,87,b,1,18.663373701102543,8.743502955011268,-1.1388936595524841,4.605623503285512,457.5432455531593,0.18407243961967582
7,87,c,1,18.663373701102543,8.743502955011268,-1.1388936595524841,4.605623503285512,457.5432455531593,0.18407243961967582
7,124,b,1,6.977747872528224,8.743502955011268,-4.851006939386872,0.07701579286337412,0.0001234098041727045,0.9844515655408327
7,124,c,1,6.977747872528224,8.743502955011268,-4.851006939386872,0.07701579286337412,0.0001234098041727045,0.9844515655408327
7,125,b,1,6.915888711213851,8.743502955011268,-4.667597149470954,-0.09499074050963202,0.00018297820278441684,0.9672853669807292
7,125,c,1,6.915888711213851,8.743502955011268,-4.667597149470954,-0.09499074050963202,0.00018297820278441684,0.9672853669807292
7,126,b,1,9.46938777301383,8.743502955011268,-7.122847061210936,4.832495800050548,0.00012340980442273087,0.9922513549788757
7,126,c,1,9.46938777301383,8.743502955011268,-7.122847061210936,4.832495800050548,0.00012340980442273087,0.9922513549788757
7,127,b,1,37.960686757380195,8.743502955011268,-2.9751724769122623,9.326492185293223,1631.1210610749483,0.1390187026843749
7,127,c,1,37.960686757380195,8.743502955011268,-2.9751724769122623,9.326492185293223,1631.1210610749483,0.1390187026843749
7,88,b,1,8.953006005504061,8.743502955011268,1.5814994710289216,0.3379640722585724,8088.483208616599,0.07809401986185652
7,88,c,1,9.255114270918334,8.743502955011268,0.51508231850611,0.9134619608130006,264.1427912342701,0.18862754536931015
7,89,b,1,15.006690104535899,8.743502955011268,-8.406445498946812,11.999999998449354,0.005067041064664839,0.7135323326294929
7,89,c,1,9.71049805599564,8.743502955011268,0.8117524253819242,0.8828568901835784,428.12479775847,0.14898627882765736
7,90,b,1,9.543418743687495,8.743502955011268,-2.9111739133606918,2.762235829846282,0.2942990180788948,0.5420609052856062
7,90,c,1,8.983778406954427,8.743502955011268,-0.7723002743858685,1.3548473744695886,13.669327302565812,0.3366350932032673
7,91,b,1,10.182243491987606,8.743502955011268,-7.7768053111730735,6.3478968513812895,0.0001234098048303557,0.9883963644062014
7,91,c,1,10.182243491987606,8.743502955011268,-7.7768053111730735,6.3478968513812895,0.0001234098048303557,0.9883963644062014
7,100,b,1,11.991241915221181,8.743502955011268,0.18912441417543802,1.8346610330835573,462.7395781049639,0.17435221056232306
7,100,c,1,10.66960994610752,8.743502955011268,1.3948046673725192,0.654495807539615,8103.083904781757,0.08337873129527039
7,101,b,1,8.113549744842937,8.743502955011268,-5.982230681385177,2.1310005367233478,0.0001234098050196093,1.0097677473752553
7,101,c,1,8.113549744842937,8.743502955011268,-5.982230681385177,2.1310005367233478,0.0001234098050196093,1.0097677473752553
7,102,b,1,6.1798135505284195,8.743502955011268,-4.2780847837379445,-1.1684607360239152,0.00012340980451289423,0.9838421325365401
7,102,c,1,6.1798135505284195,8.743502955011268,-4.2780847837379445,-1.1684607360239152,0.00012340980451289423,0.9838421325365401
7,103,b,1,7.355588716683956,8.743502955011268,1.292446482582907,0.1216773367380743,1345.550740530303,0.13185997813521522
7,103,c,1,9.86545709203958,8.743502955011268,0.8187123201981162,0.9090241032129804,819.0445348512019,0.1471562668911862
7,108,b,1,8.376403906791941,8.743502955011268,1.4733295763778025,0.3053330073178958,3304.29665467081,0.09532632868989983
7,108,c,1,11.798294481560356,8.743502955011268,-0.11037005050213804,2.069880878506499,147.78907048619968,0.2019871328785328
7,109,b,1,7.284669178688774,8.743502955011268,-0.870383228122659,0.2890500598547973,1.6395165605343407,0.417385658043639
7,109,c,1,12.583428250985639,8.743502955011268,-0.48663507659670796,2.5817676216054903,98.18648161313905,0.21966038655586287
7,110,b,1,15.372189906485104,8.743502955011268,0.09155089728746754,2.537714466305218,1600.8393104980164,0.14311131233229293
7,110,c,1,15.372189906485104,8.743502955011268,0.09155089728746754,2.537714466305218,1600.8393104980164,0.14311131233229293
7,111,b,1,14.161885421216812,8.743502955011268,-8.877232789287444,11.984623381552613,0.0041338025135174514,0.789367945417083
7,111,c,1,14.161885421216812,8.743502955011268,-8.877232789287444,11.984623381552613,0.0041338025135174514,0.789367945417083
7,116,b,1,11.864614230329206,8.743502955011268,-9.484077638240867,9.967414741288849,0.00012340980434376526,0.9931960738103603
7,116,c,1,11.864614230329206,8.743502955011268,-9.484077638240867,9.967414741288849,0.00012340980434376526,0.9931960738103603
7,117,b,1,9.651944502583627,8.743502955011268,0.8751622265780292,0.7952451680984742,1048.5029749873904,0.14477868047348705
7,117,c,1,11.193940567984578,8.743502955011268,1.3498667894442264,0.7397350179235567,8103.083919985314,0.08355900073814229
7,118,b,1,45.600910028370954,8.743502955011268,-1.7077855238741697,7.333611630991484,8089.324035181591,0.08792705775995079
7,118,c,1,45.600910028370954,8.743502955011268,-1.7077855238741697,7.333611630991484,8089.324035181591,0.08792705775995079
7,119,b,1,7.275890158520006,8.743502955011268,-5.122083383212759,0.5797228175668037,0.0001234098040943255,0.9906059973697412
7,119,c,1,7.275890158520006,8.743502955011268,-5.122083383212759,0.5797228175668037,0.0001234098040943255,0.9906059973697412
7,104,b,1,8.025809737855253,8.743502955011268,-2.5375486453599416,1.034816021731181,0.08178389305437707,0.5891188664377486
7,104,c,1,9.995805616410928,8.743502955011268,-2.9178799271832463,2.99558841172343,0.2779196123179446,0.5181092466948563
7,105,b,1,48.77047031259711,8.743502955011268,-2.748864260678996,9.348310547485937,4612.713616461513,0.10356815156150251
7,105,c,1,48.77047031259711,8.743502955011268,-2.748864260678996,9.348310547485937,4612.713616461513,0.10356815156150251
7,106,b,1,55.93795340277126,8.743502955011268,-2.222243140664793,8.575167845009787,8103.08370011349,0.08088140680352396
7,106,c,1,55.93795340277126,8.743502955011268,-2.222243140664793,8.575167845009787,8103.08370011349,0.08088140680352396
7,107,b,1,7.156337454095009,8.743502955011268,0.9586966243032995,0.05329837377242877,424.27364017268786,0.18061978036259277
7,107,c,1,9.039868928481882,8.743502955011268,-3.6319418855988657,2.578525032079852,0.032051753591912854,0.6498577511211515
7,112,b,1,9.436267087298944,8.743502955011268,0.7845131710807465,0.8046499302692789,671.1811269215717,0.15724382944466755
7,112,c,1,10.409355123494265,8.743502955011268,1.4530724155381192,0.5807566956521193,8103.083811756073,0.07976105383421271
7,113,b,1,64.12473561356009,8.743502955011268,-3.598404303117675,11.358581524313962,8096.520241258585,0.09202168368159214
7,113,c,1,64.12473561356009,8.743502955011268,-3.598404303117675,11.358581524313962,8096.520241258585,0.09202168368159214
7,114,b,1,11.319533021925642,8.743502955011268,1.1027196698785349,0.9715115895336903,2974.434034011613,0.10402212015978217
7,114,c,1,9.490095250997525,8.743502955011268,1.5488050321313864,0.4233340525222478,8103.083910083805,0.07719569356956615
7,115,b,1,10.77060478737273,8.743502955011268,-8.475305530933465,7.926448972598687,0.00012340980413382146,0.9999700702955874
7,115,c,1,10.77060478737273,8.743502955011268,-8.475305530933465,7.926448972598687,0.00012340980413382146,0.9999700702955874
7,128,b,1,21.637062173080146,8.743502955011268,-1.1916604651586233,5.070818636500414,1646.4197282483053,0.16135333436452862
7,128,c,1,21.637062173080146,8.743502955011268,-1.1916604651586233,5.070818636500414,1646.4197282483053,0.16135333436452862
7,129,b,1,6.456684682676995,8.743502955011268,1.4043644633000325,-0.15212201601245684,1761.3101140414346,0.13302383943988985
7,129,c,1,7.932449186042119,8.743502955011268,-1.7473107198271647,0.9111694063296168,0.5192489607763099,0.4981993046972284
7,130,b,1,5.674928426596035,8.743502955011268,-3.9466281572229747,-1.8261982395631353,0.00012340980432458767,0.9794390721743191
7,130,c,1,5.674928426596035,8.743502955011268,-3.9466281572229747,-1.8261982395631353,0.00012340980432458767,0.9794390721743191
7,131,b,1,10.142057922186574,8.743502955011268,1.0283314031759723,0.8208305685976238,2273.834903820233,0.12329729364939987
7,131,c,1,10.097919017977317,8.743502955011268,-0.2925972320110062,1.6312199377055143,74.56443426507266,0.2535331885099407
7,132,b,1,32.84912709258745,8.743502955011268,-3.9917084405633876,10.679407960163292,404.75809903837467,0.1916008757261404
7,132,c,1,32.84912709258745,8.743502955011268,-3.9917084405633876,10.679407960163292,404.75809903837467,0.1916008757261404
7,133,b,1,9.45907744160209,8.743502955011268,-7.379494216805694,4.88992085363978,0.00012340980423847724,1.021169247715682
7,133,c,1,9.45907744160209,8.743502955011268,-7.379494216805694,4.88992085363978,0.00012340980423847724,1.021169247715682
7,134,b,1,8.335200294947063,8.743502955011268,1.0000162933180565,0.4237347322089102,1005.510045604498,0.1521054482189063
7,134,c,1,8.94748311527539,8.743502955011268,0.6662849254710085,0.7252594277699242,453.9597754168191,0.17873954727553254
7,135,b,1,10.214401097504938,8.743502955011268,1.5016849809786008,0.555645683209869,8103.083347768043,0.07643028752344519
7,135,c,1,10.214401097504938,8.743502955011268,1.5016849809786008,0.555645683209869,8103.083347768043,0.07643028752344519
7,140,b,1,11.677821565810268,8.743502955011268,-6.615083676514201,7.4089281047935565,0.0031841258340265122,0.7628173589909647
7,140,c,1,9.420288167466238,8.743502955011268,0.6194224317583914,0.9267199558559682,289.3406327298314,0.173975892595976
7,141,b,1,10.580597692031095,8.743502955011268,-8.108324719910357,7.077643326410607,0.00012340980468684035,0.9829244716141522
7,141,c,1,10.580597692031095,8.743502955011268,-8.108324719910357,7.077643326410607,0.00012340980468684035,0.9829244716141522
7,142,b,1,7.71730650766122,8.743502955011268,-4.029380820774676,1.0879355541364824,0.0031619472467174074,0.8038910083677696
7,142,c,1,7.71730650766122,8.743502955011268,-4.029380820774676,1.0879355541364824,0.0031619472467174074,0.8038910083677696
7,143,b,1,20.422208466534745,8.743502955011268,0.118304055410282,3.08425781274582,4294.996930337539,0.1066153382536755
7,143,c,1,20.422208466534745,8.743502955011268,0.118304055410282,3.08425781274582,4294.996930337539,0.1066153382536755
7,144,b,1,7.391661863614829,8.743502955011268,-2.4548346679582838,0.6114487055413418,0.050445949663984094,0.622677391144146
7,144,c,1,7.391661863614829,8.743502955011268,-2.4548346679582838,0.6114487055413418,0.050445949663984094,0.622677391144146
7,145,b,1,8.015313103966982,8.743502955011268,1.332393933174727,0.25056849222643984,2103.7801302110583,0.11686441489200342
7,145,c,1,9.713687944443164,8.743502955011268,-3.1049629055280215,2.976651629701202,0.15351091143082873,0.5519207878326895
7,146,b,1,8.423496404794983,8.743502955011268,-4.300841838635005,2.222427289994994,0.004446377182938614,0.7741506460055876
7,146,c,1,8.423496404794983,8.743502955011268,-4.300841838635005,2.222427289994994,0.004446377182938614,0.7741506460055876
7,147,b,1,7.412155412798162,8.743502955011268,-1.955796415314293,0.49310249369615733,0.21225314153715952,0.5577370688882106
7,147,c,1,7.412155412798162,8.743502955011268,-1.955796415314293,0.49310249369615733,0.21225314153715952,0.5577370688882106
7,148,b,1,46.18960028032461,8.743502955011268,-3.615239930542508,10.840990543142304,2132.9073396507983,0.1281151784526303
7,148,c,1,46.18960028032461,8.743502955011268,-3.615239930542508,10.840990543142304,2132.9073396507983,0.1281151784526303
7,149,b,1,44.282465946505184,8.743502955011268,-1.1761894645850899,6.328486349412023,8103.0832460587,0.07852737682154287
7,149,c,1,44.282465946505184,8.743502955011268,-1.1761894645850899,6.328486349412023,8103.0832460587,0.07852737682154287
7,150,b,1,8.590604578099327,8.743502955011268,1.5896862603613338,0.2702776775494008,8103.012494229309,0.08041682617166555
7,150,c,1,8.814371564024055,8.743502955011268,-0.41181369699837683,1.1064493227689767,19.93457723837059,0.3011308068004642
7,151,b,1,10.564669860886806,8.743502955011268,-7.941870662744776,7.094521999820653,0.00012340980419463569,0.9684623999265514
7,151,c,1,10.564669860886806,8.743502955011268,-7.941870662744776,7.094521999820653,0.00012340980419463569,0.9684623999265514
7,160,b,1,6.4483962386702744,8.743502955011268,-1.3632669810803397,-0.42649724017774004,0.28113118770220313,0.5382157252070329
7,160,c,1,6.4483962386702744,8.743502955011268,-1.3632669810803397,-0.42649724017774004,0.28113118770220313,0.5382157252070329
7,161,b,1,9.099805487592594,8.743502955011268,0.8511151869174367,0.7170800761130365,766.1371249094826,0.155737135502872
7,161,c,1,10.548310094964972,8.743502955011268,1.4197626327614672,0.6363479943564903,8103.083897840871,0.08192796695162047
7,162,b,1,18.108926538953597,8.743502955011268,-4.606877380077479,9.01023936746267,7.031985837722261,0.3814658370673264
7,162,c,1,18.108926538953597,8.743502955011268,-4.606877380077479,9.01023936746267,7.031985837722261,0.3814658370673264
7,163,b,1,5.217862052502384,8.743502955011268,-1.7817774099868302,-1.9580293201493544,0.01801211711713944,0.6863656918680239
7,163,c,1,5.217862052502384,8.743502955011268,-1.7817774099868302,-1.9580293201493544,0.01801211711713944,0.6863656918680239
7,136,b,1,11.035053478338456,8.743502955011268,-5.548681917731477,5.9109775011648225,0.00791693623918347,0.7098776454185702
7,136,c,1,10.873545422740653,8.743502955011268,1.5308838703803023,0.5914204224177553,8103.08390466272,0.06905676962687572
7,137,b,1,21.234602380619062,8.743502955011268,-1.7500667372152527,5.806841791084686,298.5653228254435,0.19065939372166144
7,137,c,1,21.234602380619062,8.743502955011268,-1.7500667372152527,5.806841791084686,298.5653228254435,0.19065939372166144
7,138,b,1,9.968794170589419,8.743502955011268,-7.505752675393817,5.868039547727233,0.00012340980418194987,0.981891777324413
7,138,c,1,9.968794170589419,8.743502955011268,-7.505752675393817,5.868039547727233,0.00012340980418194987,0.981891777324413
7,139,b,1,9.91652565410335,8.743502955011268,1.1863686473895592,0.6902343605008598,1919.4653451151742,0.10950629884026424
7,139,c,1,8.790716401282518,8.743502955011268,0.31002026261984506,0.8406050585721629,100.87680156944349,0.22040943568217897
7,156,b,1,8.19335150544968,8.743502955011268,1.2443699507503125,0.31737830592313365,1779.9797522085134,0.12508651227879453
7,156,c,1,8.903756441456231,8.743502955011268,-1.7825720052007086,1.7190954539568328,1.1161998714599723,0.45156748068542507
7,157,b,1,5.712060834024339,8.743502955011268,-4.091844260010491,-1.9801642036128255,0.00012340991800009906,1.0143380061438132
7,157,c,1,5.712060834024339,8.743502955011268,-4.091844260010491,-1.9801642036128255,0.00012340991800009906,1.0143380061438132
7,158,b,1,7.652190244400952,8.743502955011268,-4.241570939162155,1.021790746057273,0.0012056530658090927,0.8332854819445007
7,158,c,1,8.503997399558603,8.743502955011268,-1.3664128890655023,1.2773443461190603,1.7854232081867412,0.4223508913902931
7,159,b,1,10.543016627491477,8.743502955011268,-8.304425249048169,7.215422027472201,0.00012340980435412646,1.0052136641694933
7,159,c,1,10.543016627491477,8.743502955011268,-8.304425249048169,7.215422027472201,0.00012340980435412646,1.0052136641694933
7,164,b,1,47.87179973603906,8.743502955011268,-4.072679452623706,11.75272159956602,2185.7965127220345,0.13317061288438162
7,164,c,1,47.87179973603906,8.743502955011268,-4.072679452623706,11.75272159956602,2185.7965127220345,0.13317061288438162
7,165,b,1,5.974707901592844,8.743502955011268,-1.2912595213056757,-0.8742840184922072,0.16018718812124594,0.5550660433755692
7,165,c,1,5.974707901592844,8.743502955011268,-1.2912595213056757,-0.8742840184922072,0.16018718812124594,0.5550660433755692
7,166,b,1,9.307802341184871,8.743502955011268,1.2171291243003237,0.531290117213788,3583.586624834057,0.1141613790907153
7,166,c,1,8.060787624394095,8.743502955011268,-0.6254444991689496,0.6821265149057688,10.038496266914802,0.35475547074896857
7,167,b,1,5.211055501179205,8.743502955011268,-1.1167198416132804,-1.8440413237493667,0.12699806188965995,0.5851322403323161
7,167,c,1,5.211055501179205,8.743502955011268,-1.1167198416132804,-1.8440413237493667,0.12699806188965995,0.5851322403323161
7,172,b,1,32.31767814841815,8.743502955011268,-1.809411564238819,6.944369070853945,3349.177372813853,0.1272012778610132
7,172,c,1,32.31767814841815,8.743502955011268,-1.809411564238819,6.944369070853945,3349.177372813853,0.1272012778610132
7,173,b,1,7.777248171805857,8.743502955011268,1.5649464202222858,0.17714901960786822,3781.8935429826547,0.09079357002783996
7,173,c,1,10.762464863606839,8.743502955011268,-1.3928048623655964,2.6911525576702586,6.8323289926994235,0.339781193625393
7,174,b,1,26.56446364674412,8.743502955011268,-1.0392163752988535,5.272663132195964,2345.5196865371768,0.12568826991196289
7,174,c,1,26.56446364674412,8.743502955011268,-1.0392163752988535,5.272663132195964,2345.5196865371768,0.12568826991196289
7,175,b,1,7.8569823418405615,8.743502955011268,-5.476260727910095,1.6056507319349056,0.00021211759968554702,0.9752423521038451
7,175,c,1,7.8569823418405615,8.743502955011268,-5.476260727910095,1.6056507319349056,0.00021211759968554702,0.9752423521038451
7,152,b,1,39.85608565858204,8.743502955011268,-0.8700676991610661,5.656293592844883,8103.083760238132,0.07955539848599136
7,152,c,1,39.85608565858204,8.743502955011268,-0.8700676991610661,5.656293592844883,8103.083760238132,0.07955539848599136
7,153,b,1,6.835797132686248,8.743502955011268,-4.784449358569994,-0.224079164307558,0.0001234098042092436,0.9923162894947835
7,153,c,1,6.835797132686248,8.743502955011268,-4.784449358569994,-0.224079164307558,0.0001234098042092436,0.9923162894947835
7,154,b,1,8.638676598428333,8.743502955011268,1.3885038721363063,0.3539898998045711,2999.370900845832,0.10237882583806247
7,154,c,1,8.871962364616683,8.743502955011268,-1.5253594345293435,1.5697330525353093,1.5178032970830628,0.42340117870523225
7,155,b,1,14.095398098533106,8.743502955011268,-5.7508029252448285,8.507496475814712,0.09902121498290889,0.571058174266062
7,155,c,1,10.58367269576062,8.743502955011268,1.526016249308401,0.5625711755201253,8103.083892288714,0.07141760767912991
7,168,b,1,8.768564360450895,8.743502955011268,0.6026387399625172,0.6874357043103638,362.77981579695984,0.1894354312739264
7,168,c,1,9.175657479398675,8.743502955011268,0.7664442003420527,0.7368369745547176,688.3336300427235,0.16379202396424805
7,169,b,1,32.797286894565126,8.743502955011268,-0.9370281356806401,5.4763860593696165,8101.151990254516,0.09872307933085551
7,169,c,1,32.797286894565126,8.743502955011268,-0.9370281356806401,5.4763860593696165,8101.151990254516,0.09872307933085551
7,170,b,1,4.605624628948107,8.743502955011268,1.7666036816781197,-0.5649315212037764,4679.322891431809,0.10884946446754698
7,170,c,1,4.605624628948107,8.743502955011268,1.7666036816781197,-0.5649315212037764,4679.322891431809,0.10884946446754698
7,171,b,1,5.684317542536045,8.743502955011268,-3.9914101583129895,-1.9559400669846143,0.00012340980451570682,0.9908330165207312
7,171,c,1,5.684317542536045,8.743502955011268,-3.9914101583129895,-1.9559400669846143,0.00012340980451570682,0.9908330165207312
7,180,b,1,6.930802245888075,8.743502955011268,1.6860742269723352,-0.0036852825375499913,8102.909483782016,0.08544580712637116
7,180,c,1,11.441844908890864,8.743502955011268,-0.48515394493198427,2.2606333023691727,92.028800839734,0.24137136405418283
7,181,b,1,7.65874351913574,8.743502955011268,-5.607067557318889,1.1642590911468682,0.00012340980411166579,1.015284368809332
7,181,c,1,7.65874351913574,8.743502955011268,-5.607067557318889,1.1642590911468682,0.00012340980411166579,1.015284368809332
7,182,b,1,6.822844877550992,8.743502955011268,-1.778941433688785,-0.23204559036165373,0.2170519074836809,0.576710978624245
7,182,c,1,6.822844877550992,8.743502955011268,-1.778941433688785,-0.23204559036165373,0.2170519074836809,0.576710978624245
7,183,b,1,9.168543681179601,8.743502955011268,-2.727651262167597,2.428788046993028,0.3403421814954007,0.5436880758260454
7,183,c,1,9.168543681179601,8.743502955011268,-2.727651262167597,2.428788046993028,0.3403421814954007,0.5436880758260454
7,176,b,1,12.389426098431269,8.743502955011268,-10.12599547795929,11.041226883885683,0.000123409804236759,1.0030424591868592
7,176,c,1,12.389426098431269,8.743502955011268,-10.12599547795929,11.041226883885683,0.000123409804236759,1.0030424591868592
7,177,b,1,10.320761338895618,8.743502955011268,-7.899735540812905,6.333228991720968,0.00012340980423585426,0.9872132394818978
7,177,c,1,9.013167350273765,8.743502955011268,-2.6131038765301406,2.0286718172067992,0.29543803732141566,0.539326356577455
7,178,b,1,6.5042676733109275,8.743502955011268,-4.6533265192857405,-1.0550078701658339,0.00012340980415648047,1.0162535336632834
7,178,c,1,6.5042676733109275,8.743502955011268,-4.6533265192857405,-1.0550078701658339,0.00012340980415648047,1.0162535336632834
7,179,b,1,33.572148382981226,8.743502955011268,-0.5279882572325838,4.833324372505793,8068.3309007453645,0.08423388152865824
7,179,c,1,33.572148382981226,8.743502955011268,-0.5279882572325838,4.833324372505793,8068.3309007453645,0.08423388152865824
7,196,b,1,9.04032538341336,8.743502955011268,-2.061995073137849,2.0698367597489384,0.9923167278554232,0.47706661495380376
7,196,c,1,9.04032538341336,8.743502955011268,-2.061995073137849,2.0698367597489384,0.9923167278554232,0.47706661495380376
7,197,b,1,5.974294559294508,8.743502955011268,-4.090709898975277,-1.3015706999289787,0.00012340980418622092,0.9695143036906444
7,197,c,1,5.974294559294508,8.743502955011268,-4.090709898975277,-1.3015706999289787,0.00012340980418622092,0.9695143036906444
7,198,b,1,9.201837493954711,8.743502955011268,-7.054177831729318,4.25148149431657,0.0001234098051718724,1.0134120074821533
7,198,c,1,9.201837493954711,8.743502955011268,-7.054177831729318,4.25148149431657,0.0001234098051718724,1.0134120074821533
7,199,b,1,12.182463679945055,8.743502955011268,0.5889403149566041,1.5039841520309163,1253.9023767622432,0.13897196475432003
7,199,c,1,11.041740334612149,8.743502955011268,1.3662578850775622,0.7057261748814638,8103.083909927788,0.08320033027242492
7,200,b,1,6.273126638592791,8.743502955011268,-2.986746074043872,-0.6997550178313953,0.0026055452729097576,0.7797402288232838
7,200,c,1,8.951597845030685,8.743502955011268,-2.489442619060619,2.1652665351234437,0.21042827988979998,0.5271412088088441
7,201,b,1,39.931621538664075,8.743502955011268,-3.928240223587528,11.09260230194623,1225.762091367353,0.1560316684927785
7,201,c,1,39.931621538664075,8.743502955011268,-3.928240223587528,11.09260230194623,1225.762091367353,0.1560316684927785
7,202,b,1,12.70094241801832,8.743502955011268,-9.18398312995117,10.84279766695117,0.00046746608626795045,0.9042355590570565
7,202,c,1,12.70094241801832,8.743502955011268,-9.18398312995117,10.84279766695117,0.00046746608626795045,0.9042355590570565
7,203,b,1,21.358887518423536,8.743502955011268,0.3071757771063012,2.882557006324377,8103.083766563129,0.09313633111012946
7,203,c,1,21.358887518423536,8.743502955011268,0.3071757771063012,2.882557006324377,8103.083766563129,0.09313633111012946
7,220,b,1,5.7104378688255935,8.743502955011268,-3.0097589465655594,-1.7168730679958486,0.0015899017337142481,0.8434271983214632
7,220,c,1,5.7104378688255935,8.743502955011268,-3.0097589465655594,-1.7168730679958486,0.0015899017337142481,0.8434271983214632
7,221,b,1,5.89037989531762,8.743502955011268,-4.107461607976314,-1.521370867241603,0.00012340980451507766,0.9878171762194912
7,221,c,1,5.89037989531762,8.743502955011268,-4.107461607976314,-1.521370867241603,0.00012340980451507766,0.9878171762194912
7,222,b,1,8.732787543981527,8.743502955011268,-3.535759684617627,2.3919624030158744,0.049533320282328645,0.6624798729664947
7,222,c,1,8.732787543981527,8.743502955011268,-3.535759684617627,2.3919624030158744,0.049533320282328645,0.6624798729664947
7,223,b,1,11.643884225795235,8.743502955011268,-0.5435047643406302,2.3547346528624287,97.59727308584635,0.24238205059772905
7,223,c,1,11.643884225795235,8.743502955011268,-0.5435047643406302,2.3547346528624287,97.59727308584635,0.24238205059772905
7,184,b,1,8.633720963419908,8.743502955011268,1.5267249577144408,0.30544984080776405,5053.55500723085,0.0868246221080294
7,184,c,1,9.590033309703434,8.743502955011268,-2.621156912116235,2.629019123595047,0.2746861601343391,0.5075602783396362
7,185,b,1,36.01863628649655,8.743502955011268,-2.075539026569076,7.61600462506566,1500.6271347000968,0.1215151863825794
7,185,c,1,36.01863628649655,8.743502955011268,-2.075539026569076,7.61600462506566,1500.6271347000968,0.1215151863825794
7,186,b,1,7.628194689339998,8.743502955011268,-5.565131034772207,1.1021452707201216,0.00012340980410598974,1.013102431430211
7,186,c,1,7.628194689339998,8.743502955011268,-5.565131034772207,1.1021452707201216,0.00012340980410598974,1.013102431430211
7,187,b,1,8.277319609102666,8.743502955011268,-0.4932629479816727,0.7858104480619775,22.441888302033973,0.3314619094340132
7,187,c,1,8.83862590570383,8.743502955011268,-1.5789840632955277,1.5144013778672438,2.9561300516770253,0.4336618216554447
7,188,b,1,7.128223041896179,8.743502955011268,0.03312947891257803,0.07248512143149494,27.528611830434507,0.307178199458273
7,188,c,1,10.586422236671961,8.743502955011268,-1.1315939351856814,2.373709949848525,19.010963136474018,0.3215631320292509
7,189,b,1,8.391486769400288,8.743502955011268,1.4053375483196775,0.3249478763333604,2726.864107136578,0.10315323360581492
7,189,c,1,11.173996667708145,8.743502955011268,-0.2355007985512818,1.981186940406457,92.9759693260497,0.2241701960211415
7,190,b,1,17.488916075402987,8.743502955011268,-0.787496071846626,3.9354505593890554,628.7963603679731,0.17626752719270447
7,190,c,1,17.488916075402987,8.743502955011268,-0.787496071846626,3.9354505593890554,628.7963603679731,0.17626752719270447
7,191,b,1,45.227391185714346,8.743502955011268,-3.7964817350718825,11.146227018120989,1347.0525760482742,0.1348479048149937
7,191,c,1,45.227391185714346,8.743502955011268,-3.7964817350718825,11.146227018120989,1347.0525760482742,0.1348479048149937
7,216,b,1,8.98743144945526,8.743502955011268,1.5390399701435271,0.3495126981503386,6792.553535526878,0.0824073959185142
7,216,c,1,8.59089133221471,8.743502955011268,-3.1140449167243087,1.9238173077515097,0.04202786390302131,0.6202902333786404
7,217,b,1,6.679629338459311,8.743502955011268,-3.223837337595151,-0.6685106108039381,0.008133280208293127,0.8006135784456323
7,217,c,1,6.679629338459311,8.743502955011268,-3.223837337595151,-0.6685106108039381,0.008133280208293127,0.8006135784456323
7,218,b,1,12.548844029705691,8.743502955011268,-6.857037493420979,8.31885864939765,0.009484069881454164,0.7295687694414119
7,218,c,1,12.548844029705691,8.743502955011268,-6.857037493420979,8.31885864939765,0.009484069881454164,0.7295687694414119
7,219,b,1,7.1862445064444875,8.743502955011268,-4.994187656535367,0.3676241958186536,0.0001234098043847826,0.9810633835987105
7,219,c,1,7.1862445064444875,8.743502955011268,-4.994187656535367,0.3676241958186536,0.0001234098043847826,0.9810633835987105
7,212,b,1,18.631159034244003,8.743502955011268,0.8130541724451299,1.9969394431047163,8103.083688775793,0.07940353023413563
7,212,c,1,18.631159034244003,8.743502955011268,0.8130541724451299,1.9969394431047163,8103.083688775793,0.07940353023413563
7,213,b,1,14.323933549185366,8.743502955011268,0.5565269952026641,1.8656662073216497,3323.5341344582835,0.12104176239600348
7,213,c,1,14.323933549185366,8.743502955011268,0.5565269952026641,1.8656662073216497,3323.5341344582835,0.12104176239600348
7,214,b,1,39.81844732574111,8.743502955011268,-0.9724867247552311,5.823178143173376,8103.083879025017,0.08220735923514526
7,214,c,1,39.81844732574111,8.743502955011268,-0.9724867247552311,5.823178143173376,8103.083879025017,0.08220735923514526
7,215,b,1,8.624033013783745,8.743502955011268,1.543189730222774,0.3092021550082646,8102.088324321855,0.08561274255619174
7,215,c,1,8.178308607541611,8.743502955011268,-0.4311637488286966,0.8299829511938595,16.37473233927926,0.3263129367677015
7,236,b,1,12.524575059278966,8.743502955011268,-10.451835656061691,11.556472809739075,0.00012340980443196003,1.0182674124173023
7,236,c,1,12.524575059278966,8.743502955011268,-10.451835656061691,11.556472809739075,0.00012340980443196003,1.0182674124173023
7,237,b,1,14.765711949988864,8.743502955011268,-0.541827298692982,3.1410977148782138,468.1405437331018,0.19189845037834394
7,237,c,1,14.765711949988864,8.743502955011268,-0.541827298692982,3.1410977148782138,468.1405437331018,0.19189845037834394
7,238,b,1,56.55402651603477,8.743502955011268,-1.930076079411085,8.037050475375837,8100.631435967439,0.07483123516716687
7,238,c,1,56.55402651603477,8.743502955011268,-1.930076079411085,8.037050475375837,8100.631435967439,0.07483123516716687
7,239,b,1,9.887876030183293,8.743502955011268,-5.229742433678391,4.479946573319706,0.004438378656291826,0.7584798397012709
7,239,c,1,9.887876030183293,8.743502955011268,-5.229742433678391,4.479946573319706,0.004438378656291826,0.7584798397012709
7,204,b,1,6.590320640430662,8.743502955011268,0.10165190216649278,-0.2050703987796732,18.7116849935108,0.3182346245839298
7,204,c,1,6.590320640430662,8.743502955011268,0.10165190216649278,-0.2050703987796732,18.7116849935108,0.3182346245839298
7,205,b,1,10.129619628426568,8.743502955011268,-6.31850092330783,5.320328467961534,0.001025726477504391,0.8488251846702367
7,205,c,1,9.658957042367653,8.743502955011268,-1.75037850408901,2.2473524661980093,2.1642912702521624,0.41465308508632664
7,206,b,1,7.9670380198220485,8.743502955011268,1.670114033917267,0.1641110383411269,7842.842725971843,0.07633447447230653
7,206,c,1,8.602013372399256,8.743502955011268,-1.3199700379717667,1.333825269777504,1.8784545455716257,0.4119482333705877
7,207,b,1,6.488947912942489,8.743502955011268,-4.526351631456858,-0.9934884660329376,0.00012340980471479222,0.9919532505168829
7,207,c,1,6.488947912942489,8.743502955011268,-4.526351631456858,-0.9934884660329376,0.00012340980471479222,0.9919532505168829
7,208,b,1,9.246497458612904,8.743502955011268,0.6869591279236078,0.7937171785935351,604.6395139788007,0.1711857334085644
7,208,c,1,9.845939072375616,8.743502955011268,-3.277741359325728,3.1862963633910564,0.15933890031257603,0.5628757285458936
7,209,b,1,12.868871985652596,8.743502955011268,-10.372108058694668,11.883719846390107,0.00012340980420754815,0.9848222572376562
7,209,c,1,12.868871985652596,8.743502955011268,-10.372108058694668,11.883719846390107,0.00012340980420754815,0.9848222572376562
7,210,b,1,8.749472072566144,8.743502955011268,1.4753575232155627,0.36587201190182117,4643.4079612335345,0.09157389950219168
7,210,c,1,10.716104821365645,8.743502955011268,1.4630738756250175,0.627146978851327,8103.083905198031,0.07652651635372741
7,211,b,1,8.438596143590145,8.743502955011268,-6.163236421987067,2.818764468659377,0.0001234098044987381,0.9941266394707439
7,211,c,1,8.438596143590145,8.743502955011268,-6.163236421987067,2.818764468659377,0.0001234098044987381,0.9941266394707439
7,192,b,1,35.20862877947999,8.743502955011268,-1.5761499231733502,6.687360669075074,5311.732898309295,0.11013167502127405
7,192,c,1,35.20862877947999,8.743502955011268,-1.5761499231733502,6.687360669075074,5311.732898309295,0.11013167502127405
7,193,b,1,8.047251518275862,8.743502955011268,1.665468918143407,0.19372949643643306,5868.56954475856,0.0756956383605428
7,193,c,1,9.652824797370002,8.743502955011268,-2.0360633625592612,2.4556100747836727,0.8463651312274207,0.4435127952547015
7,194,b,1,8.742791085240357,8.743502955011268,1.0496536685064344,0.5211915010440888,1245.421261783296,0.13955819514710774
7,194,c,1,10.033786583096507,8.743502955011268,-0.590975859025886,1.7963470539031223,34.1421518625744,0.28455401969553623
7,195,b,1,11.303271559021557,8.743502955011268,0.9888725440649657,1.0474900248070496,4245.371649975061,0.11474488504747082
7,195,c,1,10.499681148695297,8.743502955011268,1.2883483953779862,0.7061871737721326,8103.083886630229,0.09504182509092338
7,224,b,1,8.680802595816605,8.743502955011268,-2.1188640248315833,1.6308705534504777,0.534793528421304,0.501666503198804
7,224,c,1,8.680802595816605,8.743502955011268,-2.1188640248315833,1.6308705534504777,0.534793528421304,0.501666503198804
7,225,b,1,8.099258795686769,8.743502955011268,-5.82038988894045,2.267816426217342,0.0001234098041557728,0.9895732788156453
7,225,c,1,8.099258795686769,8.743502955011268,-5.82038988894045,2.267816426217342,0.0001234098041557728,0.9895732788156453
7,226,b,1,8.764001993488801,8.743502955011268,0.8126064932969626,0.5933067665154259,735.4212803715467,0.1661683434624602
7,226,c,1,10.501664001952294,8.743502955011268,-0.5249390654954541,1.9032116987969814,61.647976686294676,0.2663378204988612
7,227,b,1,10.531757830856137,8.743502955011268,-1.9423944311213521,2.8930230138211117,3.4691004886083636,0.40010299375620034
7,227,c,1,8.619353763609483,8.743502955011268,0.8402669044618261,0.5624803784753667,594.4568291554727,0.16518735968854692
7,228,b,1,12.551101542403927,8.743502955011268,-10.367018260525825,11.840987490898346,0.00012340980419667136,1.009350126819184
7,228,c,1,12.551101542403927,8.743502955011268,-10.367018260525825,11.840987490898346,0.00012340980419667136,1.009350126819184
7,229,b,1,13.370025149222068,8.743502955011268,-7.803817274664503,9.985124243142366,0.0038445979816905955,0.7557004897069002
7,229,c,1,10.888880486917326,8.743502955011268,1.3800503562972017,0.693989329883797,4930.041706678338,0.08261563473537938
7,230,b,1,8.22741308739092,8.743502955011268,1.0611872819966437,0.37292145512810615,1156.5443073379095,0.1467001479418169
7,230,c,1,9.090619492444505,8.743502955011268,-1.6214627976957008,1.7760072143908252,2.176645107188823,0.4256886227442403
7,231,b,1,7.685302869822725,8.743502955011268,-4.901008547809883,1.1427992666897997,0.0005958069909195261,0.9212599782484177
7,231,c,1,7.685302869822725,8.743502955011268,-4.901008547809883,1.1427992666897997,0.0005958069909195261,0.9212599782484177
7,232,b,1,8.764669820738526,8.743502955011268,1.47859091455044,0.36065732211647716,4295.805802210117,0.09091851516287049
7,232,c,1,10.181057085750156,8.743502955011268,1.427293501810423,0.5843608131887966,5426.417186430073,0.08372069756468974
7,233,b,1,8.484411663147993,8.743502955011268,-2.304358079398877,1.4578385086673227,0.29646845409538697,0.5342341318201118
7,233,c,1,10.164975060868558,8.743502955011268,0.6147069292207636,1.0519757710411324,710.6509688063438,0.16328307490903907
7,234,b,1,6.543777263472349,8.743502955011268,-2.017402393651595,-0.4575399437372861,0.062352778462420676,0.6272447128028161
7,234,c,1,6.543777263472349,8.743502955011268,-2.017402393651595,-0.4575399437372861,0.062352778462420676,0.6272447128028161
7,235,b,1,6.074431875265483,8.743502955011268,-4.287328337289532,-1.4784317974022787,0.00012340980433545373,1.0031751071607304
7,235,c,1,6.074431875265483,8.743502955011268,-4.287328337289532,-1.4784317974022787,0.00012340980433545373,1.0031751071607304
7,248,b,1,6.364997880213097,8.743502955011268,-3.885955142880091,-0.9233223702365103,0.00040519420579104,0.9077985511830551
7,248,c,1,6.364997880213097,8.743502955011268,-3.885955142880091,-0.9233223702365103,0.00040519420579104,0.9077985511830551
7,249,b,1,5.647006847330207,8.743502955011268,-3.968080722044082,-1.9346669897629831,0.0001234098041453717,0.9905820998544459
7,249,c,1,5.647006847330207,8.743502955011268,-3.968080722044082,-1.9346669897629831,0.0001234098041453717,0.9905820998544459
7,250,b,1,7.587494731548636,8.743502955011268,-5.403217568472235,1.0049052612097862,0.00012340982169290233,0.9939708639991869
7,250,c,1,7.587494731548636,8.743502955011268,-5.403217568472235,1.0049052612097862,0.00012340982169290233,0.9939708639991869
7,251,b,1,7.194288786863575,8.743502955011268,-5.227582988669891,0.2610693597960875,0.00012340980500328246,1.0195180500595624
7,251,c,1,7.194288786863575,8.743502955011268,-5.227582988669891,0.2610693597960875,0.00012340980500328246,1.0195180500595624
7,240,b,1,5.8485747757127,8.743502955011268,-4.080078920696957,-1.7033711077148155,0.00012340980414827244,0.9874709895856614
7,240,c,1,5.8485747757127,8.743502955011268,-4.080078920696957,-1.7033711077148155,0.00012340980414827244,0.9874709895856614
7,241,b,1,11.241678851176024,8.743502955011268,-8.897055828969318,8.83558493003672,0.00012340980463673744,0.9958166269721082
7,241,c,1,11.241678851176024,8.743502955011268,-8.897055828969318,8.83558493003672,0.00012340980463673744,0.9958166269721082
7,242,b,1,12.543201088064412,8.743502955011268,1.0776696566463424,1.1397549794550206,3948.8821295693638,0.09614526516266984
7,242,c,1,11.407289074514184,8.743502955011268,0.8451266961860731,1.1769916584365565,1474.2415859095684,0.1256113046070676
7,243,b,1,5.412216087045601,8.743502955011268,-2.024132312445531,-1.6022618220540992,0.010440149157581449,0.7036961136419043
7,243,c,1,5.412216087045601,8.743502955011268,-2.024132312445531,-1.6022618220540992,0.010440149157581449,0.7036961136419043
7,244,b,1,10.100767913684773,8.743502955011268,1.1057365793749603,0.7797805746165563,2211.77897170218,0.11591325372302526
7,244,c,1,8.122151542572357,8.743502955011268,-1.1660052160266758,0.9957752074752364,2.2353793652701017,0.4166570318097157
7,245,b,1,6.624681741387448,8.743502955011268,1.2059547667759123,-0.11848791983215545,805.9983589547843,0.15834087235190503
7,245,c,1,6.624681741387448,8.743502955011268,1.2059547667759123,-0.11848791983215545,805.9983589547843,0.15834087235190503
7,246,b,1,8.302226645685723,8.743502955011268,0.940905087001795,0.45240370131783547,535.6141163648127,0.15860991138536432
7,246,c,1,8.540970839310248,8.743502955011268,-2.486480021195509,1.7097527866213218,0.1441046660949107,0.5503203242582225
7,247,b,1,6.630473322977564,8.743502955011268,-2.1986797768093043,-0.37602300478185813,0.05007718378257389,0.6486222906880934
7,247,c,1,6.630473322977564,8.743502955011268,-2.1986797768093043,-0.37602300478185813,0.05007718378257389,0.6486222906880934
7,276,b,1,12.760486597261247,8.743502955011268,-10.349672472390555,11.92823177389712,0.0001234098041239066,0.9914269312900525
7,276,c,1,12.760486597261247,8.743502955011268,-10.349672472390555,11.92823177389712,0.0001234098041239066,0.9914269312900525
7,277,b,1,6.308860436997663,8.743502955011268,-4.359870484827354,-0.9776953459308765,0.0001234098041043605,0.9828011330989227
7,277,c,1,6.308860436997663,8.743502955011268,-4.359870484827354,-0.9776953459308765,0.0001234098041043605,0.9828011330989227
7,278,b,1,42.62127105856105,8.743502955011268,-4.353157521762798,11.999999176334502,1145.7423006055028,0.1561565013675074
7,278,c,1,42.62127105856105,8.743502955011268,-4.353157521762798,11.999999176334502,1145.7423006055028,0.1561565013675074
7,279,b,1,22.742405126194548,8.743502955011268,-2.0742647723924494,6.498580078997279,353.83246300272583,0.19233422308537826
7,279,c,1,22.742405126194548,8.743502955011268,-2.0742647723924494,6.498580078997279,353.83246300272583,0.19233422308537826
7,256,b,1,57.868281234867354,8.743502955011268,-3.7922715142805847,11.589486158112337,5998.488732659833,0.10532088585285596
7,256,c,1,57.868281234867354,8.743502955011268,-3.7922715142805847,11.589486158112337,5998.488732659833,0.10532088585285596
7,257,b,1,8.136353919438715,8.743502955011268,-4.34095867384426,1.6563474505256828,0.0016549089532646923,0.8005905925104905
7,257,c,1,9.514363989326073,8.743502955011268,0.22261609178504005,1.1026593993896177,122.95785623951626,0.21381488621046085
7,258,b,1,5.549524513550067,8.743502955011268,-3.925867790411208,-1.9696486705947476,0.00012340982286115467,0.9953210047651516
7,258,c,1,5.549524513550067,8.743502955011268,-3.925867790411208,-1.9696486705947476,0.00012340982286115467,0.9953210047651516
7,259,b,1,11.745285581239274,8.743502955011268,-9.34946083176828,9.788105886585278,0.00012340980416176915,0.9917912671520642
7,259,c,1,11.745285581239274,8.743502955011268,-9.34946083176828,9.788105886585278,0.00012340980416176915,0.9917912671520642
7,264,b,1,7.952642599945913,8.743502955011268,-3.632525322489225,1.2447933312389785,0.006775996845289874,0.7299443342751084
7,264,c,1,9.820859108679162,8.743502955011268,-4.217480685906635,3.6272886545838388,0.021079620336806142,0.6597118397431367
7,265,b,1,8.434508479389766,8.743502955011268,-1.953595622222697,1.4002011368868719,0.6798577023985718,0.49635583611135187
7,265,c,1,8.434508479389766,8.743502955011268,-1.953595622222697,1.4002011368868719,0.6798577023985718,0.49635583611135187
7,266,b,1,55.560738497165545,8.743502955011268,-3.3648498310445314,10.712210166464118,8103.063170371489,0.10200151138415436
7,266,c,1,55.560738497165545,8.743502955011268,-3.3648498310445314,10.712210166464118,8103.063170371489,0.10200151138415436
7,267,b,1,5.888127513945254,8.743502955011268,-4.167556332202377,-1.7537714903469332,0.0001318582513862824,1.0071192690004618
7,267,c,1,5.888127513945254,8.743502955011268,-4.167556332202377,-1.7537714903469332,0.0001318582513862824,1.0071192690004618
7,252,b,1,11.79144817410642,8.743502955011268,-0.5897649765744051,2.437830742878045,125.15996989871768,0.24358885962991775
7,252,c,1,11.79144817410642,8.743502955011268,-0.5897649765744051,2.437830742878045,125.15996989871768,0.24358885962991775
7,253,b,1,10.289322222289703,8.743502955011268,1.2656523097709056,0.6785173877216588,5511.016846620786,0.09889654359771669
7,253,c,1,8.871302535676735,8.743502955011268,0.39158401801920295,0.7933446596732747,234.87679871932664,0.21100456967367118
7,254,b,1,10.866659903305107,8.743502955011268,-1.8886409061210163,3.074352924805291,5.837949401279231,0.3833609648515939
7,254,c,1,10.866659903305107,8.743502955011268,-1.8886409061210163,3.074352924805291,5.837949401279231,0.3833609648515939
7,255,b,1,8.284001833989327,8.743502955011268,-3.5486859903022823,1.6831241246697901,0.02152193987334115,0.6967450265657672
7,255,c,1,8.284001833989327,8.743502955011268,-3.5486859903022823,1.6831241246697901,0.02152193987334115,0.6967450265657672
7,284,b,1,9.617340620042526,8.743502955011268,-7.1715055023750836,5.137531308480644,0.00012340980416559693,0.9821913143792256
7,284,c,1,9.617340620042526,8.743502955011268,-7.1715055023750836,5.137531308480644,0.00012340980416559693,0.9821913143792256
7,285,b,1,34.92159980325777,8.743502955011268,-1.030997386325319,5.747889915356364,3783.5684481466615,0.09539175495741926
7,285,c,1,34.92159980325777,8.743502955011268,-1.030997386325319,5.747889915356364,3783.5684481466615,0.09539175495741926
7,286,b,1,6.499621373722393,8.743502955011268,-1.7718024985592196,-0.4462376445644597,0.09699418599150363,0.5928943007067434
7,286,c,1,6.499621373722393,8.743502955011268,-1.7718024985592196,-0.4462376445644597,0.09699418599150363,0.5928943007067434
7,287,b,1,7.329808147323159,8.743502955011268,-4.715217990495022,0.7219220521535907,0.00021311263006039234,0.923593189136298
7,287,c,1,9.23679095113732,8.743502955011268,-2.9655748547828304,2.5810923820152887,0.103743726043796,0.56332706972824
7,280,b,1,19.196811806970622,8.743502955011268,-1.4892956811414493,5.1145993208807425,435.75377699262384,0.19729850682449926
7,280,c,1,19.196811806970622,8.743502955011268,-1.4892956811414493,5.1145993208807425,435.75377699262384,0.19729850682449926
7,281,b,1,13.11297365693387,8.743502955011268,-5.1130933364191335,7.126847431357258,0.10397154224770803,0.5649455037310894
7,281,c,1,10.760796232564678,8.743502955011268,1.5097596381097804,0.5797408085613167,8103.083742616057,0.07178382450387674
7,282,b,1,11.071241273692976,8.743502955011268,-8.545325665024588,8.173356250858019,0.0001234098071931132,0.9791871384882279
7,282,c,1,11.071241273692976,8.743502955011268,-8.545325665024588,8.173356250858019,0.0001234098071931132,0.9791871384882279
7,283,b,1,7.387749262182444,8.743502955011268,-4.536668904154764,0.7095957408207256,0.0004759037479855175,0.8988716975212468
7,283,c,1,7.387749262182444,8.743502955011268,-4.536668904154764,0.7095957408207256,0.0004759037479855175,0.8988716975212468
7,288,b,1,6.236150157764545,8.743502955011268,-4.451269457665957,-1.244911799331609,0.00012340980460123064,1.0152899884462618
7,288,c,1,6.236150157764545,8.743502955011268,-4.451269457665957,-1.244911799331609,0.00012340980460123064,1.0152899884462618
7,289,b,1,9.553392083965788,8.743502955011268,1.275259409162175,0.5651249668670881,3559.1397850887643,0.10498990716789695
7,289,c,1,11.891239044535814,8.743502955011268,0.9089108428211503,1.1935109476693344,2411.684972965071,0.11547959871049943
7,290,b,1,12.128512297608978,8.743502955011268,-9.827137108891554,10.42632014277519,0.0001234098044739711,0.9999374332114613
7,290,c,1,12.128512297608978,8.743502955011268,-9.827137108891554,10.42632014277519,0.0001234098044739711,0.9999374332114613
7,291,b,1,10.894309068191925,8.743502955011268,-8.985840849673504,8.097101846651489,0.0001234098051594854,1.035757258313081
7,291,c,1,10.894309068191925,8.743502955011268,-8.985840849673504,8.097101846651489,0.0001234098051594854,1.035757258313081
7,272,b,1,8.029228180096927,8.743502955011268,-5.9074612519225,1.7895912192989574,0.00012340980737206699,1.0101709948657471
7,272,c,1,8.029228180096927,8.743502955011268,-5.9074612519225,1.7895912192989574,0.00012340980737206699,1.0101709948657471
7,273,b,1,8.85356539977769,8.743502955011268,-6.482400106838872,3.5454416904549055,0.0001234098044300528,0.9859499471775846
7,273,c,1,8.85356539977769,8.743502955011268,-6.482400106838872,3.5454416904549055,0.0001234098044300528,0.9859499471775846
7,274,b,1,12.924029891141808,8.743502955011268,-10.430252764397988,11.999391296129566,0.00012341273460788932,0.9851231285854002
7,274,c,1,8.606743905569454,8.743502955011268,-0.45081587582612215,0.9946724807033067,21.581149390956405,0.31345523845753553
7,275,b,1,13.570309182210742,8.743502955011268,-4.565974202396687,6.9429957711312404,0.2847749629376899,0.5055641248677591
7,275,c,1,13.215160942271963,8.743502955011268,1.3662798031934271,0.9370819266436193,8103.083916121643,0.06951516834794727
7,292,b,1,9.18306319208922,8.743502955011268,-6.7618210964946055,4.354086184180897,0.00012340980439875873,0.9824822906304888
7,292,c,1,9.18306319208922,8.743502955011268,-6.7618210964946055,4.354086184180897,0.00012340980439875873,0.9824822906304888
7,293,b,1,9.60016905838581,8.743502955011268,1.3207329898180435,0.5359626395057959,4412.1522002095735,0.09989373287985014
7,293,c,1,9.701241545829937,8.743502955011268,0.9622181216408667,0.7484620067415251,1358.684937106045,0.13519814116705342
7,294,b,1,9.280395672277766,8.743502955011268,-6.783413026186819,4.420086577637015,0.0001234098054705031,0.9746018046640891
7,294,c,1,9.280395672277766,8.743502955011268,-6.783413026186819,4.420086577637015,0.0001234098054705031,0.9746018046640891
7,295,b,1,11.236128682687452,8.743502955011268,0.7411080619899801,1.2180129366894756,2351.428724301581,0.13740865279373915
7,295,c,1,11.236128682687452,8.743502955011268,0.7411080619899801,1.2180129366894756,2351.428724301581,0.13740865279373915
7,260,b,1,10.117429398209175,8.743502955011268,-3.2424787879427277,3.321115743441167,0.3282540499028923,0.5453392118405997
7,260,c,1,10.274350227824701,8.743502955011268,1.187707320708496,0.7136668659268117,5148.22108030466,0.10670792292345553
7,261,b,1,20.38997364379012,8.743502955011268,-3.190560921988462,7.711605019886186,112.56035642244103,0.2693271850162832
7,261,c,1,20.38997364379012,8.743502955011268,-3.190560921988462,7.711605019886186,112.56035642244103,0.2693271850162832
7,262,b,1,12.111975670857358,8.743502955011268,0.27692407623434845,1.7836047599468976,448.09210514246286,0.1651595404251339
7,262,c,1,12.729726862476547,8.743502955011268,0.6238409317547706,1.5834661545549324,1146.8298455311838,0.13012165739916723
7,263,b,1,10.61613571141632,8.743502955011268,1.2869517031979303,0.7269078098112716,6961.725589896854,0.09401184357132707
7,263,c,1,10.487980171762796,8.743502955011268,1.334280360221714,0.6768775374506142,8103.083927546798,0.09069519935051447
7,296,b,1,5.821103843367512,8.743502955011268,-4.107224109924724,-1.8103396624537282,0.00012340980452201116,0.9995087824699449
7,296,c,1,5.821103843367512,8.743502955011268,-4.107224109924724,-1.8103396624537282,0.00012340980452201116,0.9995087824699449
7,297,b,1,9.84750479159239,8.743502955011268,1.633019861884315,0.4101395709321616,8097.349028154065,0.0656521798274816
7,297,c,1,12.742453141322377,8.743502955011268,0.5257869436805394,1.672913483686251,602.31232498369,0.13724693079652228
7,298,b,1,12.341735006853465,8.743502955011268,1.021423556270458,1.155026999297903,4211.224342950575,0.10240201254745357
7,298,c,1,12.341735006853465,8.743502955011268,1.021423556270458,1.155026999297903,4211.224342950575,0.10240201254745357
7,299,b,1,7.050001052538999,8.743502955011268,-1.4323623805807295,0.2256316417520176,0.44274330817115237,0.509172363764154
7,299,c,1,7.050001052538999,8.743502955011268,-1.4323623805807295,0.2256316417520176,0.44274330817115237,0.509172363764154
7,268,b,1,9.383144825676007,8.743502955011268,1.1093102824266015,0.6308272192882034,1743.495112741843,0.12403577959053591
7,268,c,1,9.902120928210557,8.743502955011268,-1.370412503125432,2.178920936442905,5.16024339538487,0.36635452870755164
7,269,b,1,8.711534365663223,8.743502955011268,-4.099323724427592,2.3774291519214845,0.008076257632108312,0.7262946435043934
7,269,c,1,11.307134167875015,8.743502955011268,0.05938111897741638,1.7604973458403472,239.17456344252446,0.19592913487050467
7,270,b,1,12.177685485462275,8.743502955011268,1.3241962000165368,0.8807184115097062,8102.94079591441,0.078953014961731
7,270,c,1,9.991056551153179,8.743502955011268,1.4829477488673022,0.518746668257996,8103.083919312382,0.08005179353579447
7,271,b,1,52.744070125909715,8.743502955011268,-3.1798161327065024,10.281875193275447,6036.002493505949,0.10393934806438168
7,271,c,1,52.744070125909715,8.743502955011268,-3.1798161327065024,10.281875193275447,6036.002493505949,0.10393934806438168
8,4,b,1,10.701341321877067,10.6950131002297,0.43764273181691205,0.8111213087706549,161.0969170382529,0.16965040833858266
8,4,c,1,10.85547045708777,10.6950131002297,-2.1279204685232997,1.9848455955047872,0.6174852068159484,0.40247906603792527
8,5,b,1,10.403265951829264,10.6950131002297,-7.584132372803557,3.6910455909668585,0.000123409804138032,0.9485645216951377
8,5,c,1,11.08513187298235,10.6950131002297,-2.1666691467002304,2.1462884820368173,0.59390216244609,0.3977418089003361
8,6,b,1,10.976800119859112,10.6950131002297,-1.7121030468793004,1.8533414274175621,1.1133952011809838,0.3594292156218617
8,6,c,1,11.068554138433838,10.6950131002297,-1.9592721767955483,1.9880238673958992,1.049283259505226,0.3800041076634715
8,7,b,1,10.51589254217229,10.6950131002297,-3.2404390555350964,2.208863169184676,0.1164534737538261,0.5226887581953998
8,7,c,1,11.145947487320742,10.6950131002297,-2.2330440503130267,2.229028705793909,0.5071298029085406,0.4014581861551973
8,12,b,1,10.46414340447892,10.6950131002297,-1.8431682551492932,1.731577330365858,1.140151987816571,0.39044532603841203
8,12,c,1,10.453389209125941,10.6950131002297,-1.6534458883720706,1.6116796860065348,1.0752397810168801,0.37129092142667697
8,13,b,1,10.954998071507015,10.6950131002297,-0.6804848791429866,1.384362263795692,10.065174858779804,0.26639873076968423
8,13,c,1,10.813605256649918,10.6950131002297,-2.020730093388697,1.9177326964772201,0.762738837228713,0.3941158652920233
8,14,b,1,10.967437933297456,10.6950131002297,-7.601834816489937,4.608666906367864,0.00012340980424083693,0.9014135252428914
8,14,c,1,10.881787515548746,10.6950131002297,-2.2463492161872023,2.103698830417416,0.5876005912732487,0.412893107392687
8,15,b,1,10.030237975222025,10.6950131002297,-2.702345081314159,1.7019158782595885,0.28544054288891146,0.4939142053593636
8,15,c,1,10.92169412171132,10.6950131002297,-2.842367736242138,2.451663013742837,0.2009025361300338,0.4662516530816183
8,0,b,1,10.567384165233173,10.6950131002297,-4.323661478961071,2.8271554483406476,0.010134946582101335,0.6219996457610053
8,0,c,1,10.934528307969748,10.6950131002297,-1.467881670626869,1.7579798002656384,1.7927445061520482,0.3384453776565526
8,1,b,1,10.005968760529992,10.6950131002297,1.7755280368785002,0.1998587009439122,7993.275038250748,0.05000000555359921
8,1,c,1,10.294220923487202,10.6950131002297,-2.2278084551061355,1.7469186831051942,0.42104936291273704,0.43355409719081184
8,2,b,1,9.540122390775217,10.6950131002297,-2.933436812210369,1.616433240524864,0.06007744803012418,0.539622638056165
8,2,c,1,10.104220445528918,10.6950131002297,-2.1467382281704244,1.752588252858559,0.3671945288660334,0.43260987699552417
8,3,b,1,11.17751802759875,10.6950131002297,-0.18917326433001158,1.2940218883499464,18.36293033369677,0.2159250382669265
8,3,c,1,10.250325293977863,10.6950131002297,-1.8627922455921024,1.6342474977000017,0.7627842123053535,0.39933945816794797
8,24,b,1,11.227637108880668,10.6950131002297,-1.0301820325971758,1.6476338514033635,4.117009404124795,0.29048764734130467
8,24,c,1,11.098940188566532,10.6950131002297,-2.1687511479247257,2.184367837543176,0.6383012904446858,0.39763753667513035
8,25,b,1,9.94802468825052,10.6950131002297,-3.5699802486865373,2.011049422971825,0.04811622916486303,0.5850962095761434
8,25,c,1,10.537466765796482,10.6950131002297,-1.7880743034008302,1.7394816327313158,1.0157605278931068,0.38181918745281057
8,26,b,1,11.605376168783247,10.6950131002297,-5.3555527626922395,4.185442068941938,0.0029008175989865843,0.6568171623589358
8,26,c,1,10.467624244308913,10.6950131002297,-1.8248336392843107,1.7096038414634576,0.7583066372617636,0.38713611197622355
8,27,b,1,10.602524389379203,10.6950131002297,-2.1377915022035285,1.8420690894363219,1.4705538378198089,0.4150872737276058
8,27,c,1,11.058318981978497,10.6950131002297,-1.923044169840756,2.005115519267161,1.0305872796307836,0.3768465631747363
8,16,b,1,9.809069773198468,10.6950131002297,-3.227366782576797,1.7749139055449659,0.06485698256800497,0.5573258045612758
8,16,c,1,10.2438183333363,10.6950131002297,-2.454411179954768,1.8594170674534631,0.2529508709154424,0.4576205961091226
8,17,b,1,10.104429134275577,10.6950131002297,-6.659856225221681,3.1785063345265865,0.00012340980415422032,0.8823558286403361
8,17,c,1,10.106721182744357,10.6950131002297,-2.1474591901121634,1.708003108022275,0.468241892748324,0.43346357210986713
8,18,b,1,13.721735197263843,10.6950131002297,-0.595142168762731,2.022103851165328,7.065173520862507,0.20505198981946998
8,18,c,1,10.991937120941996,10.6950131002297,-1.446646577449533,1.7418506851547735,2.210623972082836,0.33525400910727127
8,19,b,1,10.710993790738993,10.6950131002297,-7.367047083200665,4.19366689585156,0.00012340980427592328,0.9006248151544695
8,19,c,1,10.909330784822819,10.6950131002297,-2.001040660949397,2.019774423495769,0.7376372447428543,0.38864377141037193
8,28,b,1,10.66705908619892,10.6950131002297,-2.8419188810300167,2.2245803335176983,0.16450460419316837,0.4768180134360682
8,28,c,1,10.308088610105619,10.6950131002297,-2.2806700470201458,1.721174318494869,0.3827282889887153,0.43813250947564003
8,29,b,1,10.595162258801027,10.6950131002297,-4.844396181010605,3.0105754036932866,0.015828831848260234,0.6721580713261844
8,29,c,1,10.183209283702523,10.6950131002297,-2.0548864313731525,1.570987578908495,0.5548194527660041,0.42106424846524426
8,30,b,1,11.330474094484181,10.6950131002297,-3.8212704431585607,3.0325045297964053,0.06222713397869563,0.5373366292766554
8,30,c,1,11.26138020501609,10.6950131002297,-1.7928662255019292,2.0681258729016303,1.1386318333627428,0.3580585439383701
8,31,b,1,10.100037424645894,10.6950131002297,-5.26028195562609,2.62625345147096,0.0018025478070438246,0.7438878384519696
8,31,c,1,9.89759025706411,10.6950131002297,-2.685026627680504,1.6188675995991941,0.159324283377971,0.4969252295820302
8,32,b,1,13.255546853106342,10.6950131002297,1.587543068320496,0.46995268510286803,1438.3983701712023,0.05000000047681275
8,32,c,1,11.078496300547563,10.6950131002297,-2.1320564133734914,2.074927385308279,0.674204228922207,0.39501001254909845
8,33,b,1,11.025787714813713,10.6950131002297,-1.5014424899796037,1.7764155000372324,1.4750243826041853,0.33827033154466646
8,33,c,1,11.012597810212748,10.6950131002297,-2.422467361870175,2.1481658586364354,0.45680718777851886,0.4242297605399427
8,34,b,1,10.777913527317068,10.6950131002297,-6.405834901465676,3.738078995278383,0.0009243537757224063,0.805944618600329
8,34,c,1,11.04669633115741,10.6950131002297,-2.3762553623697817,2.1174818535968747,0.43511589132483736,0.4183851865830508
8,35,b,1,10.110639470550959,10.6950131002297,-3.240888519314841,1.9576286845183315,0.07781179979168866,0.5426593956265083
8,35,c,1,10.74569202794779,10.6950131002297,-2.555069180362419,2.111822646882117,0.4004278504809149,0.44742638591349215
8,36,b,1,11.660150547463813,10.6950131002297,-0.23314411366571722,1.3791778107970476,56.502426690786194,0.21380773176435214
8,36,c,1,11.010942631030206,10.6950131002297,-2.3084961770280192,2.1792376059049223,0.5149823459208426,0.4136747185479211
8,37,b,1,10.573526263256378,10.6950131002297,-7.841063603629943,4.099207184058282,0.00012340980430168905,0.9579872007674582
8,37,c,1,10.920221023534992,10.6950131002297,-2.3505917759163895,2.02885883931177,0.579637608783918,0.42146099147242894
8,38,b,1,11.001152418492566,10.6950131002297,-0.7140634996770003,1.377840792532841,21.098694320253895,0.2702854003725781
8,38,c,1,11.002791341196858,10.6950131002297,-2.051124187141218,1.9420597049854498,0.8064376617690537,0.3904178910894179
8,39,b,1,10.332203045766656,10.6950131002297,-3.3668945479887844,2.3143618112769495,0.048305854586724366,0.5425640811155937
8,39,c,1,10.698135694721953,10.6950131002297,-2.0980179395258682,2.016394942689948,0.6107892860963322,0.4053966181873156
8,48,b,1,10.951439378518643,10.6950131002297,-1.0965285666954898,1.6383567771935192,5.46423747093831,0.3050933710298322
8,48,c,1,10.489597722222822,10.6950131002297,-2.5061603319562558,1.951848537890445,0.2987669543640406,0.45266446843425373
8,49,b,1,10.874815342653413,10.6950131002297,-6.5277946272324,3.8408756345053443,0.0003670428513088235,0.8091585722454434
8,49,c,1,11.408195865446874,10.6950131002297,-2.1537632201859642,2.245129434107629,0.8401130665935037,0.3861297843558607
8,50,b,1,10.627646285610078,10.6950131002297,-0.44664321045331135,1.2276581513250107,12.701251309508477,0.25184254374501364
8,50,c,1,10.679047336451216,10.6950131002297,-1.9531881101743065,1.8498133312003884,0.7858166529816631,0.3924459136194726
8,51,b,1,10.882253829538312,10.6950131002297,-3.778891918473951,2.787205509864763,0.12099570882119044,0.5563974554447412
8,51,c,1,10.625219715370518,10.6950131002297,-2.2047361136925923,1.8901303571249428,0.5487792650011636,0.41853256539974026
8,20,b,1,10.692906783878643,10.6950131002297,1.634947668493051,0.3153727419099315,8103.083578603181,0.06027790666178501
8,20,c,1,11.02179328912798,10.6950131002297,-1.7900577269594136,1.9762451404534116,0.9792067772287407,0.36512051194867085
8,21,b,1,9.668251039493196,10.6950131002297,-0.29075999027406485,0.8079037556203387,11.567502108897193,0.25902121038673753
8,21,c,1,10.843099462361014,10.6950131002297,-1.966947845243195,1.9223776338317367,0.8398456817342299,0.3880517720320552
8,22,b,1,10.587454825799128,10.6950131002297,-7.490975673924084,4.073632953675586,0.00012340980418367053,0.9230926182766525
8,22,c,1,10.7780302366807,10.6950131002297,-1.9798426351719658,1.856911230308051,0.8502454294841764,0.39169915658417703
8,23,b,1,10.334762351534984,10.6950131002297,-3.490589100410075,2.296046157638533,0.09946594917084897,0.5567623470025477
8,23,c,1,10.528867018544009,10.6950131002297,-2.2579623107105125,1.9331641436187867,0.4320167784497975,0.42702481069054704
8,8,b,1,10.262316236834055,10.6950131002297,1.6661344557069597,0.26950142290363455,7724.0137927287215,0.0596405559741853
8,8,c,1,10.55210068602251,10.6950131002297,-2.0208966389052874,1.8526933425440684,0.6644166575411815,0.4034835252142074
8,9,b,1,10.19018702620515,10.6950131002297,1.6771228364618354,0.24528931781520363,8103.019926877061,0.05901521809872315
8,9,c,1,10.110753890114113,10.6950131002297,-2.2862220301209635,1.5852058395291282,0.40569596685427073,0.44745847756365104
8,10,b,1,10.770757842903357,10.6950131002297,-0.2530690635737267,1.1259656826506128,26.904581158405612,0.2316458624252996
8,10,c,1,10.605558640516264,10.6950131002297,-1.820260716249733,1.6980815712420627,0.8800093652791516,0.3821469418753436
8,11,b,1,11.345630727159435,10.6950131002297,0.7476296350505671,0.7857073549407332,202.21327451351294,0.13174893546629288
8,11,c,1,10.702236655965764,10.6950131002297,-2.3403976817380516,2.048088529162227,0.4270920309937905,0.4282544759464129
8,40,b,1,9.935399628200033,10.6950131002297,-2.8741201832486407,1.7891882240263963,0.07850617266715446,0.5128184889237853
8,40,c,1,10.714058674712591,10.6950131002297,-2.3595260912681564,2.0785004773568976,0.375546217872126,0.4293098388039787
8,41,b,1,10.554004518093118,10.6950131002297,-7.459098820993874,3.936554000993059,0.00012340980420319075,0.9229354699361827
8,41,c,1,10.714967664979872,10.6950131002297,-1.9329625461942035,1.8308265860449495,0.8787061157832431,0.38945443793415074
8,42,b,1,10.124514949171063,10.6950131002297,-4.606219571140562,2.488911100628851,0.008572631902314375,0.6780654521861746
8,42,c,1,10.258099827371192,10.6950131002297,-1.807840436811585,1.6260954129039245,0.8369711760421241,0.39361966431282974
8,43,b,1,9.985871621422657,10.6950131002297,-2.6790409585290487,1.6834030369353465,0.09312479580559421,0.4897436495529092
8,43,c,1,10.629130959968675,10.6950131002297,-3.7629584294385023,2.69569725957499,0.049931670291639065,0.5666919874962421
8,44,b,1,10.523425585924045,10.6950131002297,-7.1966118504077645,3.9042334057591788,0.00012340980410269006,0.9000747358900277
8,44,c,1,10.81074878081386,10.6950131002297,-1.8197667891576725,1.8597342806567085,1.0085994929479296,0.37527149863331505
8,45,b,1,11.123229346671238,10.6950131002297,-8.201883519565044,5.181089791683988,0.000123409804171296,0.9434731291513221
8,45,c,1,11.231060380306102,10.6950131002297,-2.2267589822082887,2.349946467283586,0.48149270327208804,0.39767838159469737
8,46,b,1,10.920531186722647,10.6950131002297,-0.9484330882563328,1.4944559371157404,8.90013242981667,0.2928800512564695
8,46,c,1,11.013163684349244,10.6950131002297,-2.1124011848541864,2.0723648923847744,0.7371187305670613,0.39569952287839366
8,47,b,1,10.377987097944654,10.6950131002297,-5.476314354234123,3.111783980392647,0.002180838096151954,0.7460585499848209
8,47,c,1,10.135873522433723,10.6950131002297,-2.6522654885210404,1.851621502525958,0.17974994656163867,0.4821964593124622
8,52,b,1,10.128299056973571,10.6950131002297,0.1500539921417205,0.8338063092025433,49.72270371499102,0.2059345381613526
8,52,c,1,10.41983322878317,10.6950131002297,-2.13299477652064,1.8301851898654102,0.492586693569055,0.4191217660694971
8,53,b,1,11.496843741920154,10.6950131002297,-0.8266114402064173,1.7199536238495954,4.694492293062106,0.2650625298931503
8,53,c,1,10.491841893147416,10.6950131002297,-2.2032244783484196,1.834271572854405,0.46590777567363495,0.4232094254093598
8,54,b,1,10.929892700334479,10.6950131002297,-4.2504800932499105,2.9988835851947924,0.027479407121894256,0.5963655404254038
8,54,c,1,11.576098208294685,10.6950131002297,-1.8886771328389158,2.2654030593731838,1.2881770683030072,0.35739631151578777
8,55,b,1,11.350178019850707,10.6950131002297,-2.8821161735944094,2.7656278109026093,0.1513375579640274,0.45165413881403327
8,55,c,1,10.49870398797324,10.6950131002297,-1.7895555502820037,1.822918394996769,0.62198820498112,0.3816027808783609
8,72,b,1,11.47905022394241,10.6950131002297,-1.5541795586075928,2.048152490627995,1.397516648902868,0.329672096456889
8,72,c,1,10.46023360623923,10.6950131002297,-1.9737004021822033,1.6859632379634202,0.7644421247179192,0.4026578362010273
8,73,b,1,11.67102373336255,10.6950131002297,-0.1083941933229939,1.3440085212727897,39.05617123690622,0.201593437425146
8,73,c,1,11.68015836020736,10.6950131002297,-0.9795524527015775,1.7880583605565636,5.731238763816817,0.27556015366890235
8,74,b,1,10.092383599368045,10.6950131002297,-1.2131671844248437,1.3045545375261327,5.10583740443739,0.34307513604157286
8,74,c,1,10.701792955559942,10.6950131002297,-1.9008872221764341,1.8379475396227458,0.876601733242636,0.38673898967048287
8,75,b,1,10.603936129020646,10.6950131002297,-0.8091225297438104,1.3973650946915956,11.588765886245302,0.28845028844494053
8,75,c,1,10.2859338651978,10.6950131002297,-2.1775509625415754,1.7786669290082344,0.44830482993410803,0.42889261173056975
8,64,b,1,10.57654274069433,10.6950131002297,0.094105145838242,0.9502231258754028,97.34501627383843,0.20454278592798458
8,64,c,1,10.769225687846285,10.6950131002297,-1.951772214113673,1.8705933797021648,0.8192598732168218,0.38914395826120485
8,65,b,1,10.06818461982922,10.6950131002297,-0.024461167331779422,0.8447131056216195,69.64115930902773,0.22642229360034966
8,65,c,1,10.528661296927055,10.6950131002297,-1.9532632288648069,1.7499023865989773,0.7570602076085087,0.39794321415015926
8,66,b,1,10.902870580434978,10.6950131002297,-0.6694413145235343,1.3678942812628958,14.673973164676298,0.26762373329876793
8,66,c,1,10.760846773339303,10.6950131002297,-2.323872035518174,1.9939085384815094,0.46042552082359034,0.4245017556947263
8,67,b,1,10.284532750635115,10.6950131002297,-0.2251989485918526,1.0045605761518723,51.19394893259421,0.2413885613479641
8,67,c,1,10.377757782819518,10.6950131002297,-2.1387275322913863,1.7367360905647145,0.5564081533040787,0.42179827502610784
8,68,b,1,10.423841285313271,10.6950131002297,-7.332936098481233,3.7983573032945115,0.00012340980418897236,0.9220858156687406
8,68,c,1,10.858307070983969,10.6950131002297,-1.7671979803222153,1.7909816401873595,1.15018485058277,0.36886491186903236
8,69,b,1,10.453848360566937,10.6950131002297,0.44326239893654046,0.7793424265126658,92.18848194372876,0.17157157796862071
8,69,c,1,10.03759387252314,10.6950131002297,-2.634105561651917,1.6347569653977123,0.17740446945777474,0.48494056745430336
8,70,b,1,10.611219372164102,10.6950131002297,-5.015059706169075,3.0807631909173234,0.00265733616474866,0.6846971061562064
8,70,c,1,10.929156393519326,10.6950131002297,-1.7152815214427348,1.899612304936333,1.5361473945431745,0.3622463790719302
8,71,b,1,11.130551532834456,10.6950131002297,-8.100695728782693,5.049585913424565,0.00012340980408986438,0.9336658005966934
8,71,c,1,11.564253579967938,10.6950131002297,-1.4603910257479793,1.959019158322058,2.5204349726813686,0.3202736069454267
8,60,b,1,10.78916901949575,10.6950131002297,-4.270866798660107,3.0307524735701104,0.021894012466860877,0.6057179131172064
8,60,c,1,10.647513941667553,10.6950131002297,-1.909626168803829,1.8097245145453227,0.8168586297927837,0.38936787231537207
8,61,b,1,11.013570537004755,10.6950131002297,1.2860105794833558,0.4954029252358168,738.1115836649457,0.08740193172363986
8,61,c,1,11.31061101541226,10.6950131002297,-1.8918267538523126,2.0435556862634625,1.1056506126494732,0.3657009458982291
8,62,b,1,12.62827081849817,10.6950131002297,0.8156599385036299,0.9137315257609576,248.14845276503033,0.11314093365274865
8,62,c,1,10.886717963961448,10.6950131002297,-2.500395647488247,2.1609874966380804,0.4278328052405116,0.4365087742896927
8,63,b,1,10.505805528360927,10.6950131002297,-0.32317181897128733,1.1340134227392769,45.76463674379937,0.24580669230239313
8,63,c,1,10.449516061692234,10.6950131002297,-1.9199601116207212,1.7372395651924724,0.7468977752334512,0.39751199635203793
8,56,b,1,10.825934330267001,10.6950131002297,-9.222649465502496,5.264396395851611,0.00012340980426716282,1.0642620566499341
8,56,c,1,10.445025463641302,10.6950131002297,-1.8478282816613474,1.5852880320757543,0.8814589731061144,0.3908470112359456
8,57,b,1,10.1571353229487,10.6950131002297,-0.6503202706194818,1.0202079651607676,16.997265425345905,0.28567219495903223
8,57,c,1,10.793384318626526,10.6950131002297,-1.9990445736394034,1.8977344225883308,0.9727031842787792,0.39338663836409615
8,58,b,1,10.100050028346933,10.6950131002297,1.6727018222342664,0.2377154882036399,8101.8035776162615,0.05998995722448514
8,58,c,1,10.94932694629538,10.6950131002297,-1.7537602457737593,1.8275154620314065,1.4014016663700495,0.36505329738098025
8,59,b,1,10.507385345160237,10.6950131002297,-0.24811284945518108,1.1182297763841682,27.5822666537094,0.23702349993538083
8,59,c,1,10.33349296622369,10.6950131002297,-1.3841601817155178,1.4924400398621622,1.829227297960902,0.3495132222679216
8,76,b,1,10.113237203687401,10.6950131002297,-5.9366899536591,2.992212612465006,0.0007413513425743051,0.8108157653863881
8,76,c,1,10.273365366173694,10.6950131002297,-2.070536685752102,1.7644947800081972,0.4759118281481681,0.4184656309091156
8,77,b,1,10.596225478993757,10.6950131002297,0.49202076384138804,0.7960208637368545,129.93065286561546,0.1653816120579896
8,77,c,1,10.475598809019253,10.6950131002297,-2.142357848593119,1.7876011243926109,0.5574218825292552,0.4182329358260282
8,78,b,1,10.827311583767425,10.6950131002297,-3.476287619372968,2.565152698690369,0.07887684421165951,0.5296103698695862
8,78,c,1,10.799250397921487,10.6950131002297,-1.989778093118181,1.9107395537777205,0.8974663559845996,0.39205333140985704
8,79,b,1,10.49842428297715,10.6950131002297,-6.131287946764022,3.476309522436069,0.0008015867638708063,0.8003828577906762
8,79,c,1,10.302654986982688,10.6950131002297,-2.3987297705042985,1.8521288932287465,0.3384567947926437,0.45018015516744564
8,80,b,1,10.545499954106647,10.6950131002297,-6.661907704867163,3.7110499893242457,0.0011820086553702529,0.8486482488081653
8,80,c,1,11.16751409246786,10.6950131002297,-2.300804316002497,2.2982118123287583,0.5310428798492749,0.40722448135725464
8,81,b,1,10.958392857587267,10.6950131002297,-2.9442565353384618,2.3534422046146033,0.32067606185310726,0.4753590308280739
8,81,c,1,11.416538485710323,10.6950131002297,-2.1186291071042955,2.2197412354392436,0.9228340317973677,0.3828229489643498
8,82,b,1,10.525312422855608,10.6950131002297,1.438623868947313,0.40054668718466657,1006.7616726236294,0.07697001091209527
8,82,c,1,10.37429590498038,10.6950131002297,-2.3420267652917857,1.8807486034611705,0.35531303980859286,0.4414049066832018
8,83,b,1,11.022921036811054,10.6950131002297,-4.802907185161731,3.4352794734553376,0.0063215682105968955,0.6408164571210369
8,83,c,1,10.385301595329736,10.6950131002297,-1.4922102617226831,1.4904176994586804,1.5713396120597896,0.35840172661207004
8,100,b,1,10.828097179816806,10.6950131002297,-1.6607720286009102,1.7426285236446837,1.6395764554180503,0.3604727633344533
8,100,c,1,10.407458871942707,10.6950131002297,-1.898906780038413,1.6207941492119162,0.9870648219126307,0.397832391060101
8,101,b,1,11.128938814304323,10.6950131002297,-3.3000801930078683,2.802564639420426,0.039747130723899446,0.4966973770291619
8,101,c,1,11.020776199966088,10.6950131002297,-2.4907574520937805,2.366555494652096,0.3464696758920687,0.42976192973775545
8,102,b,1,9.806885020316253,10.6950131002297,-0.2481558057637424,0.8909494876453266,16.35889539330071,0.25212720010348
8,102,c,1,10.222452466804922,10.6950131002297,-1.7937287216546784,1.6369106322739775,0.7820579518937569,0.39326228633144333
8,103,b,1,10.832077228857251,10.6950131002297,-5.688797831218368,3.599716624792194,0.003649848763926789,0.735656270813609
8,103,c,1,10.391439335517164,10.6950131002297,-2.0845096390367335,1.7656238500897243,0.5971840515460027,0.41590819344046465
8,96,b,1,11.03456283507063,10.6950131002297,-1.1075401687367468,1.6228440887783901,5.316681679098923,0.3037789624597641
8,96,c,1,11.150283280622528,10.6950131002297,-1.7666523656527893,1.914171230592239,1.230364524908861,0.3593456968947411
8,97,b,1,11.196690112020644,10.6950131002297,-1.932636444310715,2.146416152082289,0.8952310980225319,0.3727195464098487
8,97,c,1,10.59129910705116,10.6950131002297,-1.8111162229780877,1.7456794188166505,0.8946726555257417,0.3817922211225541
8,98,b,1,10.643149388528947,10.6950131002297,0.5385096137883221,0.7921913169125623,245.58443774708837,0.16158455193847865
8,98,c,1,10.643961937339157,10.6950131002297,-1.8571506576585928,1.8346066077957306,0.7978215058982838,0.38415375917843264
8,99,b,1,10.77800438791917,10.6950131002297,-2.082205210729318,1.9897880813334397,0.8922288983638617,0.40186610722852656
8,99,c,1,10.279809031189636,10.6950131002297,-3.005886624874033,2.0717399448276987,0.1255050621813231,0.5108907988952567
8,84,b,1,11.203202017980646,10.6950131002297,1.5920371894125056,0.35325737654313916,3397.495999629565,0.06037430156009701
8,84,c,1,10.779679304476474,10.6950131002297,-2.246289629269519,1.9190981566528433,0.6389394425446616,0.4170110434125151
8,85,b,1,10.346700761650913,10.6950131002297,-2.4169815086795254,1.758428315144454,0.6081869271760056,0.45166303182489986
8,85,c,1,10.931783819963181,10.6950131002297,-2.105813336125506,1.9503387931138934,0.784957143713595,0.3981707486990011
8,86,b,1,10.542102858219273,10.6950131002297,1.0316058310025449,0.5541947725726857,699.4621190901192,0.11648452588091124
8,86,c,1,10.284202683995513,10.6950131002297,-2.0550889211910244,1.6847130360750948,0.5579441385577386,0.4169693440133055
8,87,b,1,63.79322314776318,10.6950131002297,-6.497076672302423,10.093737623254626,467.2012570834035,0.1379399418966553
8,87,c,1,10.82344083064955,10.6950131002297,-1.9516249122276839,1.876120535125065,0.757308393547619,0.38694474889354225
8,92,b,1,10.7665677890904,10.6950131002297,-0.7360976930319592,1.3845384590965937,17.43523152145561,0.2779157873367426
8,92,c,1,10.960058500898203,10.6950131002297,-2.134083509584837,2.0895152465013838,0.5876597808986979,0.3990955690521806
8,93,b,1,9.906429654760949,10.6950131002297,-0.0063660241212818505,0.8160139286991097,21.05755962143033,0.2242205560970132
8,93,c,1,10.63151333537526,10.6950131002297,-2.2994478244035035,2.0248416780288894,0.3834558992051981,0.4266931367239159
8,94,b,1,10.175076401790468,10.6950131002297,1.6989745878378573,0.2533379056142129,4830.606358323585,0.05618891987074788
8,94,c,1,10.384790445933374,10.6950131002297,-1.5527732324685113,1.5400148328783745,1.2954347284862173,0.36399497485058074
8,95,b,1,10.841088902091473,10.6950131002297,-2.548872171482509,2.157468621190077,0.3390684539719423,0.44248875363524126
8,95,c,1,10.838194350856925,10.6950131002297,-2.035573971434405,1.9408411162268233,0.6632686011705354,0.39427043084074265
8,88,b,1,11.082115521871803,10.6950131002297,-2.849999797291009,2.3054743680037744,0.15119895869127795,0.4595067763943577
8,88,c,1,10.757622070083046,10.6950131002297,-2.4533087904321533,2.079403333322657,0.4019500111605553,0.43698527781805657
8,89,b,1,10.66525993288209,10.6950131002297,1.686270093397786,0.27562540682898573,8103.035155602171,0.05550802862491534
8,89,c,1,10.631792055965747,10.6950131002297,-2.337050197590942,1.9758062849494298,0.46495344780069897,0.43099254867721687
8,90,b,1,10.798028751146783,10.6950131002297,1.5575144986953124,0.35852951145595247,1230.0591331473038,0.06392142600344616
8,90,c,1,10.534594718231586,10.6950131002297,-1.899506677662658,1.8067079478197328,0.7672215638857177,0.3923140804106235
8,91,b,1,100.572854743077,10.6950131002297,-7.035638851693558,11.136535065348557,2023.2951523467789,0.09285026303047224
8,91,c,1,10.552826210332658,10.6950131002297,-2.5038630589238484,1.8879262494153328,0.3327678807621459,0.45002268142737856
8,104,b,1,10.68026596285926,10.6950131002297,-5.086987135439156,3.1947166364763877,0.0030673758311201707,0.687658891302052
8,104,c,1,10.3327819173558,10.6950131002297,-2.6916538587663594,1.922304873278462,0.24629016111185126,0.47798411606320823
8,105,b,1,10.362083814559305,10.6950131002297,-7.06163987528729,3.472428850976799,0.0001234098043567058,0.900682628595267
8,105,c,1,11.166956479338827,10.6950131002297,-2.548962554697537,2.2914189568564187,0.45867149635699955,0.43026764165075093
8,106,b,1,10.572493390169583,10.6950131002297,-1.2511539336621027,1.5110928704298585,3.607593766133171,0.33035616173976756
8,106,c,1,10.710711009102294,10.6950131002297,-2.4462985584144,2.1255415007535996,0.35652748334476947,0.4378893127022441
8,107,b,1,10.576596360090592,10.6950131002297,-7.627411865035793,4.1601456041892515,0.00012340980412479312,0.9371856285396409
8,107,c,1,10.940397994023744,10.6950131002297,-1.8581229171541849,1.987699497322371,0.8961420657119326,0.37420497591211593
8,108,b,1,10.77575892905371,10.6950131002297,-2.8028778047366645,2.3851298434601045,0.18122579172244074,0.4684354546608762
8,108,c,1,10.510889402643246,10.6950131002297,-2.6547891217757655,2.052301174512554,0.23024037705461922,0.4659926114071885
8,109,b,1,11.455371116601219,10.6950131002297,1.6350293186663634,0.3531280481162413,2632.9788806857255,0.054738107776288916
8,109,c,1,11.251807156302759,10.6950131002297,-1.642289054666651,1.9158317195155048,1.8503938304889445,0.3454754513430108
8,110,b,1,10.950537380883635,10.6950131002297,-6.227164680079664,4.024628336178974,0.0012228273636727444,0.7768441671725446
8,110,c,1,10.770451251907394,10.6950131002297,-2.5084087848300474,2.1871687418504244,0.29262420914690684,0.44102354179743586
8,111,b,1,10.806172344302878,10.6950131002297,1.072326298044521,0.6044806209077221,275.29696412339916,0.10724424699204362
8,111,c,1,10.53835385534057,10.6950131002297,-2.525261152699222,2.1100280755069933,0.2514466355360816,0.45198445556090533
8,112,b,1,11.192318993748106,10.6950131002297,-3.1946930503941964,2.6932184866936364,0.11457654646633081,0.48678209178546233
8,112,c,1,10.238242937437432,10.6950131002297,-1.7324767022661818,1.4625756038736895,0.9798904245567249,0.38704658679746085
8,113,b,1,10.303506554794115,10.6950131002297,-7.131650044905874,3.397737672879938,0.00012340980425816448,0.9128031903525499
8,113,c,1,10.831059398870531,10.6950131002297,-1.5486303011503808,1.6350952837164399,1.858796988600342,0.34973946939083
8,114,b,1,14.644912221565187,10.6950131002297,-11.999999981914998,9.894213149597677,0.0001234098470614702,0.9766095360886758
8,114,c,1,11.420113732516857,10.6950131002297,-2.1267227955582784,2.254920489171603,0.612785174405819,0.38244742807252907
8,115,b,1,10.62487358100599,10.6950131002297,-2.3729411881535767,2.0510491781696145,0.6384276005310424,0.4356057847771683
8,115,c,1,10.665738814650089,10.6950131002297,-2.0037797473311345,1.8726004953114896,0.7725692132452341,0.3979294086133055
8,120,b,1,10.64317699000459,10.6950131002297,-3.6840143487984003,2.4688821183128113,0.03496715802355923,0.5573675104592514
8,120,c,1,10.911790735734044,10.6950131002297,-2.243126561654294,2.050056297410546,0.5691251503082717,0.41136317582752785
8,121,b,1,10.986292538116073,10.6950131002297,-4.296338326301698,3.215130993817077,0.009138376174320886,0.5953963289477031
8,121,c,1,10.552713006018902,10.6950131002297,-1.9455335432661864,1.8364850221184406,0.693643062372819,0.39597332127713153
8,122,b,1,10.819239989069565,10.6950131002297,-1.2494126131414385,1.5940385222627427,3.934850720744651,0.32289128180112087
8,122,c,1,10.590381121943834,10.6950131002297,-2.0630567635560784,1.7862050426205711,0.6956145890496793,0.4063980372946592
8,123,b,1,84.6950896069963,10.6950131002297,-6.1690908765036365,10.005955400221676,3316.042888487584,0.1000254120763188
8,123,c,1,11.547922106040987,10.6950131002297,-1.8786451034183054,2.1463162467141483,1.1937082368952607,0.3571691428638173
8,128,b,1,10.627456114089478,10.6950131002297,-4.598801483168473,2.864044917107598,0.012308422153976664,0.6459331783736368
8,128,c,1,11.026869619882662,10.6950131002297,-2.2754486383792947,2.206972410210506,0.514473539861471,0.40990662057996946
8,129,b,1,10.347068264873267,10.6950131002297,-0.7027339564230781,1.3233477418026087,9.201595394356156,0.2840581184949245
8,129,c,1,10.168432480495982,10.6950131002297,-2.321366451078047,1.839138113811055,0.25753270478243734,0.44703047177504895
8,130,b,1,10.861097859422154,10.6950131002297,-0.49331037499520014,1.2579069512692658,17.4743110834224,0.2519734108700322
8,130,c,1,10.803372619899218,10.6950131002297,-2.6506975626761857,2.2390532694096255,0.29215759689270737,0.4535948035902052
8,131,b,1,11.319989570378425,10.6950131002297,-0.6103179640195312,1.4717963656532012,9.43816548189578,0.25099540308863666
8,131,c,1,10.975216450589063,10.6950131002297,-1.4763764188166535,1.693717070752952,1.920602294492307,0.33823158815471505
8,116,b,1,10.575877728091138,10.6950131002297,-0.15406953781992372,1.0608890547229581,27.25803076031453,0.2259980498801239
8,116,c,1,10.433355639786535,10.6950131002297,-2.300323464078649,1.8861651196247111,0.403646639115373,0.435045798703095
8,117,b,1,10.073608706335882,10.6950131002297,-5.035364414173248,2.5563583353069337,0.0029401991505440977,0.7236081427158574
8,117,c,1,10.471257465085365,10.6950131002297,-2.738748630874647,2.0915911808065397,0.2230207420179587,0.4761472435696956
8,118,b,1,11.1603248190591,10.6950131002297,1.716478321092111,0.30432255271514635,6445.221553574845,0.050000000020311956
8,118,c,1,10.836329214751458,10.6950131002297,-1.436288821860738,1.653759472200496,1.9560165109295458,0.33867356921978775
8,119,b,1,10.125098424263925,10.6950131002297,-6.9711656998672105,3.1570767511090003,0.00022860450783734144,0.9134325709982031
8,119,c,1,10.535268308911741,10.6950131002297,-2.380193600121569,1.8866300520175558,0.45464136383095216,0.4392076326485275
8,124,b,1,10.154678681829221,10.6950131002297,-6.967303672634435,3.284549560123866,0.00012340980409885613,0.9094841057407355
8,124,c,1,10.530324780057828,10.6950131002297,-2.457594072720423,2.032455194226369,0.3000639641892154,0.44602903200121813
8,125,b,1,10.977460291683943,10.6950131002297,0.045807128027851474,1.068402697932466,36.41823796914263,0.19917995015963202
8,125,c,1,10.745834933376385,10.6950131002297,-1.884150730483066,1.8595843609804836,0.9078239915073253,0.38360103220863195
8,126,b,1,10.468111083875032,10.6950131002297,-0.3928955825303882,1.1598435469275132,20.31169979970827,0.2516962342797858
8,126,c,1,10.264511337483436,10.6950131002297,-2.4752047343874573,1.8335485626974506,0.27966089845744563,0.45918570964462946
8,127,b,1,11.430758741900977,10.6950131002297,1.100778482339308,0.6062567240218824,546.2641576546931,0.1005778753780868
8,127,c,1,11.868613923713138,10.6950131002297,-2.0072725399679885,2.363263244861248,0.9164660909106143,0.3583391568369994
8,132,b,1,10.002882902741254,10.6950131002297,-6.777258561330856,2.9703579093912236,0.0001234098043010713,0.9035676033203941
8,132,c,1,10.490531124320082,10.6950131002297,-2.382387557796885,1.9326588299389769,0.3232003558225685,0.44031773186200895
8,133,b,1,11.181349848885185,10.6950131002297,0.8455518970555198,0.723453102222082,212.75613128975826,0.1245223716140822
8,133,c,1,10.942936662515883,10.6950131002297,-2.3259661449237954,2.1440932849262686,0.4429745450374167,0.41753664513959526
8,134,b,1,10.806602215881256,10.6950131002297,0.30542951059151235,0.9012318083396169,169.3938138254846,0.18089851755836303
8,134,c,1,10.869454131438934,10.6950131002297,-2.225846891844145,2.0272141666854733,0.5873614741594485,0.41136777175824424
8,135,b,1,10.776854262328138,10.6950131002297,-4.1890230668191215,2.9087346209749256,0.018730238246756042,0.598200281574404
8,135,c,1,10.842178850766045,10.6950131002297,-1.89093136193634,1.9122235946941812,1.0509224559659116,0.38127566225345955
8,148,b,1,11.104528983786729,10.6950131002297,-2.6309250421362544,2.3328324909216205,0.31139348227619773,0.4395700257325313
8,148,c,1,10.9092707796945,10.6950131002297,-2.0384443692715015,2.0473099681034537,0.8260737324282945,0.39259901782974244
8,149,b,1,10.688780426568872,10.6950131002297,-2.7932294910272573,2.235045667961325,0.24944724300341342,0.47209706478458524
8,149,c,1,10.163017916385122,10.6950131002297,-2.386130906102812,1.6517291506113734,0.2715578658002399,0.4543134545184559
8,150,b,1,10.752746836665183,10.6950131002297,-3.3533126726899987,2.6107866923374745,0.06352291897503905,0.520767219428546
8,150,c,1,10.331318133877406,10.6950131002297,-2.294595079250901,1.8305914197721305,0.37330769472056957,0.4385047093982806
8,151,b,1,10.83802981534962,10.6950131002297,-2.635241762456741,2.270337321508282,0.44429458845138853,0.4515798626924801
8,151,c,1,10.278761820516857,10.6950131002297,-2.3062265054800974,1.7483894509978577,0.3715484527631096,0.4419384093936377
8,144,b,1,11.785060991341581,10.6950131002297,0.32311903175357704,1.0594277703211925,83.72731647042858,0.16277323680785757
8,144,c,1,10.568710645544396,10.6950131002297,-3.0473495367013426,2.1693856057170144,0.14068066600561488,0.5013510165943629
8,145,b,1,10.853106198145143,10.6950131002297,-4.509110972496526,3.0174858943794867,0.011474725240442787,0.6237893583359091
8,145,c,1,11.103582532110549,10.6950131002297,-2.56518057054704,2.3450014616085624,0.3678057265495579,0.43376818027288216
8,146,b,1,9.932370474870279,10.6950131002297,-4.752947263423785,2.2605438725516844,0.007140901050135203,0.7061925219702904
8,146,c,1,10.389734606852608,10.6950131002297,-2.9684361792355882,2.0754217551418828,0.12228161110175274,0.5015989819908026
8,147,b,1,13.124762109858478,10.6950131002297,-5.126162924314719,4.573578528025611,0.023261169045682654,0.5648076770335032
8,147,c,1,12.228601963122799,10.6950131002297,-1.5503377659246869,2.1765371890090206,2.8878098688742364,0.31093729964356887
8,136,b,1,10.696262290920563,10.6950131002297,-7.934429007821853,4.412558822963398,0.0001234098050414414,0.9558429586280357
8,136,c,1,11.081632770822635,10.6950131002297,-1.663467565296791,1.8655658825438515,1.4355012090729398,0.35211167331040727
8,137,b,1,10.695614925408826,10.6950131002297,-3.73550399957018,2.6270714657567886,0.06329077097434381,0.5609451933859918
8,137,c,1,10.627802894838762,10.6950131002297,-1.9236983849570386,1.7623009506560674,0.8422717266352697,0.3915950354526783
8,138,b,1,10.08646169558127,10.6950131002297,-4.943959099680546,2.476474395929057,0.004600750122868653,0.7142216364288066
8,138,c,1,10.88170090517223,10.6950131002297,-1.8930963888046972,1.9395230663083751,0.8436533045664318,0.3794667834627963
8,139,b,1,10.250407711931198,10.6950131002297,-7.519541796982401,3.6100364409413777,0.00012340980419991757,0.9562878995219363
8,139,c,1,10.845107502321033,10.6950131002297,-2.6597522995097957,2.276920778849044,0.26576507490736434,0.45249373698156514
8,140,b,1,10.528853637607229,10.6950131002297,-1.8329386653926427,1.7111374060781608,1.3775561811179238,0.3875354879752423
8,140,c,1,10.352133432398539,10.6950131002297,-1.9075404189289273,1.6839502837308609,0.749702774979738,0.3999813097889328
8,141,b,1,68.53143196786453,10.6950131002297,-4.6316122431202,7.976320455418854,6700.91818286284,0.10118202584793072
8,141,c,1,10.670610689325768,10.6950131002297,-2.0769581923877105,1.781033314082557,0.8057398214692949,0.40512915441612896
8,142,b,1,10.637940929948929,10.6950131002297,-7.188478318099565,4.032162247287671,0.000123409804248984,0.8896000526811323
8,142,c,1,10.551676582514691,10.6950131002297,-1.6642819467248602,1.681196795309178,1.1994308775857756,0.3693084186425123
8,143,b,1,10.243625662945421,10.6950131002297,-7.5091714771067135,3.405428338315275,0.00012340980421322772,0.9558885314786141
8,143,c,1,11.153778341401889,10.6950131002297,-1.8626005461575876,1.9406188073160635,1.3111267366234813,0.3685064170557187
8,156,b,1,10.427064391104174,10.6950131002297,-0.5001982715685085,1.0959909115327837,18.381747605115997,0.26330237250640953
8,156,c,1,10.62416612190458,10.6950131002297,-2.152875750214174,1.7966589778371957,0.6243373052779659,0.413763988244126
8,157,b,1,11.007703911412982,10.6950131002297,-3.6348159492358336,2.7954174743775306,0.04071417293897778,0.5345716463056677
8,157,c,1,10.702094532870124,10.6950131002297,-1.7148906028140976,1.7744942702463748,1.3477621547104897,0.36952175624959216
8,158,b,1,12.831416762034847,10.6950131002297,0.7593824016973224,0.9817594591716541,140.48322432248838,0.11457442864176669
8,158,c,1,10.689530361648572,10.6950131002297,-1.6790069145866169,1.7409583439949121,1.1775239177264996,0.3659592550758007
8,159,b,1,10.563269346632184,10.6950131002297,-7.449044871924346,3.9569354062997393,0.00012340980410195982,0.9211540926777285
8,159,c,1,11.399205108035387,10.6950131002297,-2.02296859546533,2.2410549275692677,0.9957334113558687,0.3747493357423154
8,152,b,1,10.155967093366138,10.6950131002297,-7.1971875560962975,3.2495599679428584,0.00012340980412145526,0.9326990576646388
8,152,c,1,10.592610151221743,10.6950131002297,-1.8611426775107736,1.7146761354390696,0.9679000347562681,0.3870326619719341
8,153,b,1,10.278648476546964,10.6950131002297,-7.51159583648106,3.761915854643725,0.00012340980563531543,0.9528720708721485
8,153,c,1,10.72963397945778,10.6950131002297,-2.7427620620749447,2.3501402104142066,0.21423869852303287,0.46497161012679206
8,154,b,1,11.139733150828842,10.6950131002297,-1.0636297442232427,1.6266024030838724,5.2837322913791285,0.29671837304326776
8,154,c,1,11.112028064867284,10.6950131002297,-2.376010917323355,2.2343866100765815,0.47793689922727667,0.4161375482605804
8,155,b,1,10.92798781414457,10.6950131002297,-4.976859873306625,3.417243956075388,0.001959157163205796,0.660352055435532
8,155,c,1,11.11366586063028,10.6950131002297,-1.1257576083610794,1.7053313895695994,3.270427922057934,0.30194002347991805
8,160,b,1,10.696135611770092,10.6950131002297,-7.796512853286261,4.427747321847928,0.00012340980410347288,0.9427796061270702
8,160,c,1,10.794520664145217,10.6950131002297,-2.423436226208187,2.150260075686335,0.36030290852542646,0.4322749133416471
8,161,b,1,10.251597058087285,10.6950131002297,-5.553193783149074,2.7456256898691382,0.0013200216604030443,0.7620820714158681
8,161,c,1,11.18251249767835,10.6950131002297,-1.7077221028028675,1.9250348049963693,1.4459012244603138,0.3531604132588457
8,162,b,1,10.608728824148146,10.6950131002297,0.17143229717725478,0.885618398781438,53.84697829017583,0.19470846195299113
8,162,c,1,11.107368167189966,10.6950131002297,-2.3536477095222903,2.2572808333619476,0.43904498751352233,0.4139705840707013
8,163,b,1,10.90075629133952,10.6950131002297,-7.111353824589005,4.333699966062738,0.00012340980421129727,0.8608741735455323
8,163,c,1,10.373053026871846,10.6950131002297,-2.2317216245110347,1.7983549902765064,0.5201531935239427,0.4313096603896338
8,164,b,1,10.661033503813993,10.6950131002297,-2.0938794004328827,1.8461152023597578,0.6645714196549067,0.4066420219195406
8,164,c,1,10.866430497532493,10.6950131002297,-2.3270272526784113,2.1098069728924163,0.5621120357179761,0.42119351233419955
8,165,b,1,11.017909044878554,10.6950131002297,0.2337111535189303,0.9806009240090366,55.7807865502877,0.18155346810287012
8,165,c,1,11.018757782051702,10.6950131002297,-1.9876258225554158,2.004334825677298,0.9237342223352443,0.38411252968578624
8,166,b,1,11.05102167590483,10.6950131002297,1.0594942716534028,0.6030494027204527,368.8438185492615,0.10697871007795491
8,166,c,1,11.07069255681769,10.6950131002297,-2.318310407273175,2.165700132290807,0.42411754233352034,0.41186646156148693
8,167,b,1,11.439769693856451,10.6950131002297,-7.664964577506714,5.251848184194904,0.00012340980413477903,0.8698113462001804
8,167,c,1,11.555742831290383,10.6950131002297,-1.9530078185963757,2.3091387093968065,1.3067769405039749,0.36391527340533036
8,168,b,1,10.621828672486059,10.6950131002297,0.9646004771114938,0.5940974602909543,339.77715145985303,0.12053555743353797
8,168,c,1,10.190716705954433,10.6950131002297,-1.7085327131297774,1.449162805405999,1.075966529480626,0.38666226771747303
8,169,b,1,10.87531509291168,10.6950131002297,-2.4823936381986584,2.151169307361223,0.29668447378552454,0.4342706797570814
8,169,c,1,10.71349818805085,10.6950131002297,-2.0482751583430243,1.8055207421106876,0.770053404171531,0.40055204986284765
8,170,b,1,10.650319385284336,10.6950131002297,0.010031679008635414,1.0297711830109137,44.24526986266629,0.20947943201544855
8,170,c,1,10.43100008380978,10.6950131002297,-2.117871083613748,1.7606798348263015,0.6072719481920265,0.417784579103648
8,171,b,1,11.020957357198279,10.6950131002297,-1.1734165229818123,1.6221264691809285,3.938856169728809,0.3096692886345544
8,171,c,1,10.710176263708815,10.6950131002297,-2.0306802599972227,1.8236375060920471,0.7190596976543825,0.39873766480729694
8,172,b,1,10.805704461642183,10.6950131002297,-7.452812066470559,4.393794747424558,0.00012340980432726085,0.9008432396374056
8,172,c,1,10.993592549000223,10.6950131002297,-1.6334968616966046,1.817098584934028,1.6578116821286326,0.35244508580076966
8,173,b,1,10.555917720888125,10.6950131002297,-1.62099784954698,1.5690761542622558,1.2632395562909964,0.36494337734817767
8,173,c,1,10.967869956523412,10.6950131002297,-2.1119410169266075,2.0512908964551126,0.8338753710924456,0.3976006029355047
8,174,b,1,11.217619530338633,10.6950131002297,-8.185527499979301,5.259694959890929,0.00012340980455220738,0.93406154810493
8,174,c,1,10.810382390653666,10.6950131002297,-2.041318922439998,1.905532182064623,0.7761116074239081,0.3963020127929045
8,175,b,1,10.614201280235234,10.6950131002297,-1.4647618261097235,1.614825232345905,1.5169036720776532,0.3477710339614424
8,175,c,1,10.468113854918336,10.6950131002297,-2.043710573539337,1.7756453409514257,0.752892425357265,0.409414637387758
8,176,b,1,11.259368581995908,10.6950131002297,-0.7491013163313838,1.539727789442637,9.663965156357644,0.2655620585679278
8,176,c,1,11.170400026956953,10.6950131002297,-2.0490600413564257,2.1194890395910555,0.8622407716030219,0.38453546776271963
8,177,b,1,10.38451035770325,10.6950131002297,-2.019469616732816,1.7299629292140168,0.5483056699736939,0.4092085032174229
8,177,c,1,10.730842897787738,10.6950131002297,-1.8768145468990147,1.9020632716792594,0.7827000714153346,0.3829422368237604
8,178,b,1,10.384651683084655,10.6950131002297,-6.3117802058674695,3.224925324438548,0.0004262730772454441,0.8260984804458084
8,178,c,1,10.958507013037236,10.6950131002297,-2.9410073023611023,2.431134584295109,0.16415651169206283,0.47367520126939494
8,179,b,1,11.062236928635068,10.6950131002297,0.4257613920776662,0.8816548688648869,64.91666799369315,0.1627019464926367
8,179,c,1,10.972518112194836,10.6950131002297,-2.144835836878559,2.0759195314131293,0.5833789188696407,0.3996626213332674
8,196,b,1,11.951667523271944,10.6950131002297,0.384901195449301,1.092704649578604,139.4198608052621,0.15623376253222085
8,196,c,1,10.85756597244687,10.6950131002297,-2.1054294095071917,1.9600786943314175,0.7314830291605833,0.400670984110201
8,197,b,1,10.526310780641246,10.6950131002297,-2.524468552346333,2.004875315527574,0.2756427150452228,0.452697385908072
8,197,c,1,10.644161167634353,10.6950131002297,-2.579592625346179,2.101974992165596,0.31634564069841553,0.4535410871462187
8,198,b,1,11.263459847878037,10.6950131002297,-1.101174262417958,1.6278102767745928,5.869068540339577,0.29725752853796716
8,198,c,1,10.592087690056275,10.6950131002297,-2.005734905189704,1.7843908808983788,0.7240531207065016,0.4006994549953923
8,199,b,1,11.239403500141588,10.6950131002297,-5.489437200720692,3.8722908942831538,0.001876642206026166,0.6898397087498376
8,199,c,1,10.308143770105458,10.6950131002297,-2.488731300571299,1.865810710242521,0.2758030799742359,0.4585952978061677
8,184,b,1,10.381562014059655,10.6950131002297,-0.9233885590323276,1.273802112585231,8.780497716911178,0.3055090408230604
8,184,c,1,11.060498398633413,10.6950131002297,-2.0138975710532288,2.0705730893259204,0.7894855483680271,0.38475815898030424
8,185,b,1,10.641838520200432,10.6950131002297,-5.646751639746723,3.2859940479093463,0.0020163028607671826,0.7439962916164479
8,185,c,1,11.368816083201674,10.6950131002297,-1.910320425296535,2.202366276056602,1.0585111660260003,0.36543851606843675
8,186,b,1,10.596688287245893,10.6950131002297,1.1386974178049636,0.5019049599877994,866.6246197364239,0.10577858135455728
8,186,c,1,10.470171645080175,10.6950131002297,-2.191468752819569,1.840644933744803,0.4435139515297591,0.4227306179245697
8,187,b,1,152.37808250259434,10.6950131002297,-5.316343286374636,9.353529521348918,6968.762332487304,0.05000000272085234
8,187,c,1,10.719169015387683,10.6950131002297,-1.7362350104508941,1.6864614784675598,1.4838895012354254,0.37131749071728676
8,208,b,1,89.61846320246046,10.6950131002297,-5.850438019259245,9.654957358555897,3660.6762715861646,0.09097459986856628
8,208,c,1,11.009029686110596,10.6950131002297,-2.070765017345564,1.9369288634798105,0.7847418847723683,0.39201226883431817
8,209,b,1,10.986397129966338,10.6950131002297,-1.8759351126590698,1.9482811796426067,1.038018527564458,0.3747895131279543
8,209,c,1,10.385753460531586,10.6950131002297,-2.2314251890726005,1.7863098077768926,0.4427727083861909,0.4302649896668164
8,210,b,1,10.624244025263238,10.6950131002297,-1.896656840592852,1.7362390807429795,0.6817880849859113,0.3883197054325673
8,210,c,1,10.688121082746026,10.6950131002297,-2.5025193266696704,2.03374414182068,0.32927652883985803,0.4441647079247058
8,211,b,1,11.33064112785861,10.6950131002297,-5.070111520455535,3.8174494840508055,0.009796266211317208,0.6484166648038011
8,211,c,1,10.496548167676668,10.6950131002297,-1.8361307849470823,1.700190865971467,0.863777286617543,0.38767118207109885
8,188,b,1,78.10228524524942,10.6950131002297,-4.387340814429882,7.843397537104478,5156.521072067844,0.0856550575322512
8,188,c,1,11.556378054276824,10.6950131002297,-1.542926336532732,2.0150977173013267,1.889352158379961,0.32730838276606206
8,189,b,1,10.533977063870395,10.6950131002297,-8.01218511491616,4.186368184669219,0.0001234098040897324,0.9780428205066135
8,189,c,1,10.828877243857441,10.6950131002297,-1.8758379005648183,1.8493085838228978,0.9909017409047363,0.38009958606385014
8,190,b,1,11.10369774711154,10.6950131002297,1.6935992294369093,0.30364385862265686,7661.365901733518,0.05257741661866815
8,190,c,1,10.629664111985523,10.6950131002297,-2.2527462930627826,1.949814069140637,0.4812209674983287,0.4227730344247209
8,191,b,1,10.21636470268522,10.6950131002297,-1.3903984536465481,1.486828009588866,2.1382585408534447,0.35472450607475076
8,191,c,1,10.333704263618493,10.6950131002297,-1.8310314773429954,1.731555536655033,0.7079824016367843,0.3925459122402131
8,180,b,1,10.156046399688892,10.6950131002297,1.1355537551100154,0.4559916842902805,664.5402560284999,0.11009194497486431
8,180,c,1,10.899983947414626,10.6950131002297,-2.249500970179743,2.071587332191497,0.5958169473544113,0.41254449045166164
8,181,b,1,10.729618044466775,10.6950131002297,-5.350454096010818,3.3647386008981366,0.002393239439466543,0.7095989437128468
8,181,c,1,10.852357730885426,10.6950131002297,-2.26984734298037,2.13366568391986,0.5123142359131022,0.4159406526822314
8,182,b,1,11.429480309146456,10.6950131002297,-3.3490700101493664,2.8759239706563227,0.12636193488357375,0.49097790259763685
8,182,c,1,11.037565609354557,10.6950131002297,-1.9915040550224294,2.0024565750221885,0.905883014417119,0.3837785244033888
8,183,b,1,10.40224746580229,10.6950131002297,1.756187851054663,0.24000794680409476,7969.690049899005,0.05000000145769606
8,183,c,1,10.376042615134027,10.6950131002297,-1.9061076198718478,1.7059444973153493,0.758664013990144,0.39895166062620296
8,200,b,1,10.59134479027237,10.6950131002297,-2.4687469583862374,1.941321581780547,0.30511428864515877,0.4446277950208469
8,200,c,1,10.866392460920059,10.6950131002297,-3.060498914463266,2.4635395944085605,0.13116363955552615,0.48872235759577937
8,201,b,1,10.53304269118792,10.6950131002297,-3.585165712312812,2.4951281254946447,0.06259729847585754,0.5547147831632688
8,201,c,1,10.344250318063386,10.6950131002297,-2.5336365602122575,1.9657344477902132,0.2409186855308684,0.46119349086521993
8,202,b,1,10.037038137990839,10.6950131002297,0.3902465710263048,0.7049059948648614,97.99927718397802,0.18450347945147758
8,202,c,1,10.875731637708734,10.6950131002297,-2.3637428282244417,2.178969961231731,0.3657366055437718,0.42326365769735236
8,203,b,1,10.68142905798903,10.6950131002297,-3.2486008540218143,2.3481931854961546,0.1662516251934874,0.5160915960525071
8,203,c,1,11.068700186600946,10.6950131002297,-1.8199449318798424,1.957773745567801,1.213257985137928,0.3670640766863745
8,192,b,1,11.9693160839108,10.6950131002297,-9.593202004780238,6.277789014410274,0.0002495472221058046,0.9937107209078443
8,192,c,1,11.539378758379572,10.6950131002297,-2.16074468632539,2.219806480843449,0.8200048272616062,0.38232229604374723
8,193,b,1,10.658776608470772,10.6950131002297,-7.259660351631602,4.17934255169609,0.00012340980412018293,0.8947169102788596
8,193,c,1,10.440981267813152,10.6950131002297,-2.6061643971596413,2.031100526008494,0.25256786981783935,0.4644422291991444
8,194,b,1,10.4432135003676,10.6950131002297,1.7090273330222585,0.2388576295199811,8103.083589484619,0.054455547051129156
8,194,c,1,10.684897797361797,10.6950131002297,-1.8295605833117201,1.775052632351603,0.8168791700999207,0.3799944191438085
8,195,b,1,10.394493384439619,10.6950131002297,-6.819519035555285,3.5921745728166794,0.00016106099421032123,0.8742347289172185
8,195,c,1,10.504468792360836,10.6950131002297,-2.6278846924551305,2.060981938062515,0.26232869313146445,0.4639287218266889
8,204,b,1,10.494877144651989,10.6950131002297,-0.2991803019575383,1.105736215189864,27.537860856258124,0.24245304207914004
8,204,c,1,10.161568385980178,10.6950131002297,-1.808022125076374,1.5344422831209599,0.8197709294720198,0.3973035415390177
8,205,b,1,11.400375586484392,10.6950131002297,-5.181693297971819,4.004296103461723,0.02277012935487757,0.6551704422393086
8,205,c,1,10.496981003064016,10.6950131002297,-1.920748385999627,1.7172287788013236,0.742405668621871,0.39577503363419003
8,206,b,1,9.267870752265335,10.6950131002297,1.7044119731386762,0.15979026438539773,7366.366909269084,0.06174153509707149
8,206,c,1,10.441315016758411,10.6950131002297,-2.2078343590963656,1.8096003937432288,0.44296665324094925,0.42556801423024593
8,207,b,1,10.794943502755933,10.6950131002297,-4.804644061397791,3.2811736780044414,0.006367480673990545,0.654531394163006
8,207,c,1,10.502589615363826,10.6950131002297,-2.498640604117729,2.062680686863884,0.26224849000540756,0.45095441802717573
8,220,b,1,10.344950718617511,10.6950131002297,-2.6261301779379025,1.8048355955784432,0.20168764890328653,0.47012611241705216
8,220,c,1,11.001712167517322,10.6950131002297,-2.034762232522394,1.9740892811488098,0.7988459700774002,0.38885658579865706
8,221,b,1,11.097174595658714,10.6950131002297,-4.032518100577823,3.0049952366905615,0.01730029857536733,0.5659533182206262
8,221,c,1,11.417404636170412,10.6950131002297,-1.5365223182551273,1.9251939357996872,2.1580367216453884,0.33105321136391413
8,222,b,1,11.042856255068376,10.6950131002297,-1.132641301873781,1.6643378941350497,2.7984498570579186,0.30401512964083055
8,222,c,1,10.83550068273632,10.6950131002297,-1.7546567632674175,1.8701525023931211,1.2573006522929107,0.36867127192881777
8,223,b,1,10.55948100963177,10.6950131002297,-0.6841940191819181,1.2572217347109715,6.622506610321645,0.2753309511670231
8,223,c,1,10.735132855602906,10.6950131002297,-1.5233781722969044,1.6477787984409136,1.51173921816175,0.34970528141079255
8,216,b,1,10.487278379559907,10.6950131002297,-1.603001210381195,1.547858988688544,4.354815237620381,0.36868457809117416
8,216,c,1,11.083943185341525,10.6950131002297,-1.8717701766132728,1.9854346823276876,1.109452167358039,0.3712730394283762
8,217,b,1,9.956476468166688,10.6950131002297,-4.689142069448084,2.3328373738294528,0.009169077719870834,0.6983209112019799
8,217,c,1,10.562405578811578,10.6950131002297,-1.968539395989727,1.8168582752420994,0.8232277161829726,0.39846546887188306
8,218,b,1,11.17510533481582,10.6950131002297,1.713665938606411,0.29169856796447835,5575.834299980204,0.05000426587140257
8,218,c,1,10.755229009145445,10.6950131002297,-1.9918139177902288,1.8296341589966572,0.6669238431191705,0.3929902529665643
8,219,b,1,10.806666998141086,10.6950131002297,-2.6482357495413242,2.1697768737332597,0.2574228378216165,0.4528959617923588
8,219,c,1,10.733120948621503,10.6950131002297,-2.5609373775437065,2.1242703272577463,0.34484299521868894,0.4481668607046326
8,212,b,1,10.852749158310957,10.6950131002297,-5.840234824700495,3.614096616169138,0.000915261949264894,0.7467108665820064
8,212,c,1,11.008967032779047,10.6950131002297,-2.059131426427875,2.008420147894147,0.8495403690969141,0.39110256652473285
8,213,b,1,10.144575708521915,10.6950131002297,0.056646377297353896,0.865654387679569,47.00924569786415,0.21522795342074558
8,213,c,1,10.837987400115908,10.6950131002297,-1.9807880397684279,1.9684562577747142,0.7790501361741318,0.38937481527253665
8,214,b,1,10.654565485365294,10.6950131002297,-2.593139044842111,2.119942077706592,0.19219335238896068,0.4530082072771679
8,214,c,1,10.72527825447056,10.6950131002297,-1.560343489988317,1.6491678175637348,1.5452875550395344,0.353786526989688
8,215,b,1,9.595253523259313,10.6950131002297,1.3050624057843967,0.31363919867323087,1777.105558458826,0.10026529240450009
8,215,c,1,10.158445916846116,10.6950131002297,-2.6812948963379997,1.8921070244333846,0.16869094224102776,0.4839646108385304
8,224,b,1,10.345199174657411,10.6950131002297,-6.101651688586538,3.2864317110390697,0.0008675656543502952,0.8094024396288436
8,224,c,1,11.028739274512692,10.6950131002297,-2.037677344707408,2.0704255373501326,0.8194636013893115,0.3882514139870771
8,225,b,1,11.032443981388093,10.6950131002297,-7.631363539548926,4.831815540385969,0.00012340980416954904,0.898826756016336
8,225,c,1,10.380951681680115,10.6950131002297,-1.8039229743540899,1.6245422863707681,0.9469903527903434,0.3889770754157119
8,226,b,1,10.606841533693569,10.6950131002297,-5.198690601896246,3.155764747739195,0.003078037546259043,0.7034072360743796
8,226,c,1,10.500163618696975,10.6950131002297,-1.7243218562720437,1.639008923114177,1.1150115140400423,0.3769934049306694
8,227,b,1,11.012213956977403,10.6950131002297,-5.033860303202083,3.5257549628974996,0.0057473994233335594,0.663048109527602
8,227,c,1,10.747461487120674,10.6950131002297,-1.7729476263576145,1.8422888241276145,1.1401814329005415,0.37321252341916394
8,228,b,1,10.531882185508612,10.6950131002297,-0.46120643010148654,1.173118698967522,30.490726107031335,0.2580279502587452
8,228,c,1,11.15984452451434,10.6950131002297,-1.728400858298539,1.9245835443563992,1.1986250992092387,0.35531573962339275
8,229,b,1,9.667244208923647,10.6950131002297,1.2653216846260609,0.3610457982001891,1221.623270396387,0.10304604020441288
8,229,c,1,10.415498079836532,10.6950131002297,-1.958515613849467,1.8040195497594196,0.7031343989392812,0.4025670065485505
8,230,b,1,11.212965838251366,10.6950131002297,0.22032005890145026,1.0405788798624906,48.57348011566149,0.1792389785630755
8,230,c,1,10.924756793539919,10.6950131002297,-2.5361591402845054,2.2518764574689425,0.33868711634223947,0.4378697102141517
8,231,b,1,10.200316564783828,10.6950131002297,-3.042762360050075,2.0011877510504155,0.06710515703553607,0.5167228370594986
8,231,c,1,10.820463061723485,10.6950131002297,-2.187787501052182,2.070201413749147,0.5290323171567801,0.4092141822889996
8,232,b,1,10.767431657190645,10.6950131002297,-8.124626753610077,4.549978279140506,0.0001234098041053996,0.967399499481994
8,232,c,1,10.943625212083678,10.6950131002297,-1.6245426685202897,1.7548686037210492,1.8660700376601986,0.35351098892755317
8,233,b,1,10.682363801668279,10.6950131002297,-0.31645184267798576,1.177100394116597,25.960299191118565,0.23974866255168562
8,233,c,1,10.615913491224283,10.6950131002297,-1.6309373029445506,1.648309189192774,1.3340583990342458,0.36406232051257464
8,234,b,1,11.099856862685739,10.6950131002297,-7.3115564884978514,4.611577741688895,0.00012340980409880327,0.8639554043265224
8,234,c,1,10.40701479093375,10.6950131002297,-2.197511394790255,1.7266975325378886,0.453048440692741,0.4259846814113019
8,235,b,1,11.300530444690656,10.6950131002297,-2.477422220415293,2.4311392918898918,0.34511898986626827,0.4178650246057113
8,235,c,1,10.58986175440835,10.6950131002297,-2.6525803643823274,2.107114303089377,0.2548795154183126,0.46257501087268504
8,244,b,1,10.128452970617772,10.6950131002297,-3.436318171381825,2.038801445924344,0.06289418390598445,0.5614779212845947
8,244,c,1,11.26861273960529,10.6950131002297,-1.8175854404630738,2.018810875778171,1.2887018418591254,0.3604877400753583
8,245,b,1,10.431955454018187,10.6950131002297,-7.037950430335062,3.8635275263936704,0.00012340980410568546,0.892307275331718
8,245,c,1,10.571511614791682,10.6950131002297,-2.493692929080818,2.1335219208266616,0.25044852177723825,0.4473719368612664
8,246,b,1,11.139733898155155,10.6950131002297,-2.5722981295370895,2.3658530714638655,0.3262114769542687,0.43274896169086435
8,246,c,1,10.623130720676745,10.6950131002297,-2.8140685537936543,2.166905073020232,0.20498430774745355,0.4766004501215328
8,247,b,1,10.8674797317372,10.6950131002297,-2.834485380940217,2.344334566400846,0.4853275173191265,0.4695565646090365
8,247,c,1,10.925592726480216,10.6950131002297,-1.9167137678595578,1.967572284440998,0.806215646365732,0.3801095960112486
8,236,b,1,10.78980397513614,10.6950131002297,0.5948898803350673,0.777107847029709,283.80147660274406,0.15422788633915532
8,236,c,1,10.379291572346547,10.6950131002297,-1.8338492566075169,1.6434525086376803,0.7998745271808877,0.3915528144633148
8,237,b,1,10.937787306546504,10.6950131002297,-3.0784158566737254,2.414668021700809,0.1074684207222226,0.48676232795776814
8,237,c,1,10.342984146993683,10.6950131002297,-2.8783652191721805,2.0353079779643686,0.13911552797303833,0.4950086860203595
8,238,b,1,11.379627670773994,10.6950131002297,-3.287613657645398,2.848709546126579,0.07147856011485516,0.48627260441461334
8,238,c,1,10.983866970090295,10.6950131002297,-2.0807358280985424,1.9410333426522133,0.6687497512369246,0.39343746372097044
8,239,b,1,10.597432995255897,10.6950131002297,-2.663918308887589,2.0922575452418997,0.46322178052914903,0.4647369739954192
8,239,c,1,10.630894358704678,10.6950131002297,-2.321724072611018,1.9758452755466265,0.3915988130606965,0.42901247014111005
8,256,b,1,97.36961592035992,10.6950131002297,-4.221721372679497,7.789689893701411,8021.203545096659,0.06700488655909186
8,256,c,1,11.344565480366871,10.6950131002297,-2.373682370815653,2.2875998872511056,0.5317144578828497,0.40764101704906164
8,257,b,1,10.998697760957503,10.6950131002297,-0.6960063128415064,1.4150898464374881,11.222943929879051,0.26714867520263713
8,257,c,1,10.72520556947877,10.6950131002297,-1.7358911350738437,1.7740209185576767,1.1465636098431544,0.37032250747902723
8,258,b,1,11.231018076449942,10.6950131002297,-1.786312785650304,2.015246472683837,0.828607300340254,0.35743053489693566
8,258,c,1,10.874477182960435,10.6950131002297,-1.671106642454264,1.8226417220346802,1.1513066057129475,0.35888487850593637
8,259,b,1,10.111506035332365,10.6950131002297,-1.9280499804645301,1.6037858179997906,0.5689884044121964,0.4106727927249508
8,259,c,1,10.736137311891929,10.6950131002297,-2.1161844128244187,1.9932154159412891,0.5650484418485257,0.40552954877858877
8,240,b,1,9.78069355781792,10.6950131002297,0.30796100998678266,0.690558008736275,75.87606727248792,0.19746359351804346
8,240,c,1,10.256201838277306,10.6950131002297,-1.884461770652833,1.6327573991996194,0.8299342756075789,0.4016576664154022
8,241,b,1,10.111085561415024,10.6950131002297,-1.2263183918887224,1.2961193796273016,2.6810659553318508,0.34183362137346895
8,241,c,1,10.4811729309158,10.6950131002297,-2.140396671425063,1.8662119772054202,0.538047839208425,0.41770283650676565
8,242,b,1,10.268315240374378,10.6950131002297,0.8049698045972893,0.5955323816569478,259.8704753972059,0.14037306008470754
8,242,c,1,10.026968264007674,10.6950131002297,-1.9165404636175056,1.4495875864810044,0.6160746600599641,0.41320418909895956
8,243,b,1,11.395759535346784,10.6950131002297,0.8051345450511277,0.7821541599648436,229.58474841033618,0.1261546403455704
8,243,c,1,10.814905532085724,10.6950131002297,-1.9961885132987116,1.9207360290869238,0.8245507428548864,0.3918806332376426
8,252,b,1,10.087360203333965,10.6950131002297,-3.1625936763795215,1.9543610838555598,0.1200543282518237,0.5368788245568842
8,252,c,1,9.938832227110296,10.6950131002297,-2.2747728199065094,1.5044649251663298,0.3451962988881172,0.4534185245218252
8,253,b,1,11.315838026147178,10.6950131002297,0.18823669639424412,1.0551674912282536,143.00719639050473,0.18323374133771483
8,253,c,1,11.285106890406274,10.6950131002297,-2.735945867986154,2.6012606022160156,0.3290615379532786,0.44241780656328106
8,254,b,1,10.718612597067791,10.6950131002297,-7.254816773783222,4.158083651558247,0.00012340980411907148,0.8892587021256677
8,254,c,1,10.841777350946785,10.6950131002297,-2.472847550537117,2.1732448659922925,0.3678206340824882,0.4352680890679335
8,255,b,1,10.283266755521307,10.6950131002297,-0.789077378158645,1.175059155959707,7.943453648135523,0.2942989967030879
8,255,c,1,10.294785137790289,10.6950131002297,-2.2489013047153854,1.744065996314031,0.45419599060223975,0.4359534811367492
8,248,b,1,97.03555845189408,10.6950131002297,-6.246305230264227,10.169279209209217,5042.36352986761,0.08810047988058078
8,248,c,1,11.468419713834457,10.6950131002297,-2.1399768316077354,2.1945870083945658,0.8006528820138301,0.3827275071301672
8,249,b,1,10.478064678105007,10.6950131002297,-6.599315063819398,3.674945773656449,0.00012340980466389682,0.8448358134347069
8,249,c,1,10.27518275673694,10.6950131002297,-2.8315115678780476,2.032785518377122,0.14880406395119064,0.4936362342932234
8,250,b,1,10.116606569697353,10.6950131002297,-5.4601151472076594,2.760977605809723,0.0032284614882704737,0.7643241437922698
8,250,c,1,10.52087559168244,10.6950131002297,-2.5960351366472816,2.096752647851629,0.25441720923904704,0.45991575650991695
8,251,b,1,10.568943906579069,10.6950131002297,-1.3248424954645923,1.5344529746765665,10.202728131661262,0.3400245105755149
8,251,c,1,10.815832839832142,10.6950131002297,-1.8913281683902956,1.9126843329294898,1.049882553659622,0.3822405479657997
8,260,b,1,10.916999888992603,10.6950131002297,-5.052212931677317,3.249943772660453,0.005345206395475734,0.67045441233648
8,260,c,1,11.010131927649882,10.6950131002297,-2.379565687419081,2.1422031409021924,0.46580230569568987,0.42026543824774987
8,261,b,1,10.885075843760365,10.6950131002297,-6.924624784735972,4.180803436486068,0.00028272767328974533,0.8455165408148753
8,261,c,1,11.249519662030732,10.6950131002297,-1.817388526850424,2.0015256908904258,1.2370841244440112,0.36097464761618714
8,262,b,1,9.659287919111746,10.6950131002297,1.7897369132850238,0.18447499752445395,6594.05406867014,0.05000013566516826
8,262,c,1,10.668217287954938,10.6950131002297,-2.5116116220911273,2.2243444240685712,0.23336093863986843,0.44488612570595426
8,263,b,1,10.940338615561554,10.6950131002297,-5.482394597031805,3.6284933182401273,0.006231721114834984,0.7096331653931043
8,263,c,1,10.893985542524462,10.6950131002297,-1.95749963940193,1.9234342482780897,0.8745981453695759,0.38543299258447306
8,264,b,1,10.556658847903895,10.6950131002297,-3.3718389812355962,2.440070257840379,0.07415873988459962,0.5326823411622302
8,264,c,1,10.833730375266237,10.6950131002297,-2.5366375697212225,2.270687032508674,0.2964253744539701,0.44124497469533425
8,265,b,1,9.960377623562653,10.6950131002297,-2.268778917382016,1.6117369098160157,0.32593570627206575,0.45158470022319014
8,265,c,1,10.445409992631914,10.6950131002297,-2.5492856380423405,2.010533781045382,0.2506021985279783,0.45844299992927046
8,266,b,1,9.815970415424587,10.6950131002297,-3.353389604694671,1.84580690086913,0.053715654655504416,0.5699735994157471
8,266,c,1,10.204180211609954,10.6950131002297,-2.019685350184688,1.6848088424511671,0.4943755797838617,0.416084898450113
8,267,b,1,10.403437958612244,10.6950131002297,-1.489392801291059,1.5031775778698335,1.3710361909178255,0.3569922800726259
8,267,c,1,10.63017294699805,10.6950131002297,-1.852716424464667,1.8124095531988607,0.7819565269981091,0.38413782403185975
8,276,b,1,11.041141069622508,10.6950131002297,-1.9903528493743323,2.0343970493698826,1.2688063218188423,0.38436061787528525
8,276,c,1,10.643997605217212,10.6950131002297,-2.1777896501905922,1.875449260800703,0.5826739730681095,0.41527966862903937
8,277,b,1,11.02992491808736,10.6950131002297,-1.141121430208219,1.612202030330201,2.946193888848036,0.30537815419233133
8,277,c,1,11.076854420161581,10.6950131002297,-2.007488337065741,2.0515446068444083,0.8781430745257497,0.3838625992249587
8,278,b,1,10.313598026750599,10.6950131002297,1.0289424736977473,0.5075562553997317,1130.3572569960238,0.12022148669818407
8,278,c,1,10.44577722374835,10.6950131002297,-2.152237294126841,1.8432887314002295,0.44552833727347596,0.41971709988008077
8,279,b,1,10.617585175353664,10.6950131002297,-0.7667336350453118,1.395495006213117,9.182196905708535,0.28322848299958236
8,279,c,1,10.928578865353431,10.6950131002297,-2.0348175486399924,2.0884928869735395,0.7645080157428715,0.3913437557326737
8,268,b,1,10.82470410374631,10.6950131002297,-3.692486549924622,2.6094630402625762,0.04257974671037963,0.5493133146158291
8,268,c,1,10.875903973904869,10.6950131002297,-2.6474321479786243,2.2413596099514983,0.2617111717670066,0.44997749985413416
8,269,b,1,9.799693398437418,10.6950131002297,1.0434147191588967,0.43666274307444114,390.6114107410547,0.1225514404605877
8,269,c,1,9.986156802282634,10.6950131002297,-2.13334912124008,1.4902697817549808,0.4911435346807215,0.43735114668613595
8,270,b,1,11.07706783144631,10.6950131002297,-3.483190828765016,2.648406771575809,0.06954144974395489,0.5180600794070955
8,270,c,1,11.727362448652766,10.6950131002297,-1.7321598638313247,2.0950338004983564,1.9221140208736363,0.3396364866912968
8,271,b,1,10.740537498802777,10.6950131002297,-7.325500248892381,4.247495145181072,0.00012340980410649374,0.8941882457280088
8,271,c,1,10.774129402877307,10.6950131002297,-2.0385754530293845,1.996081614183118,0.7270314556325008,0.3971811267842495
8,272,b,1,10.888792771541555,10.6950131002297,-1.251201165695636,1.6868528570422248,5.912574225254909,0.3219913796008937
8,272,c,1,10.90220968878025,10.6950131002297,-1.87896667117864,1.9126084755364112,0.9585338518486959,0.3777522806832012
8,273,b,1,9.855004503233028,10.6950131002297,-0.7849374613307596,1.133615516195356,5.800250170740302,0.3055081563853176
8,273,c,1,10.307422063946253,10.6950131002297,-1.8673031602195167,1.7260747388258935,0.7451162357824913,0.39751448898109426
8,274,b,1,9.9222446571507,10.6950131002297,-4.555599536567015,2.352662814868644,0.0055647835201873335,0.6854401620801964
8,274,c,1,10.018755625868707,10.6950131002297,-3.089455997253665,1.9593161058634863,0.08027783593555718,0.5316961769006197
8,275,b,1,10.489826153368238,10.6950131002297,-5.515943989815177,3.20233644855944,0.0022121294327052607,0.7420403386241129
8,275,c,1,10.31749739240355,10.6950131002297,-2.3979253412173347,1.8444437504206075,0.3053269835438494,0.4491253979560347
8,280,b,1,10.049525532037295,10.6950131002297,-0.4124719473039676,0.9764936441460985,26.22307986498476,0.2649549602004209
8,280,c,1,10.692329798967647,10.6950131002297,-2.53251795757465,2.219318144397781,0.29110533045870124,0.4466219008780795
8,281,b,1,11.137847164198266,10.6950131002297,-0.7426926978228057,1.539165381103972,8.77458788468929,0.26757326412544286
8,281,c,1,10.297082888092124,10.6950131002297,-2.331967337709206,1.767318445225611,0.36928518360594953,0.44379613295277587
8,282,b,1,10.170411146962758,10.6950131002297,-2.917225222884236,1.9263502258021894,0.11104532724659849,0.5067689561109344
8,282,c,1,10.600122158936225,10.6950131002297,-2.513113007971443,2.0644353364636823,0.2604942971718621,0.4482382613335099
8,283,b,1,10.175422913631175,10.6950131002297,-4.8287203824789335,2.5038647813303134,0.0047089141354330006,0.6961954369988497
8,283,c,1,10.727859487509566,10.6950131002297,-2.2386515519531556,1.9994106465740134,0.6889677931907138,0.41846136178523946
8,284,b,1,10.783560689165002,10.6950131002297,-4.397413543617462,3.0213691463366534,0.024964675382251545,0.6183883266599398
8,284,c,1,10.728763674905139,10.6950131002297,-2.046374566475202,1.9331335644187755,0.6652271528114472,0.39937244833938107
8,285,b,1,10.30359195559504,10.6950131002297,-1.7285356134990923,1.6020521137970687,1.1018678536502984,0.38458324135043825
8,285,c,1,10.248829311058977,10.6950131002297,-1.489994165887602,1.5005421673832422,1.1881784415119747,0.36187669090777375
8,286,b,1,10.521256096132792,10.6950131002297,-3.0353287606444406,2.3234204525125257,0.08256363141444942,0.500904516779089
8,286,c,1,10.880162622154899,10.6950131002297,-2.513797077303042,2.258028792411813,0.29842852195128705,0.4371562289889804
8,287,b,1,11.118097735666622,10.6950131002297,-7.741258817735666,4.839015881665616,0.00013385520812666746,0.9020089292209776
8,287,c,1,10.256301708206998,10.6950131002297,-1.70718529056043,1.4888132484755714,1.1196388717099492,0.38418504743393356
8,296,b,1,10.516389610032295,10.6950131002297,-0.3631664062025025,1.0797816645285803,38.05319856786796,0.24914117499679617
8,296,c,1,10.849246718947047,10.6950131002297,-1.6350919223517517,1.7930265864546158,1.3280692815647546,0.3566274643685342
8,297,b,1,10.956495910941339,10.6950131002297,-7.204917165092707,4.34505222244764,0.00012340980429816268,0.8652767185663564
8,297,c,1,10.94655082942992,10.6950131002297,-1.7253434404860128,1.7914528900749718,1.2382087013529768,0.36203839334098203
8,298,b,1,10.548748298793326,10.6950131002297,-7.438912942145912,3.907197936641409,0.00012340980412937262,0.9214411404696343
8,298,c,1,10.370026940149419,10.6950131002297,-1.7184149258048118,1.5669100562468095,1.1335890256780587,0.381170309009662
8,299,b,1,11.130498523715332,10.6950131002297,-1.0931851487846185,1.6587469516159723,2.7688930421983913,0.2977556412530098
8,299,c,1,10.629744423658634,10.6950131002297,-1.7264247698319366,1.7229907793534276,1.0890713680461699,0.37253304498640244
8,288,b,1,10.203889125249702,10.6950131002297,1.7593309729377886,0.219430740878929,8103.083781101138,0.05067719176711038
8,288,c,1,11.004629714066402,10.6950131002297,-2.199747968638798,2.2076565279102915,0.5800831310949794,0.4037726673955771
8,289,b,1,11.104492131580141,10.6950131002297,-1.3000282526514533,1.6397269601137128,4.176968003824238,0.3195626139131285
8,289,c,1,11.110465242268356,10.6950131002297,-2.596114669203372,2.3271129267615085,0.30950122208566755,0.4360204973791969
8,290,b,1,92.00463654399042,10.6950131002297,-6.06100882823333,9.919564225201288,3060.930946660394,0.09090386259954665
8,290,c,1,11.66849908338554,10.6950131002297,-1.5587556401163036,2.013383772379205,2.4681421680625864,0.3262693291216318
8,291,b,1,10.844746744669965,10.6950131002297,-1.2733880786487415,1.6263529063135256,12.134157901006017,0.32674004151656694
8,291,c,1,11.395939517038034,10.6950131002297,-2.0382852432259337,2.2340952994742347,1.0034758003894009,0.3762903238758252
8,292,b,1,10.76499744100944,10.6950131002297,0.012337329295614086,1.04938410021267,21.35317850536389,0.20450419627623875
8,292,c,1,10.711768096238737,10.6950131002297,-1.7152968841598137,1.8019088015811258,1.0316239880902225,0.3683904213507303
8,293,b,1,10.334043901059198,10.6950131002297,-0.5939052557900746,1.1367648640139774,19.270855450661866,0.27535406856951494
8,293,c,1,10.736836741046071,10.6950131002297,-2.6483117764226884,2.232922508882849,0.3025956336436725,0.4562576955717381
8,294,b,1,10.425759526091893,10.6950131002297,1.7432455396705064,0.25624294340460607,3705.437016177529,0.05000000483215565
8,294,c,1,10.120649646569685,10.6950131002297,-2.0444013072061953,1.576993075621563,0.5212039504572766,0.4223376676329738
8,295,b,1,10.556357130181668,10.6950131002297,-0.6707726151228882,1.253623496416788,12.554785073282126,0.27612598644815417
8,295,c,1,10.618576584227444,10.6950131002297,-2.3227238706329794,2.027523888435035,0.362508308966635,0.4293751844891365
